[5.039s] [34mcolcon[0m [1;30mDEBUG[0m [32mCommand line arguments: ['C:\\Users\\SirSi\\robostack\\.pixi\\envs\\jazzy\\Scripts\\colcon', 'build'][0m
[5.039s] [34mcolcon[0m [1;30mDEBUG[0m [32mParsed command line arguments: Namespace(log_base=None, log_level=None, verb_name='build', build_base='build', install_base='install', merge_install=False, symlink_install=False, test_result_base=None, continue_on_error=False, executor='parallel', parallel_workers=20, event_handlers=None, ignore_user_meta=False, metas=['./colcon.meta'], base_paths=['.'], packages_ignore=None, packages_ignore_regex=None, paths=None, packages_up_to=None, packages_up_to_regex=None, packages_above=None, packages_above_and_dependencies=None, packages_above_depth=None, packages_select_by_dep=None, packages_skip_by_dep=None, packages_skip_up_to=None, packages_select_build_failed=False, packages_skip_build_finished=False, packages_select_test_failures=False, packages_skip_test_passed=False, packages_select=None, packages_skip=None, packages_select_regex=None, packages_skip_regex=None, packages_start=None, packages_end=None, cmake_args=None, cmake_target=None, cmake_target_skip_unavailable=False, cmake_clean_cache=False, cmake_clean_first=False, cmake_force_configure=False, ament_cmake_args=None, catkin_cmake_args=None, catkin_skip_building_tests=False, verb_parser=<colcon_defaults.argument_parser.defaults.DefaultArgumentsDecorator object at 0x000001FFA1762900>, verb_extension=<colcon_core.verb.build.BuildVerb object at 0x000001FFA0ED0650>, main=<bound method BuildVerb.main of <colcon_core.verb.build.BuildVerb object at 0x000001FFA0ED0650>>)[0m
[7.020s] [34mcolcon.colcon_core.package_discovery[0m [1;30mLevel 1[0m discover_packages(colcon_meta) check parameters
[7.020s] [34mcolcon.colcon_core.package_discovery[0m [1;30mLevel 1[0m discover_packages(recursive) check parameters
[7.020s] [34mcolcon.colcon_core.package_discovery[0m [1;30mLevel 1[0m discover_packages(ignore) check parameters
[7.020s] [34mcolcon.colcon_core.package_discovery[0m [1;30mLevel 1[0m discover_packages(path) check parameters
[7.020s] [34mcolcon.colcon_core.package_discovery[0m [1;30mLevel 1[0m discover_packages(colcon_meta) discover
[7.020s] [34mcolcon.colcon_core.package_discovery[0m [1;30mLevel 1[0m discover_packages(recursive) discover
[7.020s] [34mcolcon.colcon_core.package_discovery[0m [1;30mINFO[0m Crawling recursively for packages in 'D:\BAM\AE403-BAM'
[7.021s] [34mcolcon.colcon_core.package_identification[0m [1;30mLevel 1[0m _identify(.) by extensions ['ignore', 'ignore_ament_install']
[7.021s] [34mcolcon.colcon_core.package_identification[0m [1;30mLevel 1[0m _identify(.) by extension 'ignore'
[7.021s] [34mcolcon.colcon_core.package_identification[0m [1;30mLevel 1[0m _identify(.) by extension 'ignore_ament_install'
[7.021s] [34mcolcon.colcon_core.package_identification[0m [1;30mLevel 1[0m _identify(.) by extensions ['colcon_pkg']
[7.021s] [34mcolcon.colcon_core.package_identification[0m [1;30mLevel 1[0m _identify(.) by extension 'colcon_pkg'
[7.021s] [34mcolcon.colcon_core.package_identification[0m [1;30mLevel 1[0m _identify(.) by extensions ['colcon_meta']
[7.021s] [34mcolcon.colcon_core.package_identification[0m [1;30mLevel 1[0m _identify(.) by extension 'colcon_meta'
[7.021s] [34mcolcon.colcon_core.package_identification[0m [1;30mLevel 1[0m _identify(.) by extensions ['ros']
[7.021s] [34mcolcon.colcon_core.package_identification[0m [1;30mLevel 1[0m _identify(.) by extension 'ros'
[7.548s] [34mcolcon.colcon_core.package_identification[0m [1;30mLevel 1[0m _identify(.) by extensions ['cmake', 'python']
[7.549s] [34mcolcon.colcon_core.package_identification[0m [1;30mLevel 1[0m _identify(.) by extension 'cmake'
[7.549s] [34mcolcon.colcon_core.package_identification[0m [1;30mLevel 1[0m _identify(.) by extension 'python'
[7.549s] [34mcolcon.colcon_core.package_identification[0m [1;30mLevel 1[0m _identify(.) by extensions ['python_setup_py']
[7.549s] [34mcolcon.colcon_core.package_identification[0m [1;30mLevel 1[0m _identify(.) by extension 'python_setup_py'
[7.550s] [34mcolcon.colcon_core.package_identification[0m [1;30mLevel 1[0m _identify(AeroProp) by extensions ['ignore', 'ignore_ament_install']
[7.550s] [34mcolcon.colcon_core.package_identification[0m [1;30mLevel 1[0m _identify(AeroProp) by extension 'ignore'
[7.550s] [34mcolcon.colcon_core.package_identification[0m [1;30mLevel 1[0m _identify(AeroProp) by extension 'ignore_ament_install'
[7.550s] [34mcolcon.colcon_core.package_identification[0m [1;30mLevel 1[0m _identify(AeroProp) by extensions ['colcon_pkg']
[7.550s] [34mcolcon.colcon_core.package_identification[0m [1;30mLevel 1[0m _identify(AeroProp) by extension 'colcon_pkg'
[7.550s] [34mcolcon.colcon_core.package_identification[0m [1;30mLevel 1[0m _identify(AeroProp) by extensions ['colcon_meta']
[7.550s] [34mcolcon.colcon_core.package_identification[0m [1;30mLevel 1[0m _identify(AeroProp) by extension 'colcon_meta'
[7.550s] [34mcolcon.colcon_core.package_identification[0m [1;30mLevel 1[0m _identify(AeroProp) by extensions ['ros']
[7.550s] [34mcolcon.colcon_core.package_identification[0m [1;30mLevel 1[0m _identify(AeroProp) by extension 'ros'
[7.551s] [34mcolcon.colcon_core.package_identification[0m [1;30mLevel 1[0m _identify(AeroProp) by extensions ['cmake', 'python']
[7.551s] [34mcolcon.colcon_core.package_identification[0m [1;30mLevel 1[0m _identify(AeroProp) by extension 'cmake'
[7.551s] [34mcolcon.colcon_core.package_identification[0m [1;30mLevel 1[0m _identify(AeroProp) by extension 'python'
[7.551s] [34mcolcon.colcon_core.package_identification[0m [1;30mLevel 1[0m _identify(AeroProp) by extensions ['python_setup_py']
[7.551s] [34mcolcon.colcon_core.package_identification[0m [1;30mLevel 1[0m _identify(AeroProp) by extension 'python_setup_py'
[7.551s] [34mcolcon.colcon_core.package_identification[0m [1;30mLevel 1[0m _identify(AutoCodeModels) by extensions ['ignore', 'ignore_ament_install']
[7.552s] [34mcolcon.colcon_core.package_identification[0m [1;30mLevel 1[0m _identify(AutoCodeModels) by extension 'ignore'
[7.552s] [34mcolcon.colcon_core.package_identification[0m [1;30mLevel 1[0m _identify(AutoCodeModels) by extension 'ignore_ament_install'
[7.552s] [34mcolcon.colcon_core.package_identification[0m [1;30mLevel 1[0m _identify(AutoCodeModels) by extensions ['colcon_pkg']
[7.552s] [34mcolcon.colcon_core.package_identification[0m [1;30mLevel 1[0m _identify(AutoCodeModels) by extension 'colcon_pkg'
[7.552s] [34mcolcon.colcon_core.package_identification[0m [1;30mLevel 1[0m _identify(AutoCodeModels) by extensions ['colcon_meta']
[7.552s] [34mcolcon.colcon_core.package_identification[0m [1;30mLevel 1[0m _identify(AutoCodeModels) by extension 'colcon_meta'
[7.552s] [34mcolcon.colcon_core.package_identification[0m [1;30mLevel 1[0m _identify(AutoCodeModels) by extensions ['ros']
[7.552s] [34mcolcon.colcon_core.package_identification[0m [1;30mLevel 1[0m _identify(AutoCodeModels) by extension 'ros'
[7.552s] [34mcolcon.colcon_core.package_identification[0m [1;30mLevel 1[0m _identify(AutoCodeModels) by extensions ['cmake', 'python']
[7.552s] [34mcolcon.colcon_core.package_identification[0m [1;30mLevel 1[0m _identify(AutoCodeModels) by extension 'cmake'
[7.552s] [34mcolcon.colcon_core.package_identification[0m [1;30mLevel 1[0m _identify(AutoCodeModels) by extension 'python'
[7.552s] [34mcolcon.colcon_core.package_identification[0m [1;30mLevel 1[0m _identify(AutoCodeModels) by extensions ['python_setup_py']
[7.552s] [34mcolcon.colcon_core.package_identification[0m [1;30mLevel 1[0m _identify(AutoCodeModels) by extension 'python_setup_py'
[7.553s] [34mcolcon.colcon_core.package_identification[0m [1;30mLevel 1[0m _identify(AutoCodeModels\examples) by extensions ['ignore', 'ignore_ament_install']
[7.553s] [34mcolcon.colcon_core.package_identification[0m [1;30mLevel 1[0m _identify(AutoCodeModels\examples) by extension 'ignore'
[7.553s] [34mcolcon.colcon_core.package_identification[0m [1;30mLevel 1[0m _identify(AutoCodeModels\examples) by extension 'ignore_ament_install'
[7.553s] [34mcolcon.colcon_core.package_identification[0m [1;30mLevel 1[0m _identify(AutoCodeModels\examples) by extensions ['colcon_pkg']
[7.553s] [34mcolcon.colcon_core.package_identification[0m [1;30mLevel 1[0m _identify(AutoCodeModels\examples) by extension 'colcon_pkg'
[7.553s] [34mcolcon.colcon_core.package_identification[0m [1;30mLevel 1[0m _identify(AutoCodeModels\examples) by extensions ['colcon_meta']
[7.553s] [34mcolcon.colcon_core.package_identification[0m [1;30mLevel 1[0m _identify(AutoCodeModels\examples) by extension 'colcon_meta'
[7.553s] [34mcolcon.colcon_core.package_identification[0m [1;30mLevel 1[0m _identify(AutoCodeModels\examples) by extensions ['ros']
[7.553s] [34mcolcon.colcon_core.package_identification[0m [1;30mLevel 1[0m _identify(AutoCodeModels\examples) by extension 'ros'
[7.553s] [34mcolcon.colcon_core.package_identification[0m [1;30mLevel 1[0m _identify(AutoCodeModels\examples) by extensions ['cmake', 'python']
[7.554s] [34mcolcon.colcon_core.package_identification[0m [1;30mLevel 1[0m _identify(AutoCodeModels\examples) by extension 'cmake'
[7.554s] [34mcolcon.colcon_core.package_identification[0m [1;30mLevel 1[0m _identify(AutoCodeModels\examples) by extension 'python'
[7.554s] [34mcolcon.colcon_core.package_identification[0m [1;30mLevel 1[0m _identify(AutoCodeModels\examples) by extensions ['python_setup_py']
[7.554s] [34mcolcon.colcon_core.package_identification[0m [1;30mLevel 1[0m _identify(AutoCodeModels\examples) by extension 'python_setup_py'
[7.554s] [34mcolcon.colcon_core.package_identification[0m [1;30mLevel 1[0m _identify(AutoCodeModels\examples\BatchProcessing) by extensions ['ignore', 'ignore_ament_install']
[7.554s] [34mcolcon.colcon_core.package_identification[0m [1;30mLevel 1[0m _identify(AutoCodeModels\examples\BatchProcessing) by extension 'ignore'
[7.554s] [34mcolcon.colcon_core.package_identification[0m [1;30mLevel 1[0m _identify(AutoCodeModels\examples\BatchProcessing) by extension 'ignore_ament_install'
[7.554s] [34mcolcon.colcon_core.package_identification[0m [1;30mLevel 1[0m _identify(AutoCodeModels\examples\BatchProcessing) by extensions ['colcon_pkg']
[7.554s] [34mcolcon.colcon_core.package_identification[0m [1;30mLevel 1[0m _identify(AutoCodeModels\examples\BatchProcessing) by extension 'colcon_pkg'
[7.554s] [34mcolcon.colcon_core.package_identification[0m [1;30mLevel 1[0m _identify(AutoCodeModels\examples\BatchProcessing) by extensions ['colcon_meta']
[7.554s] [34mcolcon.colcon_core.package_identification[0m [1;30mLevel 1[0m _identify(AutoCodeModels\examples\BatchProcessing) by extension 'colcon_meta'
[7.554s] [34mcolcon.colcon_core.package_identification[0m [1;30mLevel 1[0m _identify(AutoCodeModels\examples\BatchProcessing) by extensions ['ros']
[7.554s] [34mcolcon.colcon_core.package_identification[0m [1;30mLevel 1[0m _identify(AutoCodeModels\examples\BatchProcessing) by extension 'ros'
[7.554s] [34mcolcon.colcon_core.package_identification[0m [1;30mLevel 1[0m _identify(AutoCodeModels\examples\BatchProcessing) by extensions ['cmake', 'python']
[7.554s] [34mcolcon.colcon_core.package_identification[0m [1;30mLevel 1[0m _identify(AutoCodeModels\examples\BatchProcessing) by extension 'cmake'
[7.555s] [34mcolcon.colcon_core.package_identification[0m [1;30mLevel 1[0m _identify(AutoCodeModels\examples\BatchProcessing) by extension 'python'
[7.555s] [34mcolcon.colcon_core.package_identification[0m [1;30mLevel 1[0m _identify(AutoCodeModels\examples\BatchProcessing) by extensions ['python_setup_py']
[7.555s] [34mcolcon.colcon_core.package_identification[0m [1;30mLevel 1[0m _identify(AutoCodeModels\examples\BatchProcessing) by extension 'python_setup_py'
[7.555s] [34mcolcon.colcon_core.package_identification[0m [1;30mLevel 1[0m _identify(AutoCodeModels\src) by extensions ['ignore', 'ignore_ament_install']
[7.555s] [34mcolcon.colcon_core.package_identification[0m [1;30mLevel 1[0m _identify(AutoCodeModels\src) by extension 'ignore'
[7.555s] [34mcolcon.colcon_core.package_identification[0m [1;30mLevel 1[0m _identify(AutoCodeModels\src) by extension 'ignore_ament_install'
[7.555s] [34mcolcon.colcon_core.package_identification[0m [1;30mLevel 1[0m _identify(AutoCodeModels\src) by extensions ['colcon_pkg']
[7.555s] [34mcolcon.colcon_core.package_identification[0m [1;30mLevel 1[0m _identify(AutoCodeModels\src) by extension 'colcon_pkg'
[7.555s] [34mcolcon.colcon_core.package_identification[0m [1;30mLevel 1[0m _identify(AutoCodeModels\src) by extensions ['colcon_meta']
[7.555s] [34mcolcon.colcon_core.package_identification[0m [1;30mLevel 1[0m _identify(AutoCodeModels\src) by extension 'colcon_meta'
[7.555s] [34mcolcon.colcon_core.package_identification[0m [1;30mLevel 1[0m _identify(AutoCodeModels\src) by extensions ['ros']
[7.555s] [34mcolcon.colcon_core.package_identification[0m [1;30mLevel 1[0m _identify(AutoCodeModels\src) by extension 'ros'
[7.556s] [34mcolcon.colcon_core.package_identification[0m [1;30mLevel 1[0m _identify(AutoCodeModels\src) by extensions ['cmake', 'python']
[7.556s] [34mcolcon.colcon_core.package_identification[0m [1;30mLevel 1[0m _identify(AutoCodeModels\src) by extension 'cmake'
[7.556s] [34mcolcon.colcon_core.package_identification[0m [1;30mLevel 1[0m _identify(AutoCodeModels\src) by extension 'python'
[7.556s] [34mcolcon.colcon_core.package_identification[0m [1;30mLevel 1[0m _identify(AutoCodeModels\src) by extensions ['python_setup_py']
[7.556s] [34mcolcon.colcon_core.package_identification[0m [1;30mLevel 1[0m _identify(AutoCodeModels\src) by extension 'python_setup_py'
[7.556s] [34mcolcon.colcon_core.package_identification[0m [1;30mLevel 1[0m _identify(AutoCodeModels\utilities) by extensions ['ignore', 'ignore_ament_install']
[7.556s] [34mcolcon.colcon_core.package_identification[0m [1;30mLevel 1[0m _identify(AutoCodeModels\utilities) by extension 'ignore'
[7.556s] [34mcolcon.colcon_core.package_identification[0m [1;30mLevel 1[0m _identify(AutoCodeModels\utilities) by extension 'ignore_ament_install'
[7.556s] [34mcolcon.colcon_core.package_identification[0m [1;30mLevel 1[0m _identify(AutoCodeModels\utilities) by extensions ['colcon_pkg']
[7.556s] [34mcolcon.colcon_core.package_identification[0m [1;30mLevel 1[0m _identify(AutoCodeModels\utilities) by extension 'colcon_pkg'
[7.556s] [34mcolcon.colcon_core.package_identification[0m [1;30mLevel 1[0m _identify(AutoCodeModels\utilities) by extensions ['colcon_meta']
[7.556s] [34mcolcon.colcon_core.package_identification[0m [1;30mLevel 1[0m _identify(AutoCodeModels\utilities) by extension 'colcon_meta'
[7.557s] [34mcolcon.colcon_core.package_identification[0m [1;30mLevel 1[0m _identify(AutoCodeModels\utilities) by extensions ['ros']
[7.557s] [34mcolcon.colcon_core.package_identification[0m [1;30mLevel 1[0m _identify(AutoCodeModels\utilities) by extension 'ros'
[7.557s] [34mcolcon.colcon_core.package_identification[0m [1;30mLevel 1[0m _identify(AutoCodeModels\utilities) by extensions ['cmake', 'python']
[7.557s] [34mcolcon.colcon_core.package_identification[0m [1;30mLevel 1[0m _identify(AutoCodeModels\utilities) by extension 'cmake'
[7.557s] [34mcolcon.colcon_core.package_identification[0m [1;30mLevel 1[0m _identify(AutoCodeModels\utilities) by extension 'python'
[7.557s] [34mcolcon.colcon_core.package_identification[0m [1;30mLevel 1[0m _identify(AutoCodeModels\utilities) by extensions ['python_setup_py']
[7.557s] [34mcolcon.colcon_core.package_identification[0m [1;30mLevel 1[0m _identify(AutoCodeModels\utilities) by extension 'python_setup_py'
[7.558s] [34mcolcon.colcon_core.package_identification[0m [1;30mLevel 1[0m _identify(BamEcho) by extensions ['ignore', 'ignore_ament_install']
[7.558s] [34mcolcon.colcon_core.package_identification[0m [1;30mLevel 1[0m _identify(BamEcho) by extension 'ignore'
[7.558s] [34mcolcon.colcon_core.package_identification[0m [1;30mLevel 1[0m _identify(BamEcho) by extension 'ignore_ament_install'
[7.558s] [34mcolcon.colcon_core.package_identification[0m [1;30mLevel 1[0m _identify(BamEcho) by extensions ['colcon_pkg']
[7.558s] [34mcolcon.colcon_core.package_identification[0m [1;30mLevel 1[0m _identify(BamEcho) by extension 'colcon_pkg'
[7.558s] [34mcolcon.colcon_core.package_identification[0m [1;30mLevel 1[0m _identify(BamEcho) by extensions ['colcon_meta']
[7.558s] [34mcolcon.colcon_core.package_identification[0m [1;30mLevel 1[0m _identify(BamEcho) by extension 'colcon_meta'
[7.558s] [34mcolcon.colcon_core.package_identification[0m [1;30mLevel 1[0m _identify(BamEcho) by extensions ['ros']
[7.558s] [34mcolcon.colcon_core.package_identification[0m [1;30mLevel 1[0m _identify(BamEcho) by extension 'ros'
[7.558s] [34mcolcon.colcon_core.package_identification[0m [1;30mLevel 1[0m _identify(BamEcho) by extensions ['cmake', 'python']
[7.558s] [34mcolcon.colcon_core.package_identification[0m [1;30mLevel 1[0m _identify(BamEcho) by extension 'cmake'
[7.558s] [34mcolcon.colcon_core.package_identification[0m [1;30mLevel 1[0m _identify(BamEcho) by extension 'python'
[7.558s] [34mcolcon.colcon_core.package_identification[0m [1;30mLevel 1[0m _identify(BamEcho) by extensions ['python_setup_py']
[7.558s] [34mcolcon.colcon_core.package_identification[0m [1;30mLevel 1[0m _identify(BamEcho) by extension 'python_setup_py'
[7.559s] [34mcolcon.colcon_core.package_identification[0m [1;30mLevel 1[0m _identify(BamEcho\AirsimJsonExamples) by extensions ['ignore', 'ignore_ament_install']
[7.559s] [34mcolcon.colcon_core.package_identification[0m [1;30mLevel 1[0m _identify(BamEcho\AirsimJsonExamples) by extension 'ignore'
[7.559s] [34mcolcon.colcon_core.package_identification[0m [1;30mLevel 1[0m _identify(BamEcho\AirsimJsonExamples) by extension 'ignore_ament_install'
[7.559s] [34mcolcon.colcon_core.package_identification[0m [1;30mLevel 1[0m _identify(BamEcho\AirsimJsonExamples) by extensions ['colcon_pkg']
[7.559s] [34mcolcon.colcon_core.package_identification[0m [1;30mLevel 1[0m _identify(BamEcho\AirsimJsonExamples) by extension 'colcon_pkg'
[7.559s] [34mcolcon.colcon_core.package_identification[0m [1;30mLevel 1[0m _identify(BamEcho\AirsimJsonExamples) by extensions ['colcon_meta']
[7.559s] [34mcolcon.colcon_core.package_identification[0m [1;30mLevel 1[0m _identify(BamEcho\AirsimJsonExamples) by extension 'colcon_meta'
[7.559s] [34mcolcon.colcon_core.package_identification[0m [1;30mLevel 1[0m _identify(BamEcho\AirsimJsonExamples) by extensions ['ros']
[7.559s] [34mcolcon.colcon_core.package_identification[0m [1;30mLevel 1[0m _identify(BamEcho\AirsimJsonExamples) by extension 'ros'
[7.559s] [34mcolcon.colcon_core.package_identification[0m [1;30mLevel 1[0m _identify(BamEcho\AirsimJsonExamples) by extensions ['cmake', 'python']
[7.559s] [34mcolcon.colcon_core.package_identification[0m [1;30mLevel 1[0m _identify(BamEcho\AirsimJsonExamples) by extension 'cmake'
[7.559s] [34mcolcon.colcon_core.package_identification[0m [1;30mLevel 1[0m _identify(BamEcho\AirsimJsonExamples) by extension 'python'
[7.559s] [34mcolcon.colcon_core.package_identification[0m [1;30mLevel 1[0m _identify(BamEcho\AirsimJsonExamples) by extensions ['python_setup_py']
[7.559s] [34mcolcon.colcon_core.package_identification[0m [1;30mLevel 1[0m _identify(BamEcho\AirsimJsonExamples) by extension 'python_setup_py'
[7.560s] [34mcolcon.colcon_core.package_identification[0m [1;30mLevel 1[0m _identify(BamEcho\ExampleMedia) by extensions ['ignore', 'ignore_ament_install']
[7.560s] [34mcolcon.colcon_core.package_identification[0m [1;30mLevel 1[0m _identify(BamEcho\ExampleMedia) by extension 'ignore'
[7.560s] [34mcolcon.colcon_core.package_identification[0m [1;30mLevel 1[0m _identify(BamEcho\ExampleMedia) by extension 'ignore_ament_install'
[7.560s] [34mcolcon.colcon_core.package_identification[0m [1;30mLevel 1[0m _identify(BamEcho\ExampleMedia) by extensions ['colcon_pkg']
[7.560s] [34mcolcon.colcon_core.package_identification[0m [1;30mLevel 1[0m _identify(BamEcho\ExampleMedia) by extension 'colcon_pkg'
[7.560s] [34mcolcon.colcon_core.package_identification[0m [1;30mLevel 1[0m _identify(BamEcho\ExampleMedia) by extensions ['colcon_meta']
[7.560s] [34mcolcon.colcon_core.package_identification[0m [1;30mLevel 1[0m _identify(BamEcho\ExampleMedia) by extension 'colcon_meta'
[7.560s] [34mcolcon.colcon_core.package_identification[0m [1;30mLevel 1[0m _identify(BamEcho\ExampleMedia) by extensions ['ros']
[7.560s] [34mcolcon.colcon_core.package_identification[0m [1;30mLevel 1[0m _identify(BamEcho\ExampleMedia) by extension 'ros'
[7.560s] [34mcolcon.colcon_core.package_identification[0m [1;30mLevel 1[0m _identify(BamEcho\ExampleMedia) by extensions ['cmake', 'python']
[7.560s] [34mcolcon.colcon_core.package_identification[0m [1;30mLevel 1[0m _identify(BamEcho\ExampleMedia) by extension 'cmake'
[7.560s] [34mcolcon.colcon_core.package_identification[0m [1;30mLevel 1[0m _identify(BamEcho\ExampleMedia) by extension 'python'
[7.560s] [34mcolcon.colcon_core.package_identification[0m [1;30mLevel 1[0m _identify(BamEcho\ExampleMedia) by extensions ['python_setup_py']
[7.560s] [34mcolcon.colcon_core.package_identification[0m [1;30mLevel 1[0m _identify(BamEcho\ExampleMedia) by extension 'python_setup_py'
[7.561s] [34mcolcon.colcon_core.package_identification[0m [1;30mLevel 1[0m _identify(BamEcho\UnrealAssets) by extensions ['ignore', 'ignore_ament_install']
[7.561s] [34mcolcon.colcon_core.package_identification[0m [1;30mLevel 1[0m _identify(BamEcho\UnrealAssets) by extension 'ignore'
[7.561s] [34mcolcon.colcon_core.package_identification[0m [1;30mLevel 1[0m _identify(BamEcho\UnrealAssets) by extension 'ignore_ament_install'
[7.561s] [34mcolcon.colcon_core.package_identification[0m [1;30mLevel 1[0m _identify(BamEcho\UnrealAssets) by extensions ['colcon_pkg']
[7.561s] [34mcolcon.colcon_core.package_identification[0m [1;30mLevel 1[0m _identify(BamEcho\UnrealAssets) by extension 'colcon_pkg'
[7.561s] [34mcolcon.colcon_core.package_identification[0m [1;30mLevel 1[0m _identify(BamEcho\UnrealAssets) by extensions ['colcon_meta']
[7.561s] [34mcolcon.colcon_core.package_identification[0m [1;30mLevel 1[0m _identify(BamEcho\UnrealAssets) by extension 'colcon_meta'
[7.561s] [34mcolcon.colcon_core.package_identification[0m [1;30mLevel 1[0m _identify(BamEcho\UnrealAssets) by extensions ['ros']
[7.561s] [34mcolcon.colcon_core.package_identification[0m [1;30mLevel 1[0m _identify(BamEcho\UnrealAssets) by extension 'ros'
[7.561s] [34mcolcon.colcon_core.package_identification[0m [1;30mLevel 1[0m _identify(BamEcho\UnrealAssets) by extensions ['cmake', 'python']
[7.561s] [34mcolcon.colcon_core.package_identification[0m [1;30mLevel 1[0m _identify(BamEcho\UnrealAssets) by extension 'cmake'
[7.561s] [34mcolcon.colcon_core.package_identification[0m [1;30mLevel 1[0m _identify(BamEcho\UnrealAssets) by extension 'python'
[7.562s] [34mcolcon.colcon_core.package_identification[0m [1;30mLevel 1[0m _identify(BamEcho\UnrealAssets) by extensions ['python_setup_py']
[7.562s] [34mcolcon.colcon_core.package_identification[0m [1;30mLevel 1[0m _identify(BamEcho\UnrealAssets) by extension 'python_setup_py'
[7.562s] [34mcolcon.colcon_core.package_identification[0m [1;30mLevel 1[0m _identify(Bez_Functions) by extensions ['ignore', 'ignore_ament_install']
[7.562s] [34mcolcon.colcon_core.package_identification[0m [1;30mLevel 1[0m _identify(Bez_Functions) by extension 'ignore'
[7.562s] [34mcolcon.colcon_core.package_identification[0m [1;30mLevel 1[0m _identify(Bez_Functions) by extension 'ignore_ament_install'
[7.562s] [34mcolcon.colcon_core.package_identification[0m [1;30mLevel 1[0m _identify(Bez_Functions) by extensions ['colcon_pkg']
[7.562s] [34mcolcon.colcon_core.package_identification[0m [1;30mLevel 1[0m _identify(Bez_Functions) by extension 'colcon_pkg'
[7.562s] [34mcolcon.colcon_core.package_identification[0m [1;30mLevel 1[0m _identify(Bez_Functions) by extensions ['colcon_meta']
[7.562s] [34mcolcon.colcon_core.package_identification[0m [1;30mLevel 1[0m _identify(Bez_Functions) by extension 'colcon_meta'
[7.563s] [34mcolcon.colcon_core.package_identification[0m [1;30mLevel 1[0m _identify(Bez_Functions) by extensions ['ros']
[7.563s] [34mcolcon.colcon_core.package_identification[0m [1;30mLevel 1[0m _identify(Bez_Functions) by extension 'ros'
[7.563s] [34mcolcon.colcon_core.package_identification[0m [1;30mLevel 1[0m _identify(Bez_Functions) by extensions ['cmake', 'python']
[7.563s] [34mcolcon.colcon_core.package_identification[0m [1;30mLevel 1[0m _identify(Bez_Functions) by extension 'cmake'
[7.563s] [34mcolcon.colcon_core.package_identification[0m [1;30mLevel 1[0m _identify(Bez_Functions) by extension 'python'
[7.563s] [34mcolcon.colcon_core.package_identification[0m [1;30mLevel 1[0m _identify(Bez_Functions) by extensions ['python_setup_py']
[7.563s] [34mcolcon.colcon_core.package_identification[0m [1;30mLevel 1[0m _identify(Bez_Functions) by extension 'python_setup_py'
[7.563s] [34mcolcon.colcon_core.package_identification[0m [1;30mLevel 1[0m _identify(ChallengeProblem) by extensions ['ignore', 'ignore_ament_install']
[7.564s] [34mcolcon.colcon_core.package_identification[0m [1;30mLevel 1[0m _identify(ChallengeProblem) by extension 'ignore'
[7.564s] [34mcolcon.colcon_core.package_identification[0m [1;30mLevel 1[0m _identify(ChallengeProblem) by extension 'ignore_ament_install'
[7.564s] [34mcolcon.colcon_core.package_identification[0m [1;30mLevel 1[0m _identify(ChallengeProblem) by extensions ['colcon_pkg']
[7.564s] [34mcolcon.colcon_core.package_identification[0m [1;30mLevel 1[0m _identify(ChallengeProblem) by extension 'colcon_pkg'
[7.564s] [34mcolcon.colcon_core.package_identification[0m [1;30mLevel 1[0m _identify(ChallengeProblem) by extensions ['colcon_meta']
[7.564s] [34mcolcon.colcon_core.package_identification[0m [1;30mLevel 1[0m _identify(ChallengeProblem) by extension 'colcon_meta'
[7.564s] [34mcolcon.colcon_core.package_identification[0m [1;30mLevel 1[0m _identify(ChallengeProblem) by extensions ['ros']
[7.564s] [34mcolcon.colcon_core.package_identification[0m [1;30mLevel 1[0m _identify(ChallengeProblem) by extension 'ros'
[7.564s] [34mcolcon.colcon_core.package_identification[0m [1;30mLevel 1[0m _identify(ChallengeProblem) by extensions ['cmake', 'python']
[7.564s] [34mcolcon.colcon_core.package_identification[0m [1;30mLevel 1[0m _identify(ChallengeProblem) by extension 'cmake'
[7.564s] [34mcolcon.colcon_core.package_identification[0m [1;30mLevel 1[0m _identify(ChallengeProblem) by extension 'python'
[7.565s] [34mcolcon.colcon_core.package_identification[0m [1;30mLevel 1[0m _identify(ChallengeProblem) by extensions ['python_setup_py']
[7.565s] [34mcolcon.colcon_core.package_identification[0m [1;30mLevel 1[0m _identify(ChallengeProblem) by extension 'python_setup_py'
[7.565s] [34mcolcon.colcon_core.package_identification[0m [1;30mLevel 1[0m _identify(ChallengeProblem\Chal_Prob_Videos) by extensions ['ignore', 'ignore_ament_install']
[7.565s] [34mcolcon.colcon_core.package_identification[0m [1;30mLevel 1[0m _identify(ChallengeProblem\Chal_Prob_Videos) by extension 'ignore'
[7.565s] [34mcolcon.colcon_core.package_identification[0m [1;30mLevel 1[0m _identify(ChallengeProblem\Chal_Prob_Videos) by extension 'ignore_ament_install'
[7.565s] [34mcolcon.colcon_core.package_identification[0m [1;30mLevel 1[0m _identify(ChallengeProblem\Chal_Prob_Videos) by extensions ['colcon_pkg']
[7.565s] [34mcolcon.colcon_core.package_identification[0m [1;30mLevel 1[0m _identify(ChallengeProblem\Chal_Prob_Videos) by extension 'colcon_pkg'
[7.566s] [34mcolcon.colcon_core.package_identification[0m [1;30mLevel 1[0m _identify(ChallengeProblem\Chal_Prob_Videos) by extensions ['colcon_meta']
[7.566s] [34mcolcon.colcon_core.package_identification[0m [1;30mLevel 1[0m _identify(ChallengeProblem\Chal_Prob_Videos) by extension 'colcon_meta'
[7.566s] [34mcolcon.colcon_core.package_identification[0m [1;30mLevel 1[0m _identify(ChallengeProblem\Chal_Prob_Videos) by extensions ['ros']
[7.566s] [34mcolcon.colcon_core.package_identification[0m [1;30mLevel 1[0m _identify(ChallengeProblem\Chal_Prob_Videos) by extension 'ros'
[7.566s] [34mcolcon.colcon_core.package_identification[0m [1;30mLevel 1[0m _identify(ChallengeProblem\Chal_Prob_Videos) by extensions ['cmake', 'python']
[7.566s] [34mcolcon.colcon_core.package_identification[0m [1;30mLevel 1[0m _identify(ChallengeProblem\Chal_Prob_Videos) by extension 'cmake'
[7.566s] [34mcolcon.colcon_core.package_identification[0m [1;30mLevel 1[0m _identify(ChallengeProblem\Chal_Prob_Videos) by extension 'python'
[7.566s] [34mcolcon.colcon_core.package_identification[0m [1;30mLevel 1[0m _identify(ChallengeProblem\Chal_Prob_Videos) by extensions ['python_setup_py']
[7.566s] [34mcolcon.colcon_core.package_identification[0m [1;30mLevel 1[0m _identify(ChallengeProblem\Chal_Prob_Videos) by extension 'python_setup_py'
[7.566s] [34mcolcon.colcon_core.package_identification[0m [1;30mLevel 1[0m _identify(Documentation) by extensions ['ignore', 'ignore_ament_install']
[7.567s] [34mcolcon.colcon_core.package_identification[0m [1;30mLevel 1[0m _identify(Documentation) by extension 'ignore'
[7.567s] [34mcolcon.colcon_core.package_identification[0m [1;30mLevel 1[0m _identify(Documentation) by extension 'ignore_ament_install'
[7.567s] [34mcolcon.colcon_core.package_identification[0m [1;30mLevel 1[0m _identify(Documentation) by extensions ['colcon_pkg']
[7.567s] [34mcolcon.colcon_core.package_identification[0m [1;30mLevel 1[0m _identify(Documentation) by extension 'colcon_pkg'
[7.567s] [34mcolcon.colcon_core.package_identification[0m [1;30mLevel 1[0m _identify(Documentation) by extensions ['colcon_meta']
[7.567s] [34mcolcon.colcon_core.package_identification[0m [1;30mLevel 1[0m _identify(Documentation) by extension 'colcon_meta'
[7.567s] [34mcolcon.colcon_core.package_identification[0m [1;30mLevel 1[0m _identify(Documentation) by extensions ['ros']
[7.567s] [34mcolcon.colcon_core.package_identification[0m [1;30mLevel 1[0m _identify(Documentation) by extension 'ros'
[7.567s] [34mcolcon.colcon_core.package_identification[0m [1;30mLevel 1[0m _identify(Documentation) by extensions ['cmake', 'python']
[7.567s] [34mcolcon.colcon_core.package_identification[0m [1;30mLevel 1[0m _identify(Documentation) by extension 'cmake'
[7.567s] [34mcolcon.colcon_core.package_identification[0m [1;30mLevel 1[0m _identify(Documentation) by extension 'python'
[7.567s] [34mcolcon.colcon_core.package_identification[0m [1;30mLevel 1[0m _identify(Documentation) by extensions ['python_setup_py']
[7.567s] [34mcolcon.colcon_core.package_identification[0m [1;30mLevel 1[0m _identify(Documentation) by extension 'python_setup_py'
[7.568s] [34mcolcon.colcon_core.package_identification[0m [1;30mLevel 1[0m _identify(Examples) by extensions ['ignore', 'ignore_ament_install']
[7.568s] [34mcolcon.colcon_core.package_identification[0m [1;30mLevel 1[0m _identify(Examples) by extension 'ignore'
[7.568s] [34mcolcon.colcon_core.package_identification[0m [1;30mLevel 1[0m _identify(Examples) by extension 'ignore_ament_install'
[7.568s] [34mcolcon.colcon_core.package_identification[0m [1;30mLevel 1[0m _identify(Examples) by extensions ['colcon_pkg']
[7.568s] [34mcolcon.colcon_core.package_identification[0m [1;30mLevel 1[0m _identify(Examples) by extension 'colcon_pkg'
[7.568s] [34mcolcon.colcon_core.package_identification[0m [1;30mLevel 1[0m _identify(Examples) by extensions ['colcon_meta']
[7.568s] [34mcolcon.colcon_core.package_identification[0m [1;30mLevel 1[0m _identify(Examples) by extension 'colcon_meta'
[7.568s] [34mcolcon.colcon_core.package_identification[0m [1;30mLevel 1[0m _identify(Examples) by extensions ['ros']
[7.568s] [34mcolcon.colcon_core.package_identification[0m [1;30mLevel 1[0m _identify(Examples) by extension 'ros'
[7.568s] [34mcolcon.colcon_core.package_identification[0m [1;30mLevel 1[0m _identify(Examples) by extensions ['cmake', 'python']
[7.568s] [34mcolcon.colcon_core.package_identification[0m [1;30mLevel 1[0m _identify(Examples) by extension 'cmake'
[7.568s] [34mcolcon.colcon_core.package_identification[0m [1;30mLevel 1[0m _identify(Examples) by extension 'python'
[7.568s] [34mcolcon.colcon_core.package_identification[0m [1;30mLevel 1[0m _identify(Examples) by extensions ['python_setup_py']
[7.568s] [34mcolcon.colcon_core.package_identification[0m [1;30mLevel 1[0m _identify(Examples) by extension 'python_setup_py'
[7.569s] [34mcolcon.colcon_core.package_identification[0m [1;30mLevel 1[0m _identify(ROS2_ws) by extensions ['ignore', 'ignore_ament_install']
[7.569s] [34mcolcon.colcon_core.package_identification[0m [1;30mLevel 1[0m _identify(ROS2_ws) by extension 'ignore'
[7.569s] [34mcolcon.colcon_core.package_identification[0m [1;30mLevel 1[0m _identify(ROS2_ws) by extension 'ignore_ament_install'
[7.569s] [34mcolcon.colcon_core.package_identification[0m [1;30mLevel 1[0m _identify(ROS2_ws) by extensions ['colcon_pkg']
[7.569s] [34mcolcon.colcon_core.package_identification[0m [1;30mLevel 1[0m _identify(ROS2_ws) by extension 'colcon_pkg'
[7.569s] [34mcolcon.colcon_core.package_identification[0m [1;30mLevel 1[0m _identify(ROS2_ws) by extensions ['colcon_meta']
[7.569s] [34mcolcon.colcon_core.package_identification[0m [1;30mLevel 1[0m _identify(ROS2_ws) by extension 'colcon_meta'
[7.569s] [34mcolcon.colcon_core.package_identification[0m [1;30mLevel 1[0m _identify(ROS2_ws) by extensions ['ros']
[7.569s] [34mcolcon.colcon_core.package_identification[0m [1;30mLevel 1[0m _identify(ROS2_ws) by extension 'ros'
[7.569s] [34mcolcon.colcon_core.package_identification[0m [1;30mLevel 1[0m _identify(ROS2_ws) by extensions ['cmake', 'python']
[7.570s] [34mcolcon.colcon_core.package_identification[0m [1;30mLevel 1[0m _identify(ROS2_ws) by extension 'cmake'
[7.570s] [34mcolcon.colcon_core.package_identification[0m [1;30mLevel 1[0m _identify(ROS2_ws) by extension 'python'
[7.570s] [34mcolcon.colcon_core.package_identification[0m [1;30mLevel 1[0m _identify(ROS2_ws) by extensions ['python_setup_py']
[7.570s] [34mcolcon.colcon_core.package_identification[0m [1;30mLevel 1[0m _identify(ROS2_ws) by extension 'python_setup_py'
[7.570s] [34mcolcon.colcon_core.package_identification[0m [1;30mLevel 1[0m _identify(ROS2_ws\analysis_pkgs) by extensions ['ignore', 'ignore_ament_install']
[7.570s] [34mcolcon.colcon_core.package_identification[0m [1;30mLevel 1[0m _identify(ROS2_ws\analysis_pkgs) by extension 'ignore'
[7.570s] [34mcolcon.colcon_core.package_identification[0m [1;30mLevel 1[0m _identify(ROS2_ws\analysis_pkgs) by extension 'ignore_ament_install'
[7.570s] [34mcolcon.colcon_core.package_identification[0m [1;30mLevel 1[0m _identify(ROS2_ws\analysis_pkgs) by extensions ['colcon_pkg']
[7.570s] [34mcolcon.colcon_core.package_identification[0m [1;30mLevel 1[0m _identify(ROS2_ws\analysis_pkgs) by extension 'colcon_pkg'
[7.570s] [34mcolcon.colcon_core.package_identification[0m [1;30mLevel 1[0m _identify(ROS2_ws\analysis_pkgs) by extensions ['colcon_meta']
[7.570s] [34mcolcon.colcon_core.package_identification[0m [1;30mLevel 1[0m _identify(ROS2_ws\analysis_pkgs) by extension 'colcon_meta'
[7.570s] [34mcolcon.colcon_core.package_identification[0m [1;30mLevel 1[0m _identify(ROS2_ws\analysis_pkgs) by extensions ['ros']
[7.571s] [34mcolcon.colcon_core.package_identification[0m [1;30mLevel 1[0m _identify(ROS2_ws\analysis_pkgs) by extension 'ros'
[7.571s] [34mcolcon.colcon_core.package_identification[0m [1;30mLevel 1[0m _identify(ROS2_ws\analysis_pkgs) by extensions ['cmake', 'python']
[7.571s] [34mcolcon.colcon_core.package_identification[0m [1;30mLevel 1[0m _identify(ROS2_ws\analysis_pkgs) by extension 'cmake'
[7.571s] [34mcolcon.colcon_core.package_identification[0m [1;30mLevel 1[0m _identify(ROS2_ws\analysis_pkgs) by extension 'python'
[7.571s] [34mcolcon.colcon_core.package_identification[0m [1;30mLevel 1[0m _identify(ROS2_ws\analysis_pkgs) by extensions ['python_setup_py']
[7.571s] [34mcolcon.colcon_core.package_identification[0m [1;30mLevel 1[0m _identify(ROS2_ws\analysis_pkgs) by extension 'python_setup_py'
[7.571s] [34mcolcon.colcon_core.package_identification[0m [1;30mLevel 1[0m _identify(ROS2_ws\analysis_pkgs\phase_space_warping_py) by extensions ['ignore', 'ignore_ament_install']
[7.571s] [34mcolcon.colcon_core.package_identification[0m [1;30mLevel 1[0m _identify(ROS2_ws\analysis_pkgs\phase_space_warping_py) by extension 'ignore'
[7.572s] [34mcolcon.colcon_core.package_identification[0m [1;30mLevel 1[0m _identify(ROS2_ws\analysis_pkgs\phase_space_warping_py) by extension 'ignore_ament_install'
[7.572s] [34mcolcon.colcon_core.package_identification[0m [1;30mLevel 1[0m _identify(ROS2_ws\analysis_pkgs\phase_space_warping_py) by extensions ['colcon_pkg']
[7.572s] [34mcolcon.colcon_core.package_identification[0m [1;30mLevel 1[0m _identify(ROS2_ws\analysis_pkgs\phase_space_warping_py) by extension 'colcon_pkg'
[7.572s] [34mcolcon.colcon_core.package_identification[0m [1;30mLevel 1[0m _identify(ROS2_ws\analysis_pkgs\phase_space_warping_py) by extensions ['colcon_meta']
[7.572s] [34mcolcon.colcon_core.package_identification[0m [1;30mLevel 1[0m _identify(ROS2_ws\analysis_pkgs\phase_space_warping_py) by extension 'colcon_meta'
[7.572s] [34mcolcon.colcon_core.package_identification[0m [1;30mLevel 1[0m _identify(ROS2_ws\analysis_pkgs\phase_space_warping_py) by extensions ['ros']
[7.572s] [34mcolcon.colcon_core.package_identification[0m [1;30mLevel 1[0m _identify(ROS2_ws\analysis_pkgs\phase_space_warping_py) by extension 'ros'
[7.626s] [34mcolcon.colcon_core.package_identification[0m [1;30mDEBUG[0m [32mPackage 'ROS2_ws\analysis_pkgs\phase_space_warping_py' with type 'ros.ament_python' and name 'phase_space_warping_py'[0m
[7.627s] [34mcolcon.colcon_core.package_identification[0m [1;30mLevel 1[0m _identify(ROS2_ws\bin) by extensions ['ignore', 'ignore_ament_install']
[7.627s] [34mcolcon.colcon_core.package_identification[0m [1;30mLevel 1[0m _identify(ROS2_ws\bin) by extension 'ignore'
[7.627s] [34mcolcon.colcon_core.package_identification[0m [1;30mLevel 1[0m _identify(ROS2_ws\bin) by extension 'ignore_ament_install'
[7.627s] [34mcolcon.colcon_core.package_identification[0m [1;30mLevel 1[0m _identify(ROS2_ws\bin) by extensions ['colcon_pkg']
[7.627s] [34mcolcon.colcon_core.package_identification[0m [1;30mLevel 1[0m _identify(ROS2_ws\bin) by extension 'colcon_pkg'
[7.627s] [34mcolcon.colcon_core.package_identification[0m [1;30mLevel 1[0m _identify(ROS2_ws\bin) by extensions ['colcon_meta']
[7.627s] [34mcolcon.colcon_core.package_identification[0m [1;30mLevel 1[0m _identify(ROS2_ws\bin) by extension 'colcon_meta'
[7.627s] [34mcolcon.colcon_core.package_identification[0m [1;30mLevel 1[0m _identify(ROS2_ws\bin) by extensions ['ros']
[7.627s] [34mcolcon.colcon_core.package_identification[0m [1;30mLevel 1[0m _identify(ROS2_ws\bin) by extension 'ros'
[7.628s] [34mcolcon.colcon_core.package_identification[0m [1;30mLevel 1[0m _identify(ROS2_ws\bin) by extensions ['cmake', 'python']
[7.628s] [34mcolcon.colcon_core.package_identification[0m [1;30mLevel 1[0m _identify(ROS2_ws\bin) by extension 'cmake'
[7.628s] [34mcolcon.colcon_core.package_identification[0m [1;30mLevel 1[0m _identify(ROS2_ws\bin) by extension 'python'
[7.628s] [34mcolcon.colcon_core.package_identification[0m [1;30mLevel 1[0m _identify(ROS2_ws\bin) by extensions ['python_setup_py']
[7.628s] [34mcolcon.colcon_core.package_identification[0m [1;30mLevel 1[0m _identify(ROS2_ws\bin) by extension 'python_setup_py'
[7.628s] [34mcolcon.colcon_core.package_identification[0m [1;30mLevel 1[0m _identify(ROS2_ws\config) by extensions ['ignore', 'ignore_ament_install']
[7.628s] [34mcolcon.colcon_core.package_identification[0m [1;30mLevel 1[0m _identify(ROS2_ws\config) by extension 'ignore'
[7.628s] [34mcolcon.colcon_core.package_identification[0m [1;30mLevel 1[0m _identify(ROS2_ws\config) by extension 'ignore_ament_install'
[7.629s] [34mcolcon.colcon_core.package_identification[0m [1;30mLevel 1[0m _identify(ROS2_ws\config) by extensions ['colcon_pkg']
[7.629s] [34mcolcon.colcon_core.package_identification[0m [1;30mLevel 1[0m _identify(ROS2_ws\config) by extension 'colcon_pkg'
[7.629s] [34mcolcon.colcon_core.package_identification[0m [1;30mLevel 1[0m _identify(ROS2_ws\config) by extensions ['colcon_meta']
[7.629s] [34mcolcon.colcon_core.package_identification[0m [1;30mLevel 1[0m _identify(ROS2_ws\config) by extension 'colcon_meta'
[7.629s] [34mcolcon.colcon_core.package_identification[0m [1;30mLevel 1[0m _identify(ROS2_ws\config) by extensions ['ros']
[7.629s] [34mcolcon.colcon_core.package_identification[0m [1;30mLevel 1[0m _identify(ROS2_ws\config) by extension 'ros'
[7.629s] [34mcolcon.colcon_core.package_identification[0m [1;30mLevel 1[0m _identify(ROS2_ws\config) by extensions ['cmake', 'python']
[7.629s] [34mcolcon.colcon_core.package_identification[0m [1;30mLevel 1[0m _identify(ROS2_ws\config) by extension 'cmake'
[7.629s] [34mcolcon.colcon_core.package_identification[0m [1;30mLevel 1[0m _identify(ROS2_ws\config) by extension 'python'
[7.629s] [34mcolcon.colcon_core.package_identification[0m [1;30mLevel 1[0m _identify(ROS2_ws\config) by extensions ['python_setup_py']
[7.629s] [34mcolcon.colcon_core.package_identification[0m [1;30mLevel 1[0m _identify(ROS2_ws\config) by extension 'python_setup_py'
[7.629s] [34mcolcon.colcon_core.package_identification[0m [1;30mLevel 1[0m _identify(ROS2_ws\config\unix) by extensions ['ignore', 'ignore_ament_install']
[7.629s] [34mcolcon.colcon_core.package_identification[0m [1;30mLevel 1[0m _identify(ROS2_ws\config\unix) by extension 'ignore'
[7.629s] [34mcolcon.colcon_core.package_identification[0m [1;30mLevel 1[0m _identify(ROS2_ws\config\unix) by extension 'ignore_ament_install'
[7.629s] [34mcolcon.colcon_core.package_identification[0m [1;30mLevel 1[0m _identify(ROS2_ws\config\unix) by extensions ['colcon_pkg']
[7.629s] [34mcolcon.colcon_core.package_identification[0m [1;30mLevel 1[0m _identify(ROS2_ws\config\unix) by extension 'colcon_pkg'
[7.629s] [34mcolcon.colcon_core.package_identification[0m [1;30mLevel 1[0m _identify(ROS2_ws\config\unix) by extensions ['colcon_meta']
[7.630s] [34mcolcon.colcon_core.package_identification[0m [1;30mLevel 1[0m _identify(ROS2_ws\config\unix) by extension 'colcon_meta'
[7.630s] [34mcolcon.colcon_core.package_identification[0m [1;30mLevel 1[0m _identify(ROS2_ws\config\unix) by extensions ['ros']
[7.630s] [34mcolcon.colcon_core.package_identification[0m [1;30mLevel 1[0m _identify(ROS2_ws\config\unix) by extension 'ros'
[7.630s] [34mcolcon.colcon_core.package_identification[0m [1;30mLevel 1[0m _identify(ROS2_ws\config\unix) by extensions ['cmake', 'python']
[7.630s] [34mcolcon.colcon_core.package_identification[0m [1;30mLevel 1[0m _identify(ROS2_ws\config\unix) by extension 'cmake'
[7.630s] [34mcolcon.colcon_core.package_identification[0m [1;30mLevel 1[0m _identify(ROS2_ws\config\unix) by extension 'python'
[7.630s] [34mcolcon.colcon_core.package_identification[0m [1;30mLevel 1[0m _identify(ROS2_ws\config\unix) by extensions ['python_setup_py']
[7.630s] [34mcolcon.colcon_core.package_identification[0m [1;30mLevel 1[0m _identify(ROS2_ws\config\unix) by extension 'python_setup_py'
[7.631s] [34mcolcon.colcon_core.package_identification[0m [1;30mLevel 1[0m _identify(ROS2_ws\config\win64) by extensions ['ignore', 'ignore_ament_install']
[7.631s] [34mcolcon.colcon_core.package_identification[0m [1;30mLevel 1[0m _identify(ROS2_ws\config\win64) by extension 'ignore'
[7.631s] [34mcolcon.colcon_core.package_identification[0m [1;30mLevel 1[0m _identify(ROS2_ws\config\win64) by extension 'ignore_ament_install'
[7.631s] [34mcolcon.colcon_core.package_identification[0m [1;30mLevel 1[0m _identify(ROS2_ws\config\win64) by extensions ['colcon_pkg']
[7.631s] [34mcolcon.colcon_core.package_identification[0m [1;30mLevel 1[0m _identify(ROS2_ws\config\win64) by extension 'colcon_pkg'
[7.631s] [34mcolcon.colcon_core.package_identification[0m [1;30mLevel 1[0m _identify(ROS2_ws\config\win64) by extensions ['colcon_meta']
[7.631s] [34mcolcon.colcon_core.package_identification[0m [1;30mLevel 1[0m _identify(ROS2_ws\config\win64) by extension 'colcon_meta'
[7.631s] [34mcolcon.colcon_core.package_identification[0m [1;30mLevel 1[0m _identify(ROS2_ws\config\win64) by extensions ['ros']
[7.631s] [34mcolcon.colcon_core.package_identification[0m [1;30mLevel 1[0m _identify(ROS2_ws\config\win64) by extension 'ros'
[7.631s] [34mcolcon.colcon_core.package_identification[0m [1;30mLevel 1[0m _identify(ROS2_ws\config\win64) by extensions ['cmake', 'python']
[7.631s] [34mcolcon.colcon_core.package_identification[0m [1;30mLevel 1[0m _identify(ROS2_ws\config\win64) by extension 'cmake'
[7.631s] [34mcolcon.colcon_core.package_identification[0m [1;30mLevel 1[0m _identify(ROS2_ws\config\win64) by extension 'python'
[7.631s] [34mcolcon.colcon_core.package_identification[0m [1;30mLevel 1[0m _identify(ROS2_ws\config\win64) by extensions ['python_setup_py']
[7.632s] [34mcolcon.colcon_core.package_identification[0m [1;30mLevel 1[0m _identify(ROS2_ws\config\win64) by extension 'python_setup_py'
[7.632s] [34mcolcon.colcon_core.package_identification[0m [1;30mLevel 1[0m _identify(ROS2_ws\include) by extensions ['ignore', 'ignore_ament_install']
[7.632s] [34mcolcon.colcon_core.package_identification[0m [1;30mLevel 1[0m _identify(ROS2_ws\include) by extension 'ignore'
[7.632s] [34mcolcon.colcon_core.package_identification[0m [1;30mLevel 1[0m _identify(ROS2_ws\include) by extension 'ignore_ament_install'
[7.632s] [34mcolcon.colcon_core.package_identification[0m [1;30mLevel 1[0m _identify(ROS2_ws\include) by extensions ['colcon_pkg']
[7.632s] [34mcolcon.colcon_core.package_identification[0m [1;30mLevel 1[0m _identify(ROS2_ws\include) by extension 'colcon_pkg'
[7.632s] [34mcolcon.colcon_core.package_identification[0m [1;30mLevel 1[0m _identify(ROS2_ws\include) by extensions ['colcon_meta']
[7.632s] [34mcolcon.colcon_core.package_identification[0m [1;30mLevel 1[0m _identify(ROS2_ws\include) by extension 'colcon_meta'
[7.633s] [34mcolcon.colcon_core.package_identification[0m [1;30mLevel 1[0m _identify(ROS2_ws\include) by extensions ['ros']
[7.633s] [34mcolcon.colcon_core.package_identification[0m [1;30mLevel 1[0m _identify(ROS2_ws\include) by extension 'ros'
[7.633s] [34mcolcon.colcon_core.package_identification[0m [1;30mLevel 1[0m _identify(ROS2_ws\include) by extensions ['cmake', 'python']
[7.633s] [34mcolcon.colcon_core.package_identification[0m [1;30mLevel 1[0m _identify(ROS2_ws\include) by extension 'cmake'
[7.633s] [34mcolcon.colcon_core.package_identification[0m [1;30mLevel 1[0m _identify(ROS2_ws\include) by extension 'python'
[7.633s] [34mcolcon.colcon_core.package_identification[0m [1;30mLevel 1[0m _identify(ROS2_ws\include) by extensions ['python_setup_py']
[7.633s] [34mcolcon.colcon_core.package_identification[0m [1;30mLevel 1[0m _identify(ROS2_ws\include) by extension 'python_setup_py'
[7.633s] [34mcolcon.colcon_core.package_identification[0m [1;30mLevel 1[0m _identify(ROS2_ws\include\ros_msg_iface) by extensions ['ignore', 'ignore_ament_install']
[7.633s] [34mcolcon.colcon_core.package_identification[0m [1;30mLevel 1[0m _identify(ROS2_ws\include\ros_msg_iface) by extension 'ignore'
[7.633s] [34mcolcon.colcon_core.package_identification[0m [1;30mLevel 1[0m _identify(ROS2_ws\include\ros_msg_iface) by extension 'ignore_ament_install'
[7.633s] [34mcolcon.colcon_core.package_identification[0m [1;30mLevel 1[0m _identify(ROS2_ws\include\ros_msg_iface) by extensions ['colcon_pkg']
[7.633s] [34mcolcon.colcon_core.package_identification[0m [1;30mLevel 1[0m _identify(ROS2_ws\include\ros_msg_iface) by extension 'colcon_pkg'
[7.633s] [34mcolcon.colcon_core.package_identification[0m [1;30mLevel 1[0m _identify(ROS2_ws\include\ros_msg_iface) by extensions ['colcon_meta']
[7.633s] [34mcolcon.colcon_core.package_identification[0m [1;30mLevel 1[0m _identify(ROS2_ws\include\ros_msg_iface) by extension 'colcon_meta'
[7.633s] [34mcolcon.colcon_core.package_identification[0m [1;30mLevel 1[0m _identify(ROS2_ws\include\ros_msg_iface) by extensions ['ros']
[7.633s] [34mcolcon.colcon_core.package_identification[0m [1;30mLevel 1[0m _identify(ROS2_ws\include\ros_msg_iface) by extension 'ros'
[7.634s] [34mcolcon.colcon_core.package_identification[0m [1;30mLevel 1[0m _identify(ROS2_ws\include\ros_msg_iface) by extensions ['cmake', 'python']
[7.634s] [34mcolcon.colcon_core.package_identification[0m [1;30mLevel 1[0m _identify(ROS2_ws\include\ros_msg_iface) by extension 'cmake'
[7.634s] [34mcolcon.colcon_core.package_identification[0m [1;30mLevel 1[0m _identify(ROS2_ws\include\ros_msg_iface) by extension 'python'
[7.634s] [34mcolcon.colcon_core.package_identification[0m [1;30mLevel 1[0m _identify(ROS2_ws\include\ros_msg_iface) by extensions ['python_setup_py']
[7.634s] [34mcolcon.colcon_core.package_identification[0m [1;30mLevel 1[0m _identify(ROS2_ws\include\ros_msg_iface) by extension 'python_setup_py'
[7.634s] [34mcolcon.colcon_core.package_identification[0m [1;30mLevel 1[0m _identify(ROS2_ws\interfaces_pkgs) by extensions ['ignore', 'ignore_ament_install']
[7.634s] [34mcolcon.colcon_core.package_identification[0m [1;30mLevel 1[0m _identify(ROS2_ws\interfaces_pkgs) by extension 'ignore'
[7.634s] [34mcolcon.colcon_core.package_identification[0m [1;30mLevel 1[0m _identify(ROS2_ws\interfaces_pkgs) by extension 'ignore_ament_install'
[7.634s] [34mcolcon.colcon_core.package_identification[0m [1;30mLevel 1[0m _identify(ROS2_ws\interfaces_pkgs) by extensions ['colcon_pkg']
[7.634s] [34mcolcon.colcon_core.package_identification[0m [1;30mLevel 1[0m _identify(ROS2_ws\interfaces_pkgs) by extension 'colcon_pkg'
[7.634s] [34mcolcon.colcon_core.package_identification[0m [1;30mLevel 1[0m _identify(ROS2_ws\interfaces_pkgs) by extensions ['colcon_meta']
[7.634s] [34mcolcon.colcon_core.package_identification[0m [1;30mLevel 1[0m _identify(ROS2_ws\interfaces_pkgs) by extension 'colcon_meta'
[7.635s] [34mcolcon.colcon_core.package_identification[0m [1;30mLevel 1[0m _identify(ROS2_ws\interfaces_pkgs) by extensions ['ros']
[7.635s] [34mcolcon.colcon_core.package_identification[0m [1;30mLevel 1[0m _identify(ROS2_ws\interfaces_pkgs) by extension 'ros'
[7.635s] [34mcolcon.colcon_core.package_identification[0m [1;30mLevel 1[0m _identify(ROS2_ws\interfaces_pkgs) by extensions ['cmake', 'python']
[7.635s] [34mcolcon.colcon_core.package_identification[0m [1;30mLevel 1[0m _identify(ROS2_ws\interfaces_pkgs) by extension 'cmake'
[7.635s] [34mcolcon.colcon_core.package_identification[0m [1;30mLevel 1[0m _identify(ROS2_ws\interfaces_pkgs) by extension 'python'
[7.635s] [34mcolcon.colcon_core.package_identification[0m [1;30mLevel 1[0m _identify(ROS2_ws\interfaces_pkgs) by extensions ['python_setup_py']
[7.635s] [34mcolcon.colcon_core.package_identification[0m [1;30mLevel 1[0m _identify(ROS2_ws\interfaces_pkgs) by extension 'python_setup_py'
[7.635s] [34mcolcon.colcon_core.package_identification[0m [1;30mLevel 1[0m _identify(ROS2_ws\interfaces_pkgs\ros_msg_iface) by extensions ['ignore', 'ignore_ament_install']
[7.635s] [34mcolcon.colcon_core.package_identification[0m [1;30mLevel 1[0m _identify(ROS2_ws\interfaces_pkgs\ros_msg_iface) by extension 'ignore'
[7.635s] [34mcolcon.colcon_core.package_identification[0m [1;30mLevel 1[0m _identify(ROS2_ws\interfaces_pkgs\ros_msg_iface) by extension 'ignore_ament_install'
[7.635s] [34mcolcon.colcon_core.package_identification[0m [1;30mLevel 1[0m _identify(ROS2_ws\interfaces_pkgs\ros_msg_iface) by extensions ['colcon_pkg']
[7.635s] [34mcolcon.colcon_core.package_identification[0m [1;30mLevel 1[0m _identify(ROS2_ws\interfaces_pkgs\ros_msg_iface) by extension 'colcon_pkg'
[7.635s] [34mcolcon.colcon_core.package_identification[0m [1;30mLevel 1[0m _identify(ROS2_ws\interfaces_pkgs\ros_msg_iface) by extensions ['colcon_meta']
[7.635s] [34mcolcon.colcon_core.package_identification[0m [1;30mLevel 1[0m _identify(ROS2_ws\interfaces_pkgs\ros_msg_iface) by extension 'colcon_meta'
[7.636s] [34mcolcon.colcon_core.package_identification[0m [1;30mLevel 1[0m _identify(ROS2_ws\interfaces_pkgs\ros_msg_iface) by extensions ['ros']
[7.636s] [34mcolcon.colcon_core.package_identification[0m [1;30mLevel 1[0m _identify(ROS2_ws\interfaces_pkgs\ros_msg_iface) by extension 'ros'
[7.653s] [34mcolcon.colcon_core.package_identification[0m [1;30mDEBUG[0m [32mPackage 'ROS2_ws\interfaces_pkgs\ros_msg_iface' with type 'ros.ament_cmake' and name 'ros_msg_iface'[0m
[7.654s] [34mcolcon.colcon_core.package_identification[0m [1;30mLevel 1[0m _identify(ROS2_ws\launch_pkgs) by extensions ['ignore', 'ignore_ament_install']
[7.654s] [34mcolcon.colcon_core.package_identification[0m [1;30mLevel 1[0m _identify(ROS2_ws\launch_pkgs) by extension 'ignore'
[7.654s] [34mcolcon.colcon_core.package_identification[0m [1;30mLevel 1[0m _identify(ROS2_ws\launch_pkgs) by extension 'ignore_ament_install'
[7.654s] [34mcolcon.colcon_core.package_identification[0m [1;30mLevel 1[0m _identify(ROS2_ws\launch_pkgs) by extensions ['colcon_pkg']
[7.654s] [34mcolcon.colcon_core.package_identification[0m [1;30mLevel 1[0m _identify(ROS2_ws\launch_pkgs) by extension 'colcon_pkg'
[7.654s] [34mcolcon.colcon_core.package_identification[0m [1;30mLevel 1[0m _identify(ROS2_ws\launch_pkgs) by extensions ['colcon_meta']
[7.654s] [34mcolcon.colcon_core.package_identification[0m [1;30mLevel 1[0m _identify(ROS2_ws\launch_pkgs) by extension 'colcon_meta'
[7.654s] [34mcolcon.colcon_core.package_identification[0m [1;30mLevel 1[0m _identify(ROS2_ws\launch_pkgs) by extensions ['ros']
[7.654s] [34mcolcon.colcon_core.package_identification[0m [1;30mLevel 1[0m _identify(ROS2_ws\launch_pkgs) by extension 'ros'
[7.654s] [34mcolcon.colcon_core.package_identification[0m [1;30mLevel 1[0m _identify(ROS2_ws\launch_pkgs) by extensions ['cmake', 'python']
[7.654s] [34mcolcon.colcon_core.package_identification[0m [1;30mLevel 1[0m _identify(ROS2_ws\launch_pkgs) by extension 'cmake'
[7.654s] [34mcolcon.colcon_core.package_identification[0m [1;30mLevel 1[0m _identify(ROS2_ws\launch_pkgs) by extension 'python'
[7.654s] [34mcolcon.colcon_core.package_identification[0m [1;30mLevel 1[0m _identify(ROS2_ws\launch_pkgs) by extensions ['python_setup_py']
[7.654s] [34mcolcon.colcon_core.package_identification[0m [1;30mLevel 1[0m _identify(ROS2_ws\launch_pkgs) by extension 'python_setup_py'
[7.655s] [34mcolcon.colcon_core.package_identification[0m [1;30mLevel 1[0m _identify(ROS2_ws\launch_pkgs\bam_launcher) by extensions ['ignore', 'ignore_ament_install']
[7.655s] [34mcolcon.colcon_core.package_identification[0m [1;30mLevel 1[0m _identify(ROS2_ws\launch_pkgs\bam_launcher) by extension 'ignore'
[7.655s] [34mcolcon.colcon_core.package_identification[0m [1;30mLevel 1[0m _identify(ROS2_ws\launch_pkgs\bam_launcher) by extension 'ignore_ament_install'
[7.655s] [34mcolcon.colcon_core.package_identification[0m [1;30mLevel 1[0m _identify(ROS2_ws\launch_pkgs\bam_launcher) by extensions ['colcon_pkg']
[7.655s] [34mcolcon.colcon_core.package_identification[0m [1;30mLevel 1[0m _identify(ROS2_ws\launch_pkgs\bam_launcher) by extension 'colcon_pkg'
[7.655s] [34mcolcon.colcon_core.package_identification[0m [1;30mLevel 1[0m _identify(ROS2_ws\launch_pkgs\bam_launcher) by extensions ['colcon_meta']
[7.655s] [34mcolcon.colcon_core.package_identification[0m [1;30mLevel 1[0m _identify(ROS2_ws\launch_pkgs\bam_launcher) by extension 'colcon_meta'
[7.655s] [34mcolcon.colcon_core.package_identification[0m [1;30mLevel 1[0m _identify(ROS2_ws\launch_pkgs\bam_launcher) by extensions ['ros']
[7.655s] [34mcolcon.colcon_core.package_identification[0m [1;30mLevel 1[0m _identify(ROS2_ws\launch_pkgs\bam_launcher) by extension 'ros'
[7.672s] [34mcolcon.colcon_core.package_identification[0m [1;30mDEBUG[0m [32mPackage 'ROS2_ws\launch_pkgs\bam_launcher' with type 'ros.ament_python' and name 'bam_launcher'[0m
[7.672s] [34mcolcon.colcon_core.package_identification[0m [1;30mLevel 1[0m _identify(ROS2_ws\lib) by extensions ['ignore', 'ignore_ament_install']
[7.672s] [34mcolcon.colcon_core.package_identification[0m [1;30mLevel 1[0m _identify(ROS2_ws\lib) by extension 'ignore'
[7.673s] [34mcolcon.colcon_core.package_identification[0m [1;30mLevel 1[0m _identify(ROS2_ws\lib) by extension 'ignore_ament_install'
[7.673s] [34mcolcon.colcon_core.package_identification[0m [1;30mLevel 1[0m _identify(ROS2_ws\lib) by extensions ['colcon_pkg']
[7.673s] [34mcolcon.colcon_core.package_identification[0m [1;30mLevel 1[0m _identify(ROS2_ws\lib) by extension 'colcon_pkg'
[7.673s] [34mcolcon.colcon_core.package_identification[0m [1;30mLevel 1[0m _identify(ROS2_ws\lib) by extensions ['colcon_meta']
[7.673s] [34mcolcon.colcon_core.package_identification[0m [1;30mLevel 1[0m _identify(ROS2_ws\lib) by extension 'colcon_meta'
[7.673s] [34mcolcon.colcon_core.package_identification[0m [1;30mLevel 1[0m _identify(ROS2_ws\lib) by extensions ['ros']
[7.673s] [34mcolcon.colcon_core.package_identification[0m [1;30mLevel 1[0m _identify(ROS2_ws\lib) by extension 'ros'
[7.673s] [34mcolcon.colcon_core.package_identification[0m [1;30mLevel 1[0m _identify(ROS2_ws\lib) by extensions ['cmake', 'python']
[7.673s] [34mcolcon.colcon_core.package_identification[0m [1;30mLevel 1[0m _identify(ROS2_ws\lib) by extension 'cmake'
[7.673s] [34mcolcon.colcon_core.package_identification[0m [1;30mLevel 1[0m _identify(ROS2_ws\lib) by extension 'python'
[7.673s] [34mcolcon.colcon_core.package_identification[0m [1;30mLevel 1[0m _identify(ROS2_ws\lib) by extensions ['python_setup_py']
[7.673s] [34mcolcon.colcon_core.package_identification[0m [1;30mLevel 1[0m _identify(ROS2_ws\lib) by extension 'python_setup_py'
[7.673s] [34mcolcon.colcon_core.package_identification[0m [1;30mLevel 1[0m _identify(ROS2_ws\lib\mac) by extensions ['ignore', 'ignore_ament_install']
[7.674s] [34mcolcon.colcon_core.package_identification[0m [1;30mLevel 1[0m _identify(ROS2_ws\lib\mac) by extension 'ignore'
[7.674s] [34mcolcon.colcon_core.package_identification[0m [1;30mLevel 1[0m _identify(ROS2_ws\lib\mac) by extension 'ignore_ament_install'
[7.674s] [34mcolcon.colcon_core.package_identification[0m [1;30mLevel 1[0m _identify(ROS2_ws\lib\mac) by extensions ['colcon_pkg']
[7.674s] [34mcolcon.colcon_core.package_identification[0m [1;30mLevel 1[0m _identify(ROS2_ws\lib\mac) by extension 'colcon_pkg'
[7.674s] [34mcolcon.colcon_core.package_identification[0m [1;30mLevel 1[0m _identify(ROS2_ws\lib\mac) by extensions ['colcon_meta']
[7.674s] [34mcolcon.colcon_core.package_identification[0m [1;30mLevel 1[0m _identify(ROS2_ws\lib\mac) by extension 'colcon_meta'
[7.674s] [34mcolcon.colcon_core.package_identification[0m [1;30mLevel 1[0m _identify(ROS2_ws\lib\mac) by extensions ['ros']
[7.674s] [34mcolcon.colcon_core.package_identification[0m [1;30mLevel 1[0m _identify(ROS2_ws\lib\mac) by extension 'ros'
[7.674s] [34mcolcon.colcon_core.package_identification[0m [1;30mLevel 1[0m _identify(ROS2_ws\lib\mac) by extensions ['cmake', 'python']
[7.674s] [34mcolcon.colcon_core.package_identification[0m [1;30mLevel 1[0m _identify(ROS2_ws\lib\mac) by extension 'cmake'
[7.675s] [34mcolcon.colcon_core.package_identification[0m [1;30mLevel 1[0m _identify(ROS2_ws\lib\mac) by extension 'python'
[7.675s] [34mcolcon.colcon_core.package_identification[0m [1;30mLevel 1[0m _identify(ROS2_ws\lib\mac) by extensions ['python_setup_py']
[7.675s] [34mcolcon.colcon_core.package_identification[0m [1;30mLevel 1[0m _identify(ROS2_ws\lib\mac) by extension 'python_setup_py'
[7.675s] [34mcolcon.colcon_core.package_identification[0m [1;30mLevel 1[0m _identify(ROS2_ws\lib\win64) by extensions ['ignore', 'ignore_ament_install']
[7.675s] [34mcolcon.colcon_core.package_identification[0m [1;30mLevel 1[0m _identify(ROS2_ws\lib\win64) by extension 'ignore'
[7.675s] [34mcolcon.colcon_core.package_identification[0m [1;30mLevel 1[0m _identify(ROS2_ws\lib\win64) by extension 'ignore_ament_install'
[7.675s] [34mcolcon.colcon_core.package_identification[0m [1;30mLevel 1[0m _identify(ROS2_ws\lib\win64) by extensions ['colcon_pkg']
[7.675s] [34mcolcon.colcon_core.package_identification[0m [1;30mLevel 1[0m _identify(ROS2_ws\lib\win64) by extension 'colcon_pkg'
[7.675s] [34mcolcon.colcon_core.package_identification[0m [1;30mLevel 1[0m _identify(ROS2_ws\lib\win64) by extensions ['colcon_meta']
[7.676s] [34mcolcon.colcon_core.package_identification[0m [1;30mLevel 1[0m _identify(ROS2_ws\lib\win64) by extension 'colcon_meta'
[7.676s] [34mcolcon.colcon_core.package_identification[0m [1;30mLevel 1[0m _identify(ROS2_ws\lib\win64) by extensions ['ros']
[7.676s] [34mcolcon.colcon_core.package_identification[0m [1;30mLevel 1[0m _identify(ROS2_ws\lib\win64) by extension 'ros'
[7.676s] [34mcolcon.colcon_core.package_identification[0m [1;30mLevel 1[0m _identify(ROS2_ws\lib\win64) by extensions ['cmake', 'python']
[7.676s] [34mcolcon.colcon_core.package_identification[0m [1;30mLevel 1[0m _identify(ROS2_ws\lib\win64) by extension 'cmake'
[7.676s] [34mcolcon.colcon_core.package_identification[0m [1;30mLevel 1[0m _identify(ROS2_ws\lib\win64) by extension 'python'
[7.676s] [34mcolcon.colcon_core.package_identification[0m [1;30mLevel 1[0m _identify(ROS2_ws\lib\win64) by extensions ['python_setup_py']
[7.676s] [34mcolcon.colcon_core.package_identification[0m [1;30mLevel 1[0m _identify(ROS2_ws\lib\win64) by extension 'python_setup_py'
[7.676s] [34mcolcon.colcon_core.package_identification[0m [1;30mLevel 1[0m _identify(ROS2_ws\s_function_pkgs) by extensions ['ignore', 'ignore_ament_install']
[7.676s] [34mcolcon.colcon_core.package_identification[0m [1;30mLevel 1[0m _identify(ROS2_ws\s_function_pkgs) by extension 'ignore'
[7.676s] [34mcolcon.colcon_core.package_identification[0m [1;30mLevel 1[0m _identify(ROS2_ws\s_function_pkgs) by extension 'ignore_ament_install'
[7.677s] [34mcolcon.colcon_core.package_identification[0m [1;30mLevel 1[0m _identify(ROS2_ws\s_function_pkgs) by extensions ['colcon_pkg']
[7.677s] [34mcolcon.colcon_core.package_identification[0m [1;30mLevel 1[0m _identify(ROS2_ws\s_function_pkgs) by extension 'colcon_pkg'
[7.677s] [34mcolcon.colcon_core.package_identification[0m [1;30mLevel 1[0m _identify(ROS2_ws\s_function_pkgs) by extensions ['colcon_meta']
[7.677s] [34mcolcon.colcon_core.package_identification[0m [1;30mLevel 1[0m _identify(ROS2_ws\s_function_pkgs) by extension 'colcon_meta'
[7.677s] [34mcolcon.colcon_core.package_identification[0m [1;30mLevel 1[0m _identify(ROS2_ws\s_function_pkgs) by extensions ['ros']
[7.677s] [34mcolcon.colcon_core.package_identification[0m [1;30mLevel 1[0m _identify(ROS2_ws\s_function_pkgs) by extension 'ros'
[7.677s] [34mcolcon.colcon_core.package_identification[0m [1;30mLevel 1[0m _identify(ROS2_ws\s_function_pkgs) by extensions ['cmake', 'python']
[7.677s] [34mcolcon.colcon_core.package_identification[0m [1;30mLevel 1[0m _identify(ROS2_ws\s_function_pkgs) by extension 'cmake'
[7.677s] [34mcolcon.colcon_core.package_identification[0m [1;30mLevel 1[0m _identify(ROS2_ws\s_function_pkgs) by extension 'python'
[7.677s] [34mcolcon.colcon_core.package_identification[0m [1;30mLevel 1[0m _identify(ROS2_ws\s_function_pkgs) by extensions ['python_setup_py']
[7.677s] [34mcolcon.colcon_core.package_identification[0m [1;30mLevel 1[0m _identify(ROS2_ws\s_function_pkgs) by extension 'python_setup_py'
[7.678s] [34mcolcon.colcon_core.package_identification[0m [1;30mLevel 1[0m _identify(ROS2_ws\s_function_pkgs\publishers) by extensions ['ignore', 'ignore_ament_install']
[7.678s] [34mcolcon.colcon_core.package_identification[0m [1;30mLevel 1[0m _identify(ROS2_ws\s_function_pkgs\publishers) by extension 'ignore'
[7.678s] [34mcolcon.colcon_core.package_identification[0m [1;30mLevel 1[0m _identify(ROS2_ws\s_function_pkgs\publishers) by extension 'ignore_ament_install'
[7.678s] [34mcolcon.colcon_core.package_identification[0m [1;30mLevel 1[0m _identify(ROS2_ws\s_function_pkgs\publishers) by extensions ['colcon_pkg']
[7.678s] [34mcolcon.colcon_core.package_identification[0m [1;30mLevel 1[0m _identify(ROS2_ws\s_function_pkgs\publishers) by extension 'colcon_pkg'
[7.678s] [34mcolcon.colcon_core.package_identification[0m [1;30mLevel 1[0m _identify(ROS2_ws\s_function_pkgs\publishers) by extensions ['colcon_meta']
[7.678s] [34mcolcon.colcon_core.package_identification[0m [1;30mLevel 1[0m _identify(ROS2_ws\s_function_pkgs\publishers) by extension 'colcon_meta'
[7.678s] [34mcolcon.colcon_core.package_identification[0m [1;30mLevel 1[0m _identify(ROS2_ws\s_function_pkgs\publishers) by extensions ['ros']
[7.678s] [34mcolcon.colcon_core.package_identification[0m [1;30mLevel 1[0m _identify(ROS2_ws\s_function_pkgs\publishers) by extension 'ros'
[7.678s] [34mcolcon.colcon_core.package_identification[0m [1;30mLevel 1[0m _identify(ROS2_ws\s_function_pkgs\publishers) by extensions ['cmake', 'python']
[7.678s] [34mcolcon.colcon_core.package_identification[0m [1;30mLevel 1[0m _identify(ROS2_ws\s_function_pkgs\publishers) by extension 'cmake'
[7.678s] [34mcolcon.colcon_core.package_identification[0m [1;30mLevel 1[0m _identify(ROS2_ws\s_function_pkgs\publishers) by extension 'python'
[7.679s] [34mcolcon.colcon_core.package_identification[0m [1;30mLevel 1[0m _identify(ROS2_ws\s_function_pkgs\publishers) by extensions ['python_setup_py']
[7.679s] [34mcolcon.colcon_core.package_identification[0m [1;30mLevel 1[0m _identify(ROS2_ws\s_function_pkgs\publishers) by extension 'python_setup_py'
[7.679s] [34mcolcon.colcon_core.package_identification[0m [1;30mLevel 1[0m _identify(ROS2_ws\s_function_pkgs\publishers\mat_airsim_bball_pub) by extensions ['ignore', 'ignore_ament_install']
[7.679s] [34mcolcon.colcon_core.package_identification[0m [1;30mLevel 1[0m _identify(ROS2_ws\s_function_pkgs\publishers\mat_airsim_bball_pub) by extension 'ignore'
[7.679s] [34mcolcon.colcon_core.package_identification[0m [1;30mLevel 1[0m _identify(ROS2_ws\s_function_pkgs\publishers\mat_airsim_bball_pub) by extension 'ignore_ament_install'
[7.679s] [34mcolcon.colcon_core.package_identification[0m [1;30mLevel 1[0m _identify(ROS2_ws\s_function_pkgs\publishers\mat_airsim_bball_pub) by extensions ['colcon_pkg']
[7.679s] [34mcolcon.colcon_core.package_identification[0m [1;30mLevel 1[0m _identify(ROS2_ws\s_function_pkgs\publishers\mat_airsim_bball_pub) by extension 'colcon_pkg'
[7.679s] [34mcolcon.colcon_core.package_identification[0m [1;30mLevel 1[0m _identify(ROS2_ws\s_function_pkgs\publishers\mat_airsim_bball_pub) by extensions ['colcon_meta']
[7.679s] [34mcolcon.colcon_core.package_identification[0m [1;30mLevel 1[0m _identify(ROS2_ws\s_function_pkgs\publishers\mat_airsim_bball_pub) by extension 'colcon_meta'
[7.679s] [34mcolcon.colcon_core.package_identification[0m [1;30mLevel 1[0m _identify(ROS2_ws\s_function_pkgs\publishers\mat_airsim_bball_pub) by extensions ['ros']
[7.679s] [34mcolcon.colcon_core.package_identification[0m [1;30mLevel 1[0m _identify(ROS2_ws\s_function_pkgs\publishers\mat_airsim_bball_pub) by extension 'ros'
[7.697s] [34mcolcon.colcon_core.package_identification[0m [1;30mDEBUG[0m [32mPackage 'ROS2_ws\s_function_pkgs\publishers\mat_airsim_bball_pub' with type 'ros.ament_cmake' and name 'mat_airsim_bball_pub'[0m
[7.697s] [34mcolcon.colcon_core.package_identification[0m [1;30mLevel 1[0m _identify(ROS2_ws\s_function_pkgs\publishers\mat_airsim_bball_pub_nonlib) by extensions ['ignore', 'ignore_ament_install']
[7.698s] [34mcolcon.colcon_core.package_identification[0m [1;30mLevel 1[0m _identify(ROS2_ws\s_function_pkgs\publishers\mat_airsim_bball_pub_nonlib) by extension 'ignore'
[7.698s] [34mcolcon.colcon_core.package_identification[0m [1;30mLevel 1[0m _identify(ROS2_ws\s_function_pkgs\publishers\mat_airsim_bball_pub_nonlib) by extension 'ignore_ament_install'
[7.698s] [34mcolcon.colcon_core.package_identification[0m [1;30mLevel 1[0m _identify(ROS2_ws\s_function_pkgs\publishers\mat_airsim_bball_pub_nonlib) by extensions ['colcon_pkg']
[7.698s] [34mcolcon.colcon_core.package_identification[0m [1;30mLevel 1[0m _identify(ROS2_ws\s_function_pkgs\publishers\mat_airsim_bball_pub_nonlib) by extension 'colcon_pkg'
[7.698s] [34mcolcon.colcon_core.package_identification[0m [1;30mLevel 1[0m _identify(ROS2_ws\s_function_pkgs\publishers\mat_airsim_bball_pub_nonlib) by extensions ['colcon_meta']
[7.698s] [34mcolcon.colcon_core.package_identification[0m [1;30mLevel 1[0m _identify(ROS2_ws\s_function_pkgs\publishers\mat_airsim_bball_pub_nonlib) by extension 'colcon_meta'
[7.698s] [34mcolcon.colcon_core.package_identification[0m [1;30mLevel 1[0m _identify(ROS2_ws\s_function_pkgs\publishers\mat_airsim_bball_pub_nonlib) by extensions ['ros']
[7.698s] [34mcolcon.colcon_core.package_identification[0m [1;30mLevel 1[0m _identify(ROS2_ws\s_function_pkgs\publishers\mat_airsim_bball_pub_nonlib) by extension 'ros'
[7.719s] [34mcolcon.colcon_core.package_identification[0m [1;30mDEBUG[0m [32mPackage 'ROS2_ws\s_function_pkgs\publishers\mat_airsim_bball_pub_nonlib' with type 'ros.ament_cmake' and name 'mat_airsim_bball_pub_nonlib'[0m
[7.719s] [34mcolcon.colcon_core.package_identification[0m [1;30mLevel 1[0m _identify(ROS2_ws\s_function_pkgs\publishers\mat_airsim_pub) by extensions ['ignore', 'ignore_ament_install']
[7.719s] [34mcolcon.colcon_core.package_identification[0m [1;30mLevel 1[0m _identify(ROS2_ws\s_function_pkgs\publishers\mat_airsim_pub) by extension 'ignore'
[7.719s] [34mcolcon.colcon_core.package_identification[0m [1;30mLevel 1[0m _identify(ROS2_ws\s_function_pkgs\publishers\mat_airsim_pub) by extension 'ignore_ament_install'
[7.720s] [34mcolcon.colcon_core.package_identification[0m [1;30mLevel 1[0m _identify(ROS2_ws\s_function_pkgs\publishers\mat_airsim_pub) by extensions ['colcon_pkg']
[7.720s] [34mcolcon.colcon_core.package_identification[0m [1;30mLevel 1[0m _identify(ROS2_ws\s_function_pkgs\publishers\mat_airsim_pub) by extension 'colcon_pkg'
[7.720s] [34mcolcon.colcon_core.package_identification[0m [1;30mLevel 1[0m _identify(ROS2_ws\s_function_pkgs\publishers\mat_airsim_pub) by extensions ['colcon_meta']
[7.720s] [34mcolcon.colcon_core.package_identification[0m [1;30mLevel 1[0m _identify(ROS2_ws\s_function_pkgs\publishers\mat_airsim_pub) by extension 'colcon_meta'
[7.720s] [34mcolcon.colcon_core.package_identification[0m [1;30mLevel 1[0m _identify(ROS2_ws\s_function_pkgs\publishers\mat_airsim_pub) by extensions ['ros']
[7.720s] [34mcolcon.colcon_core.package_identification[0m [1;30mLevel 1[0m _identify(ROS2_ws\s_function_pkgs\publishers\mat_airsim_pub) by extension 'ros'
[7.739s] [34mcolcon.colcon_core.package_identification[0m [1;30mDEBUG[0m [32mPackage 'ROS2_ws\s_function_pkgs\publishers\mat_airsim_pub' with type 'ros.ament_cmake' and name 'mat_airsim_pub'[0m
[7.740s] [34mcolcon.colcon_core.package_identification[0m [1;30mLevel 1[0m _identify(ROS2_ws\s_function_pkgs\publishers\mat_airsim_pub_nonlib) by extensions ['ignore', 'ignore_ament_install']
[7.740s] [34mcolcon.colcon_core.package_identification[0m [1;30mLevel 1[0m _identify(ROS2_ws\s_function_pkgs\publishers\mat_airsim_pub_nonlib) by extension 'ignore'
[7.740s] [34mcolcon.colcon_core.package_identification[0m [1;30mLevel 1[0m _identify(ROS2_ws\s_function_pkgs\publishers\mat_airsim_pub_nonlib) by extension 'ignore_ament_install'
[7.740s] [34mcolcon.colcon_core.package_identification[0m [1;30mLevel 1[0m _identify(ROS2_ws\s_function_pkgs\publishers\mat_airsim_pub_nonlib) by extensions ['colcon_pkg']
[7.740s] [34mcolcon.colcon_core.package_identification[0m [1;30mLevel 1[0m _identify(ROS2_ws\s_function_pkgs\publishers\mat_airsim_pub_nonlib) by extension 'colcon_pkg'
[7.740s] [34mcolcon.colcon_core.package_identification[0m [1;30mLevel 1[0m _identify(ROS2_ws\s_function_pkgs\publishers\mat_airsim_pub_nonlib) by extensions ['colcon_meta']
[7.740s] [34mcolcon.colcon_core.package_identification[0m [1;30mLevel 1[0m _identify(ROS2_ws\s_function_pkgs\publishers\mat_airsim_pub_nonlib) by extension 'colcon_meta'
[7.740s] [34mcolcon.colcon_core.package_identification[0m [1;30mLevel 1[0m _identify(ROS2_ws\s_function_pkgs\publishers\mat_airsim_pub_nonlib) by extensions ['ros']
[7.740s] [34mcolcon.colcon_core.package_identification[0m [1;30mLevel 1[0m _identify(ROS2_ws\s_function_pkgs\publishers\mat_airsim_pub_nonlib) by extension 'ros'
[7.758s] [34mcolcon.colcon_core.package_identification[0m [1;30mDEBUG[0m [32mPackage 'ROS2_ws\s_function_pkgs\publishers\mat_airsim_pub_nonlib' with type 'ros.ament_cmake' and name 'mat_airsim_pub_nonlib'[0m
[7.758s] [34mcolcon.colcon_core.package_identification[0m [1;30mLevel 1[0m _identify(ROS2_ws\s_function_pkgs\subscribers) by extensions ['ignore', 'ignore_ament_install']
[7.758s] [34mcolcon.colcon_core.package_identification[0m [1;30mLevel 1[0m _identify(ROS2_ws\s_function_pkgs\subscribers) by extension 'ignore'
[7.758s] [34mcolcon.colcon_core.package_identification[0m [1;30mLevel 1[0m _identify(ROS2_ws\s_function_pkgs\subscribers) by extension 'ignore_ament_install'
[7.758s] [34mcolcon.colcon_core.package_identification[0m [1;30mLevel 1[0m _identify(ROS2_ws\s_function_pkgs\subscribers) by extensions ['colcon_pkg']
[7.759s] [34mcolcon.colcon_core.package_identification[0m [1;30mLevel 1[0m _identify(ROS2_ws\s_function_pkgs\subscribers) by extension 'colcon_pkg'
[7.759s] [34mcolcon.colcon_core.package_identification[0m [1;30mLevel 1[0m _identify(ROS2_ws\s_function_pkgs\subscribers) by extensions ['colcon_meta']
[7.759s] [34mcolcon.colcon_core.package_identification[0m [1;30mLevel 1[0m _identify(ROS2_ws\s_function_pkgs\subscribers) by extension 'colcon_meta'
[7.759s] [34mcolcon.colcon_core.package_identification[0m [1;30mLevel 1[0m _identify(ROS2_ws\s_function_pkgs\subscribers) by extensions ['ros']
[7.759s] [34mcolcon.colcon_core.package_identification[0m [1;30mLevel 1[0m _identify(ROS2_ws\s_function_pkgs\subscribers) by extension 'ros'
[7.759s] [34mcolcon.colcon_core.package_identification[0m [1;30mLevel 1[0m _identify(ROS2_ws\s_function_pkgs\subscribers) by extensions ['cmake', 'python']
[7.759s] [34mcolcon.colcon_core.package_identification[0m [1;30mLevel 1[0m _identify(ROS2_ws\s_function_pkgs\subscribers) by extension 'cmake'
[7.759s] [34mcolcon.colcon_core.package_identification[0m [1;30mLevel 1[0m _identify(ROS2_ws\s_function_pkgs\subscribers) by extension 'python'
[7.759s] [34mcolcon.colcon_core.package_identification[0m [1;30mLevel 1[0m _identify(ROS2_ws\s_function_pkgs\subscribers) by extensions ['python_setup_py']
[7.759s] [34mcolcon.colcon_core.package_identification[0m [1;30mLevel 1[0m _identify(ROS2_ws\s_function_pkgs\subscribers) by extension 'python_setup_py'
[7.760s] [34mcolcon.colcon_core.package_identification[0m [1;30mLevel 1[0m _identify(ROS2_ws\s_function_pkgs\subscribers\psw_sub) by extensions ['ignore', 'ignore_ament_install']
[7.760s] [34mcolcon.colcon_core.package_identification[0m [1;30mLevel 1[0m _identify(ROS2_ws\s_function_pkgs\subscribers\psw_sub) by extension 'ignore'
[7.760s] [34mcolcon.colcon_core.package_identification[0m [1;30mLevel 1[0m _identify(ROS2_ws\s_function_pkgs\subscribers\psw_sub) by extension 'ignore_ament_install'
[7.760s] [34mcolcon.colcon_core.package_identification[0m [1;30mLevel 1[0m _identify(ROS2_ws\s_function_pkgs\subscribers\psw_sub) by extensions ['colcon_pkg']
[7.760s] [34mcolcon.colcon_core.package_identification[0m [1;30mLevel 1[0m _identify(ROS2_ws\s_function_pkgs\subscribers\psw_sub) by extension 'colcon_pkg'
[7.760s] [34mcolcon.colcon_core.package_identification[0m [1;30mLevel 1[0m _identify(ROS2_ws\s_function_pkgs\subscribers\psw_sub) by extensions ['colcon_meta']
[7.760s] [34mcolcon.colcon_core.package_identification[0m [1;30mLevel 1[0m _identify(ROS2_ws\s_function_pkgs\subscribers\psw_sub) by extension 'colcon_meta'
[7.760s] [34mcolcon.colcon_core.package_identification[0m [1;30mLevel 1[0m _identify(ROS2_ws\s_function_pkgs\subscribers\psw_sub) by extensions ['ros']
[7.760s] [34mcolcon.colcon_core.package_identification[0m [1;30mLevel 1[0m _identify(ROS2_ws\s_function_pkgs\subscribers\psw_sub) by extension 'ros'
[7.780s] [34mcolcon.colcon_core.package_identification[0m [1;30mDEBUG[0m [32mPackage 'ROS2_ws\s_function_pkgs\subscribers\psw_sub' with type 'ros.ament_cmake' and name 'psw_sub'[0m
[7.781s] [34mcolcon.colcon_core.package_identification[0m [1;30mLevel 1[0m _identify(ROS2_ws\s_function_pkgs\test) by extensions ['ignore', 'ignore_ament_install']
[7.781s] [34mcolcon.colcon_core.package_identification[0m [1;30mLevel 1[0m _identify(ROS2_ws\s_function_pkgs\test) by extension 'ignore'
[7.781s] [34mcolcon.colcon_core.package_identification[0m [1;30mLevel 1[0m _identify(ROS2_ws\s_function_pkgs\test) by extension 'ignore_ament_install'
[7.781s] [34mcolcon.colcon_core.package_identification[0m [1;30mLevel 1[0m _identify(ROS2_ws\s_function_pkgs\test) by extensions ['colcon_pkg']
[7.781s] [34mcolcon.colcon_core.package_identification[0m [1;30mLevel 1[0m _identify(ROS2_ws\s_function_pkgs\test) by extension 'colcon_pkg'
[7.781s] [34mcolcon.colcon_core.package_identification[0m [1;30mLevel 1[0m _identify(ROS2_ws\s_function_pkgs\test) by extensions ['colcon_meta']
[7.781s] [34mcolcon.colcon_core.package_identification[0m [1;30mLevel 1[0m _identify(ROS2_ws\s_function_pkgs\test) by extension 'colcon_meta'
[7.781s] [34mcolcon.colcon_core.package_identification[0m [1;30mLevel 1[0m _identify(ROS2_ws\s_function_pkgs\test) by extensions ['ros']
[7.781s] [34mcolcon.colcon_core.package_identification[0m [1;30mLevel 1[0m _identify(ROS2_ws\s_function_pkgs\test) by extension 'ros'
[7.781s] [34mcolcon.colcon_core.package_identification[0m [1;30mLevel 1[0m _identify(ROS2_ws\s_function_pkgs\test) by extensions ['cmake', 'python']
[7.781s] [34mcolcon.colcon_core.package_identification[0m [1;30mLevel 1[0m _identify(ROS2_ws\s_function_pkgs\test) by extension 'cmake'
[7.781s] [34mcolcon.colcon_core.package_identification[0m [1;30mLevel 1[0m _identify(ROS2_ws\s_function_pkgs\test) by extension 'python'
[7.781s] [34mcolcon.colcon_core.package_identification[0m [1;30mLevel 1[0m _identify(ROS2_ws\s_function_pkgs\test) by extensions ['python_setup_py']
[7.781s] [34mcolcon.colcon_core.package_identification[0m [1;30mLevel 1[0m _identify(ROS2_ws\s_function_pkgs\test) by extension 'python_setup_py'
[7.782s] [34mcolcon.colcon_core.package_identification[0m [1;30mLevel 1[0m _identify(ROS2_ws\visualization_pkgs) by extensions ['ignore', 'ignore_ament_install']
[7.782s] [34mcolcon.colcon_core.package_identification[0m [1;30mLevel 1[0m _identify(ROS2_ws\visualization_pkgs) by extension 'ignore'
[7.782s] [34mcolcon.colcon_core.package_identification[0m [1;30mLevel 1[0m _identify(ROS2_ws\visualization_pkgs) by extension 'ignore_ament_install'
[7.782s] [34mcolcon.colcon_core.package_identification[0m [1;30mLevel 1[0m _identify(ROS2_ws\visualization_pkgs) by extensions ['colcon_pkg']
[7.782s] [34mcolcon.colcon_core.package_identification[0m [1;30mLevel 1[0m _identify(ROS2_ws\visualization_pkgs) by extension 'colcon_pkg'
[7.782s] [34mcolcon.colcon_core.package_identification[0m [1;30mLevel 1[0m _identify(ROS2_ws\visualization_pkgs) by extensions ['colcon_meta']
[7.782s] [34mcolcon.colcon_core.package_identification[0m [1;30mLevel 1[0m _identify(ROS2_ws\visualization_pkgs) by extension 'colcon_meta'
[7.783s] [34mcolcon.colcon_core.package_identification[0m [1;30mLevel 1[0m _identify(ROS2_ws\visualization_pkgs) by extensions ['ros']
[7.783s] [34mcolcon.colcon_core.package_identification[0m [1;30mLevel 1[0m _identify(ROS2_ws\visualization_pkgs) by extension 'ros'
[7.783s] [34mcolcon.colcon_core.package_identification[0m [1;30mLevel 1[0m _identify(ROS2_ws\visualization_pkgs) by extensions ['cmake', 'python']
[7.783s] [34mcolcon.colcon_core.package_identification[0m [1;30mLevel 1[0m _identify(ROS2_ws\visualization_pkgs) by extension 'cmake'
[7.783s] [34mcolcon.colcon_core.package_identification[0m [1;30mLevel 1[0m _identify(ROS2_ws\visualization_pkgs) by extension 'python'
[7.783s] [34mcolcon.colcon_core.package_identification[0m [1;30mLevel 1[0m _identify(ROS2_ws\visualization_pkgs) by extensions ['python_setup_py']
[7.783s] [34mcolcon.colcon_core.package_identification[0m [1;30mLevel 1[0m _identify(ROS2_ws\visualization_pkgs) by extension 'python_setup_py'
[7.783s] [34mcolcon.colcon_core.package_identification[0m [1;30mLevel 1[0m _identify(ROS2_ws\visualization_pkgs\bam_2_airsim) by extensions ['ignore', 'ignore_ament_install']
[7.783s] [34mcolcon.colcon_core.package_identification[0m [1;30mLevel 1[0m _identify(ROS2_ws\visualization_pkgs\bam_2_airsim) by extension 'ignore'
[7.783s] [34mcolcon.colcon_core.package_identification[0m [1;30mLevel 1[0m _identify(ROS2_ws\visualization_pkgs\bam_2_airsim) by extension 'ignore_ament_install'
[7.784s] [34mcolcon.colcon_core.package_identification[0m [1;30mLevel 1[0m _identify(ROS2_ws\visualization_pkgs\bam_2_airsim) by extensions ['colcon_pkg']
[7.784s] [34mcolcon.colcon_core.package_identification[0m [1;30mLevel 1[0m _identify(ROS2_ws\visualization_pkgs\bam_2_airsim) by extension 'colcon_pkg'
[7.784s] [34mcolcon.colcon_core.package_identification[0m [1;30mLevel 1[0m _identify(ROS2_ws\visualization_pkgs\bam_2_airsim) by extensions ['colcon_meta']
[7.784s] [34mcolcon.colcon_core.package_identification[0m [1;30mLevel 1[0m _identify(ROS2_ws\visualization_pkgs\bam_2_airsim) by extension 'colcon_meta'
[7.784s] [34mcolcon.colcon_core.package_identification[0m [1;30mLevel 1[0m _identify(ROS2_ws\visualization_pkgs\bam_2_airsim) by extensions ['ros']
[7.784s] [34mcolcon.colcon_core.package_identification[0m [1;30mLevel 1[0m _identify(ROS2_ws\visualization_pkgs\bam_2_airsim) by extension 'ros'
[7.801s] [34mcolcon.colcon_core.package_identification[0m [1;30mDEBUG[0m [32mPackage 'ROS2_ws\visualization_pkgs\bam_2_airsim' with type 'ros.ament_cmake' and name 'bam_2_airsim_pkg'[0m
[7.802s] [34mcolcon.colcon_core.package_identification[0m [1;30mLevel 1[0m _identify(ROS2_ws\visualization_pkgs\drone_plotter_py) by extensions ['ignore', 'ignore_ament_install']
[7.802s] [34mcolcon.colcon_core.package_identification[0m [1;30mLevel 1[0m _identify(ROS2_ws\visualization_pkgs\drone_plotter_py) by extension 'ignore'
[7.802s] [34mcolcon.colcon_core.package_identification[0m [1;30mLevel 1[0m _identify(ROS2_ws\visualization_pkgs\drone_plotter_py) by extension 'ignore_ament_install'
[7.802s] [34mcolcon.colcon_core.package_identification[0m [1;30mLevel 1[0m _identify(ROS2_ws\visualization_pkgs\drone_plotter_py) by extensions ['colcon_pkg']
[7.802s] [34mcolcon.colcon_core.package_identification[0m [1;30mLevel 1[0m _identify(ROS2_ws\visualization_pkgs\drone_plotter_py) by extension 'colcon_pkg'
[7.802s] [34mcolcon.colcon_core.package_identification[0m [1;30mLevel 1[0m _identify(ROS2_ws\visualization_pkgs\drone_plotter_py) by extensions ['colcon_meta']
[7.802s] [34mcolcon.colcon_core.package_identification[0m [1;30mLevel 1[0m _identify(ROS2_ws\visualization_pkgs\drone_plotter_py) by extension 'colcon_meta'
[7.802s] [34mcolcon.colcon_core.package_identification[0m [1;30mLevel 1[0m _identify(ROS2_ws\visualization_pkgs\drone_plotter_py) by extensions ['ros']
[7.802s] [34mcolcon.colcon_core.package_identification[0m [1;30mLevel 1[0m _identify(ROS2_ws\visualization_pkgs\drone_plotter_py) by extension 'ros'
[7.817s] [34mcolcon.colcon_core.package_identification[0m [1;30mDEBUG[0m [32mPackage 'ROS2_ws\visualization_pkgs\drone_plotter_py' with type 'ros.ament_python' and name 'drone_plotter_py'[0m
[7.818s] [34mcolcon.colcon_core.package_identification[0m [1;30mLevel 1[0m _identify(Ref_Models) by extensions ['ignore', 'ignore_ament_install']
[7.818s] [34mcolcon.colcon_core.package_identification[0m [1;30mLevel 1[0m _identify(Ref_Models) by extension 'ignore'
[7.819s] [34mcolcon.colcon_core.package_identification[0m [1;30mLevel 1[0m _identify(Ref_Models) by extension 'ignore_ament_install'
[7.819s] [34mcolcon.colcon_core.package_identification[0m [1;30mLevel 1[0m _identify(Ref_Models) by extensions ['colcon_pkg']
[7.819s] [34mcolcon.colcon_core.package_identification[0m [1;30mLevel 1[0m _identify(Ref_Models) by extension 'colcon_pkg'
[7.819s] [34mcolcon.colcon_core.package_identification[0m [1;30mLevel 1[0m _identify(Ref_Models) by extensions ['colcon_meta']
[7.819s] [34mcolcon.colcon_core.package_identification[0m [1;30mLevel 1[0m _identify(Ref_Models) by extension 'colcon_meta'
[7.819s] [34mcolcon.colcon_core.package_identification[0m [1;30mLevel 1[0m _identify(Ref_Models) by extensions ['ros']
[7.819s] [34mcolcon.colcon_core.package_identification[0m [1;30mLevel 1[0m _identify(Ref_Models) by extension 'ros'
[7.819s] [34mcolcon.colcon_core.package_identification[0m [1;30mLevel 1[0m _identify(Ref_Models) by extensions ['cmake', 'python']
[7.819s] [34mcolcon.colcon_core.package_identification[0m [1;30mLevel 1[0m _identify(Ref_Models) by extension 'cmake'
[7.819s] [34mcolcon.colcon_core.package_identification[0m [1;30mLevel 1[0m _identify(Ref_Models) by extension 'python'
[7.819s] [34mcolcon.colcon_core.package_identification[0m [1;30mLevel 1[0m _identify(Ref_Models) by extensions ['python_setup_py']
[7.819s] [34mcolcon.colcon_core.package_identification[0m [1;30mLevel 1[0m _identify(Ref_Models) by extension 'python_setup_py'
[7.820s] [34mcolcon.colcon_core.package_identification[0m [1;30mLevel 1[0m _identify(Ref_Models\Autocode_RT_Pacing) by extensions ['ignore', 'ignore_ament_install']
[7.820s] [34mcolcon.colcon_core.package_identification[0m [1;30mLevel 1[0m _identify(Ref_Models\Autocode_RT_Pacing) by extension 'ignore'
[7.820s] [34mcolcon.colcon_core.package_identification[0m [1;30mLevel 1[0m _identify(Ref_Models\Autocode_RT_Pacing) by extension 'ignore_ament_install'
[7.820s] [34mcolcon.colcon_core.package_identification[0m [1;30mLevel 1[0m _identify(Ref_Models\Autocode_RT_Pacing) by extensions ['colcon_pkg']
[7.820s] [34mcolcon.colcon_core.package_identification[0m [1;30mLevel 1[0m _identify(Ref_Models\Autocode_RT_Pacing) by extension 'colcon_pkg'
[7.820s] [34mcolcon.colcon_core.package_identification[0m [1;30mLevel 1[0m _identify(Ref_Models\Autocode_RT_Pacing) by extensions ['colcon_meta']
[7.820s] [34mcolcon.colcon_core.package_identification[0m [1;30mLevel 1[0m _identify(Ref_Models\Autocode_RT_Pacing) by extension 'colcon_meta'
[7.821s] [34mcolcon.colcon_core.package_identification[0m [1;30mLevel 1[0m _identify(Ref_Models\Autocode_RT_Pacing) by extensions ['ros']
[7.821s] [34mcolcon.colcon_core.package_identification[0m [1;30mLevel 1[0m _identify(Ref_Models\Autocode_RT_Pacing) by extension 'ros'
[7.821s] [34mcolcon.colcon_core.package_identification[0m [1;30mLevel 1[0m _identify(Ref_Models\Autocode_RT_Pacing) by extensions ['cmake', 'python']
[7.821s] [34mcolcon.colcon_core.package_identification[0m [1;30mLevel 1[0m _identify(Ref_Models\Autocode_RT_Pacing) by extension 'cmake'
[7.821s] [34mcolcon.colcon_core.package_identification[0m [1;30mLevel 1[0m _identify(Ref_Models\Autocode_RT_Pacing) by extension 'python'
[7.821s] [34mcolcon.colcon_core.package_identification[0m [1;30mLevel 1[0m _identify(Ref_Models\Autocode_RT_Pacing) by extensions ['python_setup_py']
[7.821s] [34mcolcon.colcon_core.package_identification[0m [1;30mLevel 1[0m _identify(Ref_Models\Autocode_RT_Pacing) by extension 'python_setup_py'
[7.821s] [34mcolcon.colcon_core.package_identification[0m [1;30mLevel 1[0m _identify(Ref_Models\Baseball) by extensions ['ignore', 'ignore_ament_install']
[7.821s] [34mcolcon.colcon_core.package_identification[0m [1;30mLevel 1[0m _identify(Ref_Models\Baseball) by extension 'ignore'
[7.822s] [34mcolcon.colcon_core.package_identification[0m [1;30mLevel 1[0m _identify(Ref_Models\Baseball) by extension 'ignore_ament_install'
[7.822s] [34mcolcon.colcon_core.package_identification[0m [1;30mLevel 1[0m _identify(Ref_Models\Baseball) by extensions ['colcon_pkg']
[7.822s] [34mcolcon.colcon_core.package_identification[0m [1;30mLevel 1[0m _identify(Ref_Models\Baseball) by extension 'colcon_pkg'
[7.822s] [34mcolcon.colcon_core.package_identification[0m [1;30mLevel 1[0m _identify(Ref_Models\Baseball) by extensions ['colcon_meta']
[7.822s] [34mcolcon.colcon_core.package_identification[0m [1;30mLevel 1[0m _identify(Ref_Models\Baseball) by extension 'colcon_meta'
[7.822s] [34mcolcon.colcon_core.package_identification[0m [1;30mLevel 1[0m _identify(Ref_Models\Baseball) by extensions ['ros']
[7.822s] [34mcolcon.colcon_core.package_identification[0m [1;30mLevel 1[0m _identify(Ref_Models\Baseball) by extension 'ros'
[7.822s] [34mcolcon.colcon_core.package_identification[0m [1;30mLevel 1[0m _identify(Ref_Models\Baseball) by extensions ['cmake', 'python']
[7.822s] [34mcolcon.colcon_core.package_identification[0m [1;30mLevel 1[0m _identify(Ref_Models\Baseball) by extension 'cmake'
[7.822s] [34mcolcon.colcon_core.package_identification[0m [1;30mLevel 1[0m _identify(Ref_Models\Baseball) by extension 'python'
[7.822s] [34mcolcon.colcon_core.package_identification[0m [1;30mLevel 1[0m _identify(Ref_Models\Baseball) by extensions ['python_setup_py']
[7.822s] [34mcolcon.colcon_core.package_identification[0m [1;30mLevel 1[0m _identify(Ref_Models\Baseball) by extension 'python_setup_py'
[7.822s] [34mcolcon.colcon_core.package_identification[0m [1;30mLevel 1[0m _identify(Ref_Models\Controller) by extensions ['ignore', 'ignore_ament_install']
[7.822s] [34mcolcon.colcon_core.package_identification[0m [1;30mLevel 1[0m _identify(Ref_Models\Controller) by extension 'ignore'
[7.822s] [34mcolcon.colcon_core.package_identification[0m [1;30mLevel 1[0m _identify(Ref_Models\Controller) by extension 'ignore_ament_install'
[7.822s] [34mcolcon.colcon_core.package_identification[0m [1;30mLevel 1[0m _identify(Ref_Models\Controller) by extensions ['colcon_pkg']
[7.822s] [34mcolcon.colcon_core.package_identification[0m [1;30mLevel 1[0m _identify(Ref_Models\Controller) by extension 'colcon_pkg'
[7.822s] [34mcolcon.colcon_core.package_identification[0m [1;30mLevel 1[0m _identify(Ref_Models\Controller) by extensions ['colcon_meta']
[7.822s] [34mcolcon.colcon_core.package_identification[0m [1;30mLevel 1[0m _identify(Ref_Models\Controller) by extension 'colcon_meta'
[7.822s] [34mcolcon.colcon_core.package_identification[0m [1;30mLevel 1[0m _identify(Ref_Models\Controller) by extensions ['ros']
[7.822s] [34mcolcon.colcon_core.package_identification[0m [1;30mLevel 1[0m _identify(Ref_Models\Controller) by extension 'ros'
[7.824s] [34mcolcon.colcon_core.package_identification[0m [1;30mLevel 1[0m _identify(Ref_Models\Controller) by extensions ['cmake', 'python']
[7.824s] [34mcolcon.colcon_core.package_identification[0m [1;30mLevel 1[0m _identify(Ref_Models\Controller) by extension 'cmake'
[7.824s] [34mcolcon.colcon_core.package_identification[0m [1;30mLevel 1[0m _identify(Ref_Models\Controller) by extension 'python'
[7.824s] [34mcolcon.colcon_core.package_identification[0m [1;30mLevel 1[0m _identify(Ref_Models\Controller) by extensions ['python_setup_py']
[7.824s] [34mcolcon.colcon_core.package_identification[0m [1;30mLevel 1[0m _identify(Ref_Models\Controller) by extension 'python_setup_py'
[7.824s] [34mcolcon.colcon_core.package_identification[0m [1;30mLevel 1[0m _identify(Ref_Models\Environment) by extensions ['ignore', 'ignore_ament_install']
[7.824s] [34mcolcon.colcon_core.package_identification[0m [1;30mLevel 1[0m _identify(Ref_Models\Environment) by extension 'ignore'
[7.824s] [34mcolcon.colcon_core.package_identification[0m [1;30mLevel 1[0m _identify(Ref_Models\Environment) by extension 'ignore_ament_install'
[7.824s] [34mcolcon.colcon_core.package_identification[0m [1;30mLevel 1[0m _identify(Ref_Models\Environment) by extensions ['colcon_pkg']
[7.824s] [34mcolcon.colcon_core.package_identification[0m [1;30mLevel 1[0m _identify(Ref_Models\Environment) by extension 'colcon_pkg'
[7.824s] [34mcolcon.colcon_core.package_identification[0m [1;30mLevel 1[0m _identify(Ref_Models\Environment) by extensions ['colcon_meta']
[7.824s] [34mcolcon.colcon_core.package_identification[0m [1;30mLevel 1[0m _identify(Ref_Models\Environment) by extension 'colcon_meta'
[7.825s] [34mcolcon.colcon_core.package_identification[0m [1;30mLevel 1[0m _identify(Ref_Models\Environment) by extensions ['ros']
[7.825s] [34mcolcon.colcon_core.package_identification[0m [1;30mLevel 1[0m _identify(Ref_Models\Environment) by extension 'ros'
[7.825s] [34mcolcon.colcon_core.package_identification[0m [1;30mLevel 1[0m _identify(Ref_Models\Environment) by extensions ['cmake', 'python']
[7.825s] [34mcolcon.colcon_core.package_identification[0m [1;30mLevel 1[0m _identify(Ref_Models\Environment) by extension 'cmake'
[7.825s] [34mcolcon.colcon_core.package_identification[0m [1;30mLevel 1[0m _identify(Ref_Models\Environment) by extension 'python'
[7.825s] [34mcolcon.colcon_core.package_identification[0m [1;30mLevel 1[0m _identify(Ref_Models\Environment) by extensions ['python_setup_py']
[7.825s] [34mcolcon.colcon_core.package_identification[0m [1;30mLevel 1[0m _identify(Ref_Models\Environment) by extension 'python_setup_py'
[7.826s] [34mcolcon.colcon_core.package_identification[0m [1;30mLevel 1[0m _identify(Ref_Models\Plots) by extensions ['ignore', 'ignore_ament_install']
[7.826s] [34mcolcon.colcon_core.package_identification[0m [1;30mLevel 1[0m _identify(Ref_Models\Plots) by extension 'ignore'
[7.826s] [34mcolcon.colcon_core.package_identification[0m [1;30mLevel 1[0m _identify(Ref_Models\Plots) by extension 'ignore_ament_install'
[7.826s] [34mcolcon.colcon_core.package_identification[0m [1;30mLevel 1[0m _identify(Ref_Models\Plots) by extensions ['colcon_pkg']
[7.826s] [34mcolcon.colcon_core.package_identification[0m [1;30mLevel 1[0m _identify(Ref_Models\Plots) by extension 'colcon_pkg'
[7.826s] [34mcolcon.colcon_core.package_identification[0m [1;30mLevel 1[0m _identify(Ref_Models\Plots) by extensions ['colcon_meta']
[7.826s] [34mcolcon.colcon_core.package_identification[0m [1;30mLevel 1[0m _identify(Ref_Models\Plots) by extension 'colcon_meta'
[7.826s] [34mcolcon.colcon_core.package_identification[0m [1;30mLevel 1[0m _identify(Ref_Models\Plots) by extensions ['ros']
[7.826s] [34mcolcon.colcon_core.package_identification[0m [1;30mLevel 1[0m _identify(Ref_Models\Plots) by extension 'ros'
[7.826s] [34mcolcon.colcon_core.package_identification[0m [1;30mLevel 1[0m _identify(Ref_Models\Plots) by extensions ['cmake', 'python']
[7.826s] [34mcolcon.colcon_core.package_identification[0m [1;30mLevel 1[0m _identify(Ref_Models\Plots) by extension 'cmake'
[7.826s] [34mcolcon.colcon_core.package_identification[0m [1;30mLevel 1[0m _identify(Ref_Models\Plots) by extension 'python'
[7.827s] [34mcolcon.colcon_core.package_identification[0m [1;30mLevel 1[0m _identify(Ref_Models\Plots) by extensions ['python_setup_py']
[7.827s] [34mcolcon.colcon_core.package_identification[0m [1;30mLevel 1[0m _identify(Ref_Models\Plots) by extension 'python_setup_py'
[7.827s] [34mcolcon.colcon_core.package_identification[0m [1;30mLevel 1[0m _identify(Ref_Models\Plots\Saved_Figures) by extensions ['ignore', 'ignore_ament_install']
[7.827s] [34mcolcon.colcon_core.package_identification[0m [1;30mLevel 1[0m _identify(Ref_Models\Plots\Saved_Figures) by extension 'ignore'
[7.827s] [34mcolcon.colcon_core.package_identification[0m [1;30mLevel 1[0m _identify(Ref_Models\Plots\Saved_Figures) by extension 'ignore_ament_install'
[7.827s] [34mcolcon.colcon_core.package_identification[0m [1;30mLevel 1[0m _identify(Ref_Models\Plots\Saved_Figures) by extensions ['colcon_pkg']
[7.827s] [34mcolcon.colcon_core.package_identification[0m [1;30mLevel 1[0m _identify(Ref_Models\Plots\Saved_Figures) by extension 'colcon_pkg'
[7.827s] [34mcolcon.colcon_core.package_identification[0m [1;30mLevel 1[0m _identify(Ref_Models\Plots\Saved_Figures) by extensions ['colcon_meta']
[7.827s] [34mcolcon.colcon_core.package_identification[0m [1;30mLevel 1[0m _identify(Ref_Models\Plots\Saved_Figures) by extension 'colcon_meta'
[7.828s] [34mcolcon.colcon_core.package_identification[0m [1;30mLevel 1[0m _identify(Ref_Models\Plots\Saved_Figures) by extensions ['ros']
[7.828s] [34mcolcon.colcon_core.package_identification[0m [1;30mLevel 1[0m _identify(Ref_Models\Plots\Saved_Figures) by extension 'ros'
[7.828s] [34mcolcon.colcon_core.package_identification[0m [1;30mLevel 1[0m _identify(Ref_Models\Plots\Saved_Figures) by extensions ['cmake', 'python']
[7.828s] [34mcolcon.colcon_core.package_identification[0m [1;30mLevel 1[0m _identify(Ref_Models\Plots\Saved_Figures) by extension 'cmake'
[7.828s] [34mcolcon.colcon_core.package_identification[0m [1;30mLevel 1[0m _identify(Ref_Models\Plots\Saved_Figures) by extension 'python'
[7.828s] [34mcolcon.colcon_core.package_identification[0m [1;30mLevel 1[0m _identify(Ref_Models\Plots\Saved_Figures) by extensions ['python_setup_py']
[7.828s] [34mcolcon.colcon_core.package_identification[0m [1;30mLevel 1[0m _identify(Ref_Models\Plots\Saved_Figures) by extension 'python_setup_py'
[7.828s] [34mcolcon.colcon_core.package_identification[0m [1;30mLevel 1[0m _identify(Ref_Models\ROS2) by extensions ['ignore', 'ignore_ament_install']
[7.829s] [34mcolcon.colcon_core.package_identification[0m [1;30mLevel 1[0m _identify(Ref_Models\ROS2) by extension 'ignore'
[7.829s] [34mcolcon.colcon_core.package_identification[0m [1;30mLevel 1[0m _identify(Ref_Models\ROS2) by extension 'ignore_ament_install'
[7.829s] [34mcolcon.colcon_core.package_identification[0m [1;30mLevel 1[0m _identify(Ref_Models\ROS2) by extensions ['colcon_pkg']
[7.829s] [34mcolcon.colcon_core.package_identification[0m [1;30mLevel 1[0m _identify(Ref_Models\ROS2) by extension 'colcon_pkg'
[7.829s] [34mcolcon.colcon_core.package_identification[0m [1;30mLevel 1[0m _identify(Ref_Models\ROS2) by extensions ['colcon_meta']
[7.829s] [34mcolcon.colcon_core.package_identification[0m [1;30mLevel 1[0m _identify(Ref_Models\ROS2) by extension 'colcon_meta'
[7.829s] [34mcolcon.colcon_core.package_identification[0m [1;30mLevel 1[0m _identify(Ref_Models\ROS2) by extensions ['ros']
[7.829s] [34mcolcon.colcon_core.package_identification[0m [1;30mLevel 1[0m _identify(Ref_Models\ROS2) by extension 'ros'
[7.829s] [34mcolcon.colcon_core.package_identification[0m [1;30mLevel 1[0m _identify(Ref_Models\ROS2) by extensions ['cmake', 'python']
[7.829s] [34mcolcon.colcon_core.package_identification[0m [1;30mLevel 1[0m _identify(Ref_Models\ROS2) by extension 'cmake'
[7.829s] [34mcolcon.colcon_core.package_identification[0m [1;30mLevel 1[0m _identify(Ref_Models\ROS2) by extension 'python'
[7.829s] [34mcolcon.colcon_core.package_identification[0m [1;30mLevel 1[0m _identify(Ref_Models\ROS2) by extensions ['python_setup_py']
[7.829s] [34mcolcon.colcon_core.package_identification[0m [1;30mLevel 1[0m _identify(Ref_Models\ROS2) by extension 'python_setup_py'
[7.830s] [34mcolcon.colcon_core.package_identification[0m [1;30mLevel 1[0m _identify(Ref_Models\Ref_Inputs) by extensions ['ignore', 'ignore_ament_install']
[7.830s] [34mcolcon.colcon_core.package_identification[0m [1;30mLevel 1[0m _identify(Ref_Models\Ref_Inputs) by extension 'ignore'
[7.830s] [34mcolcon.colcon_core.package_identification[0m [1;30mLevel 1[0m _identify(Ref_Models\Ref_Inputs) by extension 'ignore_ament_install'
[7.830s] [34mcolcon.colcon_core.package_identification[0m [1;30mLevel 1[0m _identify(Ref_Models\Ref_Inputs) by extensions ['colcon_pkg']
[7.830s] [34mcolcon.colcon_core.package_identification[0m [1;30mLevel 1[0m _identify(Ref_Models\Ref_Inputs) by extension 'colcon_pkg'
[7.830s] [34mcolcon.colcon_core.package_identification[0m [1;30mLevel 1[0m _identify(Ref_Models\Ref_Inputs) by extensions ['colcon_meta']
[7.830s] [34mcolcon.colcon_core.package_identification[0m [1;30mLevel 1[0m _identify(Ref_Models\Ref_Inputs) by extension 'colcon_meta'
[7.830s] [34mcolcon.colcon_core.package_identification[0m [1;30mLevel 1[0m _identify(Ref_Models\Ref_Inputs) by extensions ['ros']
[7.830s] [34mcolcon.colcon_core.package_identification[0m [1;30mLevel 1[0m _identify(Ref_Models\Ref_Inputs) by extension 'ros'
[7.830s] [34mcolcon.colcon_core.package_identification[0m [1;30mLevel 1[0m _identify(Ref_Models\Ref_Inputs) by extensions ['cmake', 'python']
[7.830s] [34mcolcon.colcon_core.package_identification[0m [1;30mLevel 1[0m _identify(Ref_Models\Ref_Inputs) by extension 'cmake'
[7.830s] [34mcolcon.colcon_core.package_identification[0m [1;30mLevel 1[0m _identify(Ref_Models\Ref_Inputs) by extension 'python'
[7.830s] [34mcolcon.colcon_core.package_identification[0m [1;30mLevel 1[0m _identify(Ref_Models\Ref_Inputs) by extensions ['python_setup_py']
[7.830s] [34mcolcon.colcon_core.package_identification[0m [1;30mLevel 1[0m _identify(Ref_Models\Ref_Inputs) by extension 'python_setup_py'
[7.831s] [34mcolcon.colcon_core.package_identification[0m [1;30mLevel 1[0m _identify(Ref_Models\Sensors) by extensions ['ignore', 'ignore_ament_install']
[7.831s] [34mcolcon.colcon_core.package_identification[0m [1;30mLevel 1[0m _identify(Ref_Models\Sensors) by extension 'ignore'
[7.831s] [34mcolcon.colcon_core.package_identification[0m [1;30mLevel 1[0m _identify(Ref_Models\Sensors) by extension 'ignore_ament_install'
[7.831s] [34mcolcon.colcon_core.package_identification[0m [1;30mLevel 1[0m _identify(Ref_Models\Sensors) by extensions ['colcon_pkg']
[7.831s] [34mcolcon.colcon_core.package_identification[0m [1;30mLevel 1[0m _identify(Ref_Models\Sensors) by extension 'colcon_pkg'
[7.831s] [34mcolcon.colcon_core.package_identification[0m [1;30mLevel 1[0m _identify(Ref_Models\Sensors) by extensions ['colcon_meta']
[7.831s] [34mcolcon.colcon_core.package_identification[0m [1;30mLevel 1[0m _identify(Ref_Models\Sensors) by extension 'colcon_meta'
[7.831s] [34mcolcon.colcon_core.package_identification[0m [1;30mLevel 1[0m _identify(Ref_Models\Sensors) by extensions ['ros']
[7.831s] [34mcolcon.colcon_core.package_identification[0m [1;30mLevel 1[0m _identify(Ref_Models\Sensors) by extension 'ros'
[7.831s] [34mcolcon.colcon_core.package_identification[0m [1;30mLevel 1[0m _identify(Ref_Models\Sensors) by extensions ['cmake', 'python']
[7.831s] [34mcolcon.colcon_core.package_identification[0m [1;30mLevel 1[0m _identify(Ref_Models\Sensors) by extension 'cmake'
[7.832s] [34mcolcon.colcon_core.package_identification[0m [1;30mLevel 1[0m _identify(Ref_Models\Sensors) by extension 'python'
[7.832s] [34mcolcon.colcon_core.package_identification[0m [1;30mLevel 1[0m _identify(Ref_Models\Sensors) by extensions ['python_setup_py']
[7.832s] [34mcolcon.colcon_core.package_identification[0m [1;30mLevel 1[0m _identify(Ref_Models\Sensors) by extension 'python_setup_py'
[7.832s] [34mcolcon.colcon_core.package_identification[0m [1;30mLevel 1[0m _identify(Trim) by extensions ['ignore', 'ignore_ament_install']
[7.832s] [34mcolcon.colcon_core.package_identification[0m [1;30mLevel 1[0m _identify(Trim) by extension 'ignore'
[7.832s] [34mcolcon.colcon_core.package_identification[0m [1;30mLevel 1[0m _identify(Trim) by extension 'ignore_ament_install'
[7.832s] [34mcolcon.colcon_core.package_identification[0m [1;30mLevel 1[0m _identify(Trim) by extensions ['colcon_pkg']
[7.832s] [34mcolcon.colcon_core.package_identification[0m [1;30mLevel 1[0m _identify(Trim) by extension 'colcon_pkg'
[7.832s] [34mcolcon.colcon_core.package_identification[0m [1;30mLevel 1[0m _identify(Trim) by extensions ['colcon_meta']
[7.833s] [34mcolcon.colcon_core.package_identification[0m [1;30mLevel 1[0m _identify(Trim) by extension 'colcon_meta'
[7.833s] [34mcolcon.colcon_core.package_identification[0m [1;30mLevel 1[0m _identify(Trim) by extensions ['ros']
[7.833s] [34mcolcon.colcon_core.package_identification[0m [1;30mLevel 1[0m _identify(Trim) by extension 'ros'
[7.833s] [34mcolcon.colcon_core.package_identification[0m [1;30mLevel 1[0m _identify(Trim) by extensions ['cmake', 'python']
[7.833s] [34mcolcon.colcon_core.package_identification[0m [1;30mLevel 1[0m _identify(Trim) by extension 'cmake'
[7.833s] [34mcolcon.colcon_core.package_identification[0m [1;30mLevel 1[0m _identify(Trim) by extension 'python'
[7.833s] [34mcolcon.colcon_core.package_identification[0m [1;30mLevel 1[0m _identify(Trim) by extensions ['python_setup_py']
[7.833s] [34mcolcon.colcon_core.package_identification[0m [1;30mLevel 1[0m _identify(Trim) by extension 'python_setup_py'
[7.834s] [34mcolcon.colcon_core.package_identification[0m [1;30mLevel 1[0m _identify(Util) by extensions ['ignore', 'ignore_ament_install']
[7.834s] [34mcolcon.colcon_core.package_identification[0m [1;30mLevel 1[0m _identify(Util) by extension 'ignore'
[7.834s] [34mcolcon.colcon_core.package_identification[0m [1;30mLevel 1[0m _identify(Util) by extension 'ignore_ament_install'
[7.834s] [34mcolcon.colcon_core.package_identification[0m [1;30mLevel 1[0m _identify(Util) by extensions ['colcon_pkg']
[7.834s] [34mcolcon.colcon_core.package_identification[0m [1;30mLevel 1[0m _identify(Util) by extension 'colcon_pkg'
[7.834s] [34mcolcon.colcon_core.package_identification[0m [1;30mLevel 1[0m _identify(Util) by extensions ['colcon_meta']
[7.834s] [34mcolcon.colcon_core.package_identification[0m [1;30mLevel 1[0m _identify(Util) by extension 'colcon_meta'
[7.834s] [34mcolcon.colcon_core.package_identification[0m [1;30mLevel 1[0m _identify(Util) by extensions ['ros']
[7.834s] [34mcolcon.colcon_core.package_identification[0m [1;30mLevel 1[0m _identify(Util) by extension 'ros'
[7.834s] [34mcolcon.colcon_core.package_identification[0m [1;30mLevel 1[0m _identify(Util) by extensions ['cmake', 'python']
[7.834s] [34mcolcon.colcon_core.package_identification[0m [1;30mLevel 1[0m _identify(Util) by extension 'cmake'
[7.834s] [34mcolcon.colcon_core.package_identification[0m [1;30mLevel 1[0m _identify(Util) by extension 'python'
[7.834s] [34mcolcon.colcon_core.package_identification[0m [1;30mLevel 1[0m _identify(Util) by extensions ['python_setup_py']
[7.834s] [34mcolcon.colcon_core.package_identification[0m [1;30mLevel 1[0m _identify(Util) by extension 'python_setup_py'
[7.835s] [34mcolcon.colcon_core.package_identification[0m [1;30mLevel 1[0m _identify(VisualEnv) by extensions ['ignore', 'ignore_ament_install']
[7.835s] [34mcolcon.colcon_core.package_identification[0m [1;30mLevel 1[0m _identify(VisualEnv) by extension 'ignore'
[7.835s] [34mcolcon.colcon_core.package_identification[0m [1;30mLevel 1[0m _identify(VisualEnv) by extension 'ignore_ament_install'
[7.835s] [34mcolcon.colcon_core.package_identification[0m [1;30mLevel 1[0m _identify(VisualEnv) by extensions ['colcon_pkg']
[7.835s] [34mcolcon.colcon_core.package_identification[0m [1;30mLevel 1[0m _identify(VisualEnv) by extension 'colcon_pkg'
[7.835s] [34mcolcon.colcon_core.package_identification[0m [1;30mLevel 1[0m _identify(VisualEnv) by extensions ['colcon_meta']
[7.835s] [34mcolcon.colcon_core.package_identification[0m [1;30mLevel 1[0m _identify(VisualEnv) by extension 'colcon_meta'
[7.835s] [34mcolcon.colcon_core.package_identification[0m [1;30mLevel 1[0m _identify(VisualEnv) by extensions ['ros']
[7.835s] [34mcolcon.colcon_core.package_identification[0m [1;30mLevel 1[0m _identify(VisualEnv) by extension 'ros'
[7.835s] [34mcolcon.colcon_core.package_identification[0m [1;30mLevel 1[0m _identify(VisualEnv) by extensions ['cmake', 'python']
[7.835s] [34mcolcon.colcon_core.package_identification[0m [1;30mLevel 1[0m _identify(VisualEnv) by extension 'cmake'
[7.835s] [34mcolcon.colcon_core.package_identification[0m [1;30mLevel 1[0m _identify(VisualEnv) by extension 'python'
[7.836s] [34mcolcon.colcon_core.package_identification[0m [1;30mLevel 1[0m _identify(VisualEnv) by extensions ['python_setup_py']
[7.836s] [34mcolcon.colcon_core.package_identification[0m [1;30mLevel 1[0m _identify(VisualEnv) by extension 'python_setup_py'
[7.836s] [34mcolcon.colcon_core.package_identification[0m [1;30mLevel 1[0m _identify(VisualEnv\UnrealEngine) by extensions ['ignore', 'ignore_ament_install']
[7.836s] [34mcolcon.colcon_core.package_identification[0m [1;30mLevel 1[0m _identify(VisualEnv\UnrealEngine) by extension 'ignore'
[7.836s] [34mcolcon.colcon_core.package_identification[0m [1;30mLevel 1[0m _identify(VisualEnv\UnrealEngine) by extension 'ignore_ament_install'
[7.836s] [34mcolcon.colcon_core.package_identification[0m [1;30mLevel 1[0m _identify(VisualEnv\UnrealEngine) by extensions ['colcon_pkg']
[7.836s] [34mcolcon.colcon_core.package_identification[0m [1;30mLevel 1[0m _identify(VisualEnv\UnrealEngine) by extension 'colcon_pkg'
[7.836s] [34mcolcon.colcon_core.package_identification[0m [1;30mLevel 1[0m _identify(VisualEnv\UnrealEngine) by extensions ['colcon_meta']
[7.836s] [34mcolcon.colcon_core.package_identification[0m [1;30mLevel 1[0m _identify(VisualEnv\UnrealEngine) by extension 'colcon_meta'
[7.836s] [34mcolcon.colcon_core.package_identification[0m [1;30mLevel 1[0m _identify(VisualEnv\UnrealEngine) by extensions ['ros']
[7.836s] [34mcolcon.colcon_core.package_identification[0m [1;30mLevel 1[0m _identify(VisualEnv\UnrealEngine) by extension 'ros'
[7.836s] [34mcolcon.colcon_core.package_identification[0m [1;30mLevel 1[0m _identify(VisualEnv\UnrealEngine) by extensions ['cmake', 'python']
[7.836s] [34mcolcon.colcon_core.package_identification[0m [1;30mLevel 1[0m _identify(VisualEnv\UnrealEngine) by extension 'cmake'
[7.836s] [34mcolcon.colcon_core.package_identification[0m [1;30mLevel 1[0m _identify(VisualEnv\UnrealEngine) by extension 'python'
[7.837s] [34mcolcon.colcon_core.package_identification[0m [1;30mLevel 1[0m _identify(VisualEnv\UnrealEngine) by extensions ['python_setup_py']
[7.837s] [34mcolcon.colcon_core.package_identification[0m [1;30mLevel 1[0m _identify(VisualEnv\UnrealEngine) by extension 'python_setup_py'
[7.837s] [34mcolcon.colcon_core.package_identification[0m [1;30mLevel 1[0m _identify(VisualEnv\UnrealEngine\Win_BAM_English_College) by extensions ['ignore', 'ignore_ament_install']
[7.837s] [34mcolcon.colcon_core.package_identification[0m [1;30mLevel 1[0m _identify(VisualEnv\UnrealEngine\Win_BAM_English_College) by extension 'ignore'
[7.837s] [34mcolcon.colcon_core.package_identification[0m [1;30mLevel 1[0m _identify(VisualEnv\UnrealEngine\Win_BAM_English_College) by extension 'ignore_ament_install'
[7.837s] [34mcolcon.colcon_core.package_identification[0m [1;30mLevel 1[0m _identify(VisualEnv\UnrealEngine\Win_BAM_English_College) by extensions ['colcon_pkg']
[7.837s] [34mcolcon.colcon_core.package_identification[0m [1;30mLevel 1[0m _identify(VisualEnv\UnrealEngine\Win_BAM_English_College) by extension 'colcon_pkg'
[7.837s] [34mcolcon.colcon_core.package_identification[0m [1;30mLevel 1[0m _identify(VisualEnv\UnrealEngine\Win_BAM_English_College) by extensions ['colcon_meta']
[7.837s] [34mcolcon.colcon_core.package_identification[0m [1;30mLevel 1[0m _identify(VisualEnv\UnrealEngine\Win_BAM_English_College) by extension 'colcon_meta'
[7.837s] [34mcolcon.colcon_core.package_identification[0m [1;30mLevel 1[0m _identify(VisualEnv\UnrealEngine\Win_BAM_English_College) by extensions ['ros']
[7.837s] [34mcolcon.colcon_core.package_identification[0m [1;30mLevel 1[0m _identify(VisualEnv\UnrealEngine\Win_BAM_English_College) by extension 'ros'
[7.837s] [34mcolcon.colcon_core.package_identification[0m [1;30mLevel 1[0m _identify(VisualEnv\UnrealEngine\Win_BAM_English_College) by extensions ['cmake', 'python']
[7.838s] [34mcolcon.colcon_core.package_identification[0m [1;30mLevel 1[0m _identify(VisualEnv\UnrealEngine\Win_BAM_English_College) by extension 'cmake'
[7.838s] [34mcolcon.colcon_core.package_identification[0m [1;30mLevel 1[0m _identify(VisualEnv\UnrealEngine\Win_BAM_English_College) by extension 'python'
[7.838s] [34mcolcon.colcon_core.package_identification[0m [1;30mLevel 1[0m _identify(VisualEnv\UnrealEngine\Win_BAM_English_College) by extensions ['python_setup_py']
[7.838s] [34mcolcon.colcon_core.package_identification[0m [1;30mLevel 1[0m _identify(VisualEnv\UnrealEngine\Win_BAM_English_College) by extension 'python_setup_py'
[7.838s] [34mcolcon.colcon_core.package_identification[0m [1;30mLevel 1[0m _identify(VisualEnv\UnrealEngine\Win_BAM_English_College\Engine) by extensions ['ignore', 'ignore_ament_install']
[7.838s] [34mcolcon.colcon_core.package_identification[0m [1;30mLevel 1[0m _identify(VisualEnv\UnrealEngine\Win_BAM_English_College\Engine) by extension 'ignore'
[7.838s] [34mcolcon.colcon_core.package_identification[0m [1;30mLevel 1[0m _identify(VisualEnv\UnrealEngine\Win_BAM_English_College\Engine) by extension 'ignore_ament_install'
[7.838s] [34mcolcon.colcon_core.package_identification[0m [1;30mLevel 1[0m _identify(VisualEnv\UnrealEngine\Win_BAM_English_College\Engine) by extensions ['colcon_pkg']
[7.838s] [34mcolcon.colcon_core.package_identification[0m [1;30mLevel 1[0m _identify(VisualEnv\UnrealEngine\Win_BAM_English_College\Engine) by extension 'colcon_pkg'
[7.838s] [34mcolcon.colcon_core.package_identification[0m [1;30mLevel 1[0m _identify(VisualEnv\UnrealEngine\Win_BAM_English_College\Engine) by extensions ['colcon_meta']
[7.838s] [34mcolcon.colcon_core.package_identification[0m [1;30mLevel 1[0m _identify(VisualEnv\UnrealEngine\Win_BAM_English_College\Engine) by extension 'colcon_meta'
[7.838s] [34mcolcon.colcon_core.package_identification[0m [1;30mLevel 1[0m _identify(VisualEnv\UnrealEngine\Win_BAM_English_College\Engine) by extensions ['ros']
[7.838s] [34mcolcon.colcon_core.package_identification[0m [1;30mLevel 1[0m _identify(VisualEnv\UnrealEngine\Win_BAM_English_College\Engine) by extension 'ros'
[7.839s] [34mcolcon.colcon_core.package_identification[0m [1;30mLevel 1[0m _identify(VisualEnv\UnrealEngine\Win_BAM_English_College\Engine) by extensions ['cmake', 'python']
[7.839s] [34mcolcon.colcon_core.package_identification[0m [1;30mLevel 1[0m _identify(VisualEnv\UnrealEngine\Win_BAM_English_College\Engine) by extension 'cmake'
[7.839s] [34mcolcon.colcon_core.package_identification[0m [1;30mLevel 1[0m _identify(VisualEnv\UnrealEngine\Win_BAM_English_College\Engine) by extension 'python'
[7.839s] [34mcolcon.colcon_core.package_identification[0m [1;30mLevel 1[0m _identify(VisualEnv\UnrealEngine\Win_BAM_English_College\Engine) by extensions ['python_setup_py']
[7.839s] [34mcolcon.colcon_core.package_identification[0m [1;30mLevel 1[0m _identify(VisualEnv\UnrealEngine\Win_BAM_English_College\Engine) by extension 'python_setup_py'
[7.839s] [34mcolcon.colcon_core.package_identification[0m [1;30mLevel 1[0m _identify(VisualEnv\UnrealEngine\Win_BAM_English_College\Engine\Binaries) by extensions ['ignore', 'ignore_ament_install']
[7.839s] [34mcolcon.colcon_core.package_identification[0m [1;30mLevel 1[0m _identify(VisualEnv\UnrealEngine\Win_BAM_English_College\Engine\Binaries) by extension 'ignore'
[7.839s] [34mcolcon.colcon_core.package_identification[0m [1;30mLevel 1[0m _identify(VisualEnv\UnrealEngine\Win_BAM_English_College\Engine\Binaries) by extension 'ignore_ament_install'
[7.839s] [34mcolcon.colcon_core.package_identification[0m [1;30mLevel 1[0m _identify(VisualEnv\UnrealEngine\Win_BAM_English_College\Engine\Binaries) by extensions ['colcon_pkg']
[7.839s] [34mcolcon.colcon_core.package_identification[0m [1;30mLevel 1[0m _identify(VisualEnv\UnrealEngine\Win_BAM_English_College\Engine\Binaries) by extension 'colcon_pkg'
[7.839s] [34mcolcon.colcon_core.package_identification[0m [1;30mLevel 1[0m _identify(VisualEnv\UnrealEngine\Win_BAM_English_College\Engine\Binaries) by extensions ['colcon_meta']
[7.839s] [34mcolcon.colcon_core.package_identification[0m [1;30mLevel 1[0m _identify(VisualEnv\UnrealEngine\Win_BAM_English_College\Engine\Binaries) by extension 'colcon_meta'
[7.840s] [34mcolcon.colcon_core.package_identification[0m [1;30mLevel 1[0m _identify(VisualEnv\UnrealEngine\Win_BAM_English_College\Engine\Binaries) by extensions ['ros']
[7.840s] [34mcolcon.colcon_core.package_identification[0m [1;30mLevel 1[0m _identify(VisualEnv\UnrealEngine\Win_BAM_English_College\Engine\Binaries) by extension 'ros'
[7.840s] [34mcolcon.colcon_core.package_identification[0m [1;30mLevel 1[0m _identify(VisualEnv\UnrealEngine\Win_BAM_English_College\Engine\Binaries) by extensions ['cmake', 'python']
[7.840s] [34mcolcon.colcon_core.package_identification[0m [1;30mLevel 1[0m _identify(VisualEnv\UnrealEngine\Win_BAM_English_College\Engine\Binaries) by extension 'cmake'
[7.840s] [34mcolcon.colcon_core.package_identification[0m [1;30mLevel 1[0m _identify(VisualEnv\UnrealEngine\Win_BAM_English_College\Engine\Binaries) by extension 'python'
[7.840s] [34mcolcon.colcon_core.package_identification[0m [1;30mLevel 1[0m _identify(VisualEnv\UnrealEngine\Win_BAM_English_College\Engine\Binaries) by extensions ['python_setup_py']
[7.840s] [34mcolcon.colcon_core.package_identification[0m [1;30mLevel 1[0m _identify(VisualEnv\UnrealEngine\Win_BAM_English_College\Engine\Binaries) by extension 'python_setup_py'
[7.840s] [34mcolcon.colcon_core.package_identification[0m [1;30mLevel 1[0m _identify(VisualEnv\UnrealEngine\Win_BAM_English_College\Engine\Binaries\ThirdParty) by extensions ['ignore', 'ignore_ament_install']
[7.840s] [34mcolcon.colcon_core.package_identification[0m [1;30mLevel 1[0m _identify(VisualEnv\UnrealEngine\Win_BAM_English_College\Engine\Binaries\ThirdParty) by extension 'ignore'
[7.840s] [34mcolcon.colcon_core.package_identification[0m [1;30mLevel 1[0m _identify(VisualEnv\UnrealEngine\Win_BAM_English_College\Engine\Binaries\ThirdParty) by extension 'ignore_ament_install'
[7.841s] [34mcolcon.colcon_core.package_identification[0m [1;30mLevel 1[0m _identify(VisualEnv\UnrealEngine\Win_BAM_English_College\Engine\Binaries\ThirdParty) by extensions ['colcon_pkg']
[7.841s] [34mcolcon.colcon_core.package_identification[0m [1;30mLevel 1[0m _identify(VisualEnv\UnrealEngine\Win_BAM_English_College\Engine\Binaries\ThirdParty) by extension 'colcon_pkg'
[7.841s] [34mcolcon.colcon_core.package_identification[0m [1;30mLevel 1[0m _identify(VisualEnv\UnrealEngine\Win_BAM_English_College\Engine\Binaries\ThirdParty) by extensions ['colcon_meta']
[7.841s] [34mcolcon.colcon_core.package_identification[0m [1;30mLevel 1[0m _identify(VisualEnv\UnrealEngine\Win_BAM_English_College\Engine\Binaries\ThirdParty) by extension 'colcon_meta'
[7.841s] [34mcolcon.colcon_core.package_identification[0m [1;30mLevel 1[0m _identify(VisualEnv\UnrealEngine\Win_BAM_English_College\Engine\Binaries\ThirdParty) by extensions ['ros']
[7.841s] [34mcolcon.colcon_core.package_identification[0m [1;30mLevel 1[0m _identify(VisualEnv\UnrealEngine\Win_BAM_English_College\Engine\Binaries\ThirdParty) by extension 'ros'
[7.841s] [34mcolcon.colcon_core.package_identification[0m [1;30mLevel 1[0m _identify(VisualEnv\UnrealEngine\Win_BAM_English_College\Engine\Binaries\ThirdParty) by extensions ['cmake', 'python']
[7.841s] [34mcolcon.colcon_core.package_identification[0m [1;30mLevel 1[0m _identify(VisualEnv\UnrealEngine\Win_BAM_English_College\Engine\Binaries\ThirdParty) by extension 'cmake'
[7.841s] [34mcolcon.colcon_core.package_identification[0m [1;30mLevel 1[0m _identify(VisualEnv\UnrealEngine\Win_BAM_English_College\Engine\Binaries\ThirdParty) by extension 'python'
[7.841s] [34mcolcon.colcon_core.package_identification[0m [1;30mLevel 1[0m _identify(VisualEnv\UnrealEngine\Win_BAM_English_College\Engine\Binaries\ThirdParty) by extensions ['python_setup_py']
[7.841s] [34mcolcon.colcon_core.package_identification[0m [1;30mLevel 1[0m _identify(VisualEnv\UnrealEngine\Win_BAM_English_College\Engine\Binaries\ThirdParty) by extension 'python_setup_py'
[7.841s] [34mcolcon.colcon_core.package_identification[0m [1;30mLevel 1[0m _identify(VisualEnv\UnrealEngine\Win_BAM_English_College\Engine\Binaries\ThirdParty\DbgHelp) by extensions ['ignore', 'ignore_ament_install']
[7.841s] [34mcolcon.colcon_core.package_identification[0m [1;30mLevel 1[0m _identify(VisualEnv\UnrealEngine\Win_BAM_English_College\Engine\Binaries\ThirdParty\DbgHelp) by extension 'ignore'
[7.842s] [34mcolcon.colcon_core.package_identification[0m [1;30mLevel 1[0m _identify(VisualEnv\UnrealEngine\Win_BAM_English_College\Engine\Binaries\ThirdParty\DbgHelp) by extension 'ignore_ament_install'
[7.842s] [34mcolcon.colcon_core.package_identification[0m [1;30mLevel 1[0m _identify(VisualEnv\UnrealEngine\Win_BAM_English_College\Engine\Binaries\ThirdParty\DbgHelp) by extensions ['colcon_pkg']
[7.842s] [34mcolcon.colcon_core.package_identification[0m [1;30mLevel 1[0m _identify(VisualEnv\UnrealEngine\Win_BAM_English_College\Engine\Binaries\ThirdParty\DbgHelp) by extension 'colcon_pkg'
[7.842s] [34mcolcon.colcon_core.package_identification[0m [1;30mLevel 1[0m _identify(VisualEnv\UnrealEngine\Win_BAM_English_College\Engine\Binaries\ThirdParty\DbgHelp) by extensions ['colcon_meta']
[7.842s] [34mcolcon.colcon_core.package_identification[0m [1;30mLevel 1[0m _identify(VisualEnv\UnrealEngine\Win_BAM_English_College\Engine\Binaries\ThirdParty\DbgHelp) by extension 'colcon_meta'
[7.842s] [34mcolcon.colcon_core.package_identification[0m [1;30mLevel 1[0m _identify(VisualEnv\UnrealEngine\Win_BAM_English_College\Engine\Binaries\ThirdParty\DbgHelp) by extensions ['ros']
[7.842s] [34mcolcon.colcon_core.package_identification[0m [1;30mLevel 1[0m _identify(VisualEnv\UnrealEngine\Win_BAM_English_College\Engine\Binaries\ThirdParty\DbgHelp) by extension 'ros'
[7.842s] [34mcolcon.colcon_core.package_identification[0m [1;30mLevel 1[0m _identify(VisualEnv\UnrealEngine\Win_BAM_English_College\Engine\Binaries\ThirdParty\DbgHelp) by extensions ['cmake', 'python']
[7.842s] [34mcolcon.colcon_core.package_identification[0m [1;30mLevel 1[0m _identify(VisualEnv\UnrealEngine\Win_BAM_English_College\Engine\Binaries\ThirdParty\DbgHelp) by extension 'cmake'
[7.842s] [34mcolcon.colcon_core.package_identification[0m [1;30mLevel 1[0m _identify(VisualEnv\UnrealEngine\Win_BAM_English_College\Engine\Binaries\ThirdParty\DbgHelp) by extension 'python'
[7.842s] [34mcolcon.colcon_core.package_identification[0m [1;30mLevel 1[0m _identify(VisualEnv\UnrealEngine\Win_BAM_English_College\Engine\Binaries\ThirdParty\DbgHelp) by extensions ['python_setup_py']
[7.842s] [34mcolcon.colcon_core.package_identification[0m [1;30mLevel 1[0m _identify(VisualEnv\UnrealEngine\Win_BAM_English_College\Engine\Binaries\ThirdParty\DbgHelp) by extension 'python_setup_py'
[7.843s] [34mcolcon.colcon_core.package_identification[0m [1;30mLevel 1[0m _identify(VisualEnv\UnrealEngine\Win_BAM_English_College\Engine\Binaries\ThirdParty\MsQuic) by extensions ['ignore', 'ignore_ament_install']
[7.843s] [34mcolcon.colcon_core.package_identification[0m [1;30mLevel 1[0m _identify(VisualEnv\UnrealEngine\Win_BAM_English_College\Engine\Binaries\ThirdParty\MsQuic) by extension 'ignore'
[7.843s] [34mcolcon.colcon_core.package_identification[0m [1;30mLevel 1[0m _identify(VisualEnv\UnrealEngine\Win_BAM_English_College\Engine\Binaries\ThirdParty\MsQuic) by extension 'ignore_ament_install'
[7.843s] [34mcolcon.colcon_core.package_identification[0m [1;30mLevel 1[0m _identify(VisualEnv\UnrealEngine\Win_BAM_English_College\Engine\Binaries\ThirdParty\MsQuic) by extensions ['colcon_pkg']
[7.843s] [34mcolcon.colcon_core.package_identification[0m [1;30mLevel 1[0m _identify(VisualEnv\UnrealEngine\Win_BAM_English_College\Engine\Binaries\ThirdParty\MsQuic) by extension 'colcon_pkg'
[7.843s] [34mcolcon.colcon_core.package_identification[0m [1;30mLevel 1[0m _identify(VisualEnv\UnrealEngine\Win_BAM_English_College\Engine\Binaries\ThirdParty\MsQuic) by extensions ['colcon_meta']
[7.843s] [34mcolcon.colcon_core.package_identification[0m [1;30mLevel 1[0m _identify(VisualEnv\UnrealEngine\Win_BAM_English_College\Engine\Binaries\ThirdParty\MsQuic) by extension 'colcon_meta'
[7.843s] [34mcolcon.colcon_core.package_identification[0m [1;30mLevel 1[0m _identify(VisualEnv\UnrealEngine\Win_BAM_English_College\Engine\Binaries\ThirdParty\MsQuic) by extensions ['ros']
[7.843s] [34mcolcon.colcon_core.package_identification[0m [1;30mLevel 1[0m _identify(VisualEnv\UnrealEngine\Win_BAM_English_College\Engine\Binaries\ThirdParty\MsQuic) by extension 'ros'
[7.844s] [34mcolcon.colcon_core.package_identification[0m [1;30mLevel 1[0m _identify(VisualEnv\UnrealEngine\Win_BAM_English_College\Engine\Binaries\ThirdParty\MsQuic) by extensions ['cmake', 'python']
[7.844s] [34mcolcon.colcon_core.package_identification[0m [1;30mLevel 1[0m _identify(VisualEnv\UnrealEngine\Win_BAM_English_College\Engine\Binaries\ThirdParty\MsQuic) by extension 'cmake'
[7.844s] [34mcolcon.colcon_core.package_identification[0m [1;30mLevel 1[0m _identify(VisualEnv\UnrealEngine\Win_BAM_English_College\Engine\Binaries\ThirdParty\MsQuic) by extension 'python'
[7.844s] [34mcolcon.colcon_core.package_identification[0m [1;30mLevel 1[0m _identify(VisualEnv\UnrealEngine\Win_BAM_English_College\Engine\Binaries\ThirdParty\MsQuic) by extensions ['python_setup_py']
[7.844s] [34mcolcon.colcon_core.package_identification[0m [1;30mLevel 1[0m _identify(VisualEnv\UnrealEngine\Win_BAM_English_College\Engine\Binaries\ThirdParty\MsQuic) by extension 'python_setup_py'
[7.844s] [34mcolcon.colcon_core.package_identification[0m [1;30mLevel 1[0m _identify(VisualEnv\UnrealEngine\Win_BAM_English_College\Engine\Binaries\ThirdParty\MsQuic\v220) by extensions ['ignore', 'ignore_ament_install']
[7.844s] [34mcolcon.colcon_core.package_identification[0m [1;30mLevel 1[0m _identify(VisualEnv\UnrealEngine\Win_BAM_English_College\Engine\Binaries\ThirdParty\MsQuic\v220) by extension 'ignore'
[7.844s] [34mcolcon.colcon_core.package_identification[0m [1;30mLevel 1[0m _identify(VisualEnv\UnrealEngine\Win_BAM_English_College\Engine\Binaries\ThirdParty\MsQuic\v220) by extension 'ignore_ament_install'
[7.845s] [34mcolcon.colcon_core.package_identification[0m [1;30mLevel 1[0m _identify(VisualEnv\UnrealEngine\Win_BAM_English_College\Engine\Binaries\ThirdParty\MsQuic\v220) by extensions ['colcon_pkg']
[7.845s] [34mcolcon.colcon_core.package_identification[0m [1;30mLevel 1[0m _identify(VisualEnv\UnrealEngine\Win_BAM_English_College\Engine\Binaries\ThirdParty\MsQuic\v220) by extension 'colcon_pkg'
[7.845s] [34mcolcon.colcon_core.package_identification[0m [1;30mLevel 1[0m _identify(VisualEnv\UnrealEngine\Win_BAM_English_College\Engine\Binaries\ThirdParty\MsQuic\v220) by extensions ['colcon_meta']
[7.845s] [34mcolcon.colcon_core.package_identification[0m [1;30mLevel 1[0m _identify(VisualEnv\UnrealEngine\Win_BAM_English_College\Engine\Binaries\ThirdParty\MsQuic\v220) by extension 'colcon_meta'
[7.845s] [34mcolcon.colcon_core.package_identification[0m [1;30mLevel 1[0m _identify(VisualEnv\UnrealEngine\Win_BAM_English_College\Engine\Binaries\ThirdParty\MsQuic\v220) by extensions ['ros']
[7.845s] [34mcolcon.colcon_core.package_identification[0m [1;30mLevel 1[0m _identify(VisualEnv\UnrealEngine\Win_BAM_English_College\Engine\Binaries\ThirdParty\MsQuic\v220) by extension 'ros'
[7.845s] [34mcolcon.colcon_core.package_identification[0m [1;30mLevel 1[0m _identify(VisualEnv\UnrealEngine\Win_BAM_English_College\Engine\Binaries\ThirdParty\MsQuic\v220) by extensions ['cmake', 'python']
[7.845s] [34mcolcon.colcon_core.package_identification[0m [1;30mLevel 1[0m _identify(VisualEnv\UnrealEngine\Win_BAM_English_College\Engine\Binaries\ThirdParty\MsQuic\v220) by extension 'cmake'
[7.845s] [34mcolcon.colcon_core.package_identification[0m [1;30mLevel 1[0m _identify(VisualEnv\UnrealEngine\Win_BAM_English_College\Engine\Binaries\ThirdParty\MsQuic\v220) by extension 'python'
[7.845s] [34mcolcon.colcon_core.package_identification[0m [1;30mLevel 1[0m _identify(VisualEnv\UnrealEngine\Win_BAM_English_College\Engine\Binaries\ThirdParty\MsQuic\v220) by extensions ['python_setup_py']
[7.845s] [34mcolcon.colcon_core.package_identification[0m [1;30mLevel 1[0m _identify(VisualEnv\UnrealEngine\Win_BAM_English_College\Engine\Binaries\ThirdParty\MsQuic\v220) by extension 'python_setup_py'
[7.845s] [34mcolcon.colcon_core.package_identification[0m [1;30mLevel 1[0m _identify(VisualEnv\UnrealEngine\Win_BAM_English_College\Engine\Binaries\ThirdParty\MsQuic\v220\win64) by extensions ['ignore', 'ignore_ament_install']
[7.845s] [34mcolcon.colcon_core.package_identification[0m [1;30mLevel 1[0m _identify(VisualEnv\UnrealEngine\Win_BAM_English_College\Engine\Binaries\ThirdParty\MsQuic\v220\win64) by extension 'ignore'
[7.846s] [34mcolcon.colcon_core.package_identification[0m [1;30mLevel 1[0m _identify(VisualEnv\UnrealEngine\Win_BAM_English_College\Engine\Binaries\ThirdParty\MsQuic\v220\win64) by extension 'ignore_ament_install'
[7.846s] [34mcolcon.colcon_core.package_identification[0m [1;30mLevel 1[0m _identify(VisualEnv\UnrealEngine\Win_BAM_English_College\Engine\Binaries\ThirdParty\MsQuic\v220\win64) by extensions ['colcon_pkg']
[7.846s] [34mcolcon.colcon_core.package_identification[0m [1;30mLevel 1[0m _identify(VisualEnv\UnrealEngine\Win_BAM_English_College\Engine\Binaries\ThirdParty\MsQuic\v220\win64) by extension 'colcon_pkg'
[7.846s] [34mcolcon.colcon_core.package_identification[0m [1;30mLevel 1[0m _identify(VisualEnv\UnrealEngine\Win_BAM_English_College\Engine\Binaries\ThirdParty\MsQuic\v220\win64) by extensions ['colcon_meta']
[7.846s] [34mcolcon.colcon_core.package_identification[0m [1;30mLevel 1[0m _identify(VisualEnv\UnrealEngine\Win_BAM_English_College\Engine\Binaries\ThirdParty\MsQuic\v220\win64) by extension 'colcon_meta'
[7.846s] [34mcolcon.colcon_core.package_identification[0m [1;30mLevel 1[0m _identify(VisualEnv\UnrealEngine\Win_BAM_English_College\Engine\Binaries\ThirdParty\MsQuic\v220\win64) by extensions ['ros']
[7.846s] [34mcolcon.colcon_core.package_identification[0m [1;30mLevel 1[0m _identify(VisualEnv\UnrealEngine\Win_BAM_English_College\Engine\Binaries\ThirdParty\MsQuic\v220\win64) by extension 'ros'
[7.847s] [34mcolcon.colcon_core.package_identification[0m [1;30mLevel 1[0m _identify(VisualEnv\UnrealEngine\Win_BAM_English_College\Engine\Binaries\ThirdParty\MsQuic\v220\win64) by extensions ['cmake', 'python']
[7.847s] [34mcolcon.colcon_core.package_identification[0m [1;30mLevel 1[0m _identify(VisualEnv\UnrealEngine\Win_BAM_English_College\Engine\Binaries\ThirdParty\MsQuic\v220\win64) by extension 'cmake'
[7.847s] [34mcolcon.colcon_core.package_identification[0m [1;30mLevel 1[0m _identify(VisualEnv\UnrealEngine\Win_BAM_English_College\Engine\Binaries\ThirdParty\MsQuic\v220\win64) by extension 'python'
[7.847s] [34mcolcon.colcon_core.package_identification[0m [1;30mLevel 1[0m _identify(VisualEnv\UnrealEngine\Win_BAM_English_College\Engine\Binaries\ThirdParty\MsQuic\v220\win64) by extensions ['python_setup_py']
[7.847s] [34mcolcon.colcon_core.package_identification[0m [1;30mLevel 1[0m _identify(VisualEnv\UnrealEngine\Win_BAM_English_College\Engine\Binaries\ThirdParty\MsQuic\v220\win64) by extension 'python_setup_py'
[7.847s] [34mcolcon.colcon_core.package_identification[0m [1;30mLevel 1[0m _identify(VisualEnv\UnrealEngine\Win_BAM_English_College\Engine\Binaries\ThirdParty\NVIDIA) by extensions ['ignore', 'ignore_ament_install']
[7.847s] [34mcolcon.colcon_core.package_identification[0m [1;30mLevel 1[0m _identify(VisualEnv\UnrealEngine\Win_BAM_English_College\Engine\Binaries\ThirdParty\NVIDIA) by extension 'ignore'
[7.847s] [34mcolcon.colcon_core.package_identification[0m [1;30mLevel 1[0m _identify(VisualEnv\UnrealEngine\Win_BAM_English_College\Engine\Binaries\ThirdParty\NVIDIA) by extension 'ignore_ament_install'
[7.847s] [34mcolcon.colcon_core.package_identification[0m [1;30mLevel 1[0m _identify(VisualEnv\UnrealEngine\Win_BAM_English_College\Engine\Binaries\ThirdParty\NVIDIA) by extensions ['colcon_pkg']
[7.847s] [34mcolcon.colcon_core.package_identification[0m [1;30mLevel 1[0m _identify(VisualEnv\UnrealEngine\Win_BAM_English_College\Engine\Binaries\ThirdParty\NVIDIA) by extension 'colcon_pkg'
[7.847s] [34mcolcon.colcon_core.package_identification[0m [1;30mLevel 1[0m _identify(VisualEnv\UnrealEngine\Win_BAM_English_College\Engine\Binaries\ThirdParty\NVIDIA) by extensions ['colcon_meta']
[7.847s] [34mcolcon.colcon_core.package_identification[0m [1;30mLevel 1[0m _identify(VisualEnv\UnrealEngine\Win_BAM_English_College\Engine\Binaries\ThirdParty\NVIDIA) by extension 'colcon_meta'
[7.847s] [34mcolcon.colcon_core.package_identification[0m [1;30mLevel 1[0m _identify(VisualEnv\UnrealEngine\Win_BAM_English_College\Engine\Binaries\ThirdParty\NVIDIA) by extensions ['ros']
[7.848s] [34mcolcon.colcon_core.package_identification[0m [1;30mLevel 1[0m _identify(VisualEnv\UnrealEngine\Win_BAM_English_College\Engine\Binaries\ThirdParty\NVIDIA) by extension 'ros'
[7.848s] [34mcolcon.colcon_core.package_identification[0m [1;30mLevel 1[0m _identify(VisualEnv\UnrealEngine\Win_BAM_English_College\Engine\Binaries\ThirdParty\NVIDIA) by extensions ['cmake', 'python']
[7.848s] [34mcolcon.colcon_core.package_identification[0m [1;30mLevel 1[0m _identify(VisualEnv\UnrealEngine\Win_BAM_English_College\Engine\Binaries\ThirdParty\NVIDIA) by extension 'cmake'
[7.848s] [34mcolcon.colcon_core.package_identification[0m [1;30mLevel 1[0m _identify(VisualEnv\UnrealEngine\Win_BAM_English_College\Engine\Binaries\ThirdParty\NVIDIA) by extension 'python'
[7.848s] [34mcolcon.colcon_core.package_identification[0m [1;30mLevel 1[0m _identify(VisualEnv\UnrealEngine\Win_BAM_English_College\Engine\Binaries\ThirdParty\NVIDIA) by extensions ['python_setup_py']
[7.848s] [34mcolcon.colcon_core.package_identification[0m [1;30mLevel 1[0m _identify(VisualEnv\UnrealEngine\Win_BAM_English_College\Engine\Binaries\ThirdParty\NVIDIA) by extension 'python_setup_py'
[7.848s] [34mcolcon.colcon_core.package_identification[0m [1;30mLevel 1[0m _identify(VisualEnv\UnrealEngine\Win_BAM_English_College\Engine\Binaries\ThirdParty\NVIDIA\NVaftermath) by extensions ['ignore', 'ignore_ament_install']
[7.848s] [34mcolcon.colcon_core.package_identification[0m [1;30mLevel 1[0m _identify(VisualEnv\UnrealEngine\Win_BAM_English_College\Engine\Binaries\ThirdParty\NVIDIA\NVaftermath) by extension 'ignore'
[7.848s] [34mcolcon.colcon_core.package_identification[0m [1;30mLevel 1[0m _identify(VisualEnv\UnrealEngine\Win_BAM_English_College\Engine\Binaries\ThirdParty\NVIDIA\NVaftermath) by extension 'ignore_ament_install'
[7.848s] [34mcolcon.colcon_core.package_identification[0m [1;30mLevel 1[0m _identify(VisualEnv\UnrealEngine\Win_BAM_English_College\Engine\Binaries\ThirdParty\NVIDIA\NVaftermath) by extensions ['colcon_pkg']
[7.849s] [34mcolcon.colcon_core.package_identification[0m [1;30mLevel 1[0m _identify(VisualEnv\UnrealEngine\Win_BAM_English_College\Engine\Binaries\ThirdParty\NVIDIA\NVaftermath) by extension 'colcon_pkg'
[7.849s] [34mcolcon.colcon_core.package_identification[0m [1;30mLevel 1[0m _identify(VisualEnv\UnrealEngine\Win_BAM_English_College\Engine\Binaries\ThirdParty\NVIDIA\NVaftermath) by extensions ['colcon_meta']
[7.849s] [34mcolcon.colcon_core.package_identification[0m [1;30mLevel 1[0m _identify(VisualEnv\UnrealEngine\Win_BAM_English_College\Engine\Binaries\ThirdParty\NVIDIA\NVaftermath) by extension 'colcon_meta'
[7.849s] [34mcolcon.colcon_core.package_identification[0m [1;30mLevel 1[0m _identify(VisualEnv\UnrealEngine\Win_BAM_English_College\Engine\Binaries\ThirdParty\NVIDIA\NVaftermath) by extensions ['ros']
[7.849s] [34mcolcon.colcon_core.package_identification[0m [1;30mLevel 1[0m _identify(VisualEnv\UnrealEngine\Win_BAM_English_College\Engine\Binaries\ThirdParty\NVIDIA\NVaftermath) by extension 'ros'
[7.849s] [34mcolcon.colcon_core.package_identification[0m [1;30mLevel 1[0m _identify(VisualEnv\UnrealEngine\Win_BAM_English_College\Engine\Binaries\ThirdParty\NVIDIA\NVaftermath) by extensions ['cmake', 'python']
[7.849s] [34mcolcon.colcon_core.package_identification[0m [1;30mLevel 1[0m _identify(VisualEnv\UnrealEngine\Win_BAM_English_College\Engine\Binaries\ThirdParty\NVIDIA\NVaftermath) by extension 'cmake'
[7.849s] [34mcolcon.colcon_core.package_identification[0m [1;30mLevel 1[0m _identify(VisualEnv\UnrealEngine\Win_BAM_English_College\Engine\Binaries\ThirdParty\NVIDIA\NVaftermath) by extension 'python'
[7.849s] [34mcolcon.colcon_core.package_identification[0m [1;30mLevel 1[0m _identify(VisualEnv\UnrealEngine\Win_BAM_English_College\Engine\Binaries\ThirdParty\NVIDIA\NVaftermath) by extensions ['python_setup_py']
[7.849s] [34mcolcon.colcon_core.package_identification[0m [1;30mLevel 1[0m _identify(VisualEnv\UnrealEngine\Win_BAM_English_College\Engine\Binaries\ThirdParty\NVIDIA\NVaftermath) by extension 'python_setup_py'
[7.849s] [34mcolcon.colcon_core.package_identification[0m [1;30mLevel 1[0m _identify(VisualEnv\UnrealEngine\Win_BAM_English_College\Engine\Binaries\ThirdParty\NVIDIA\NVaftermath\Win64) by extensions ['ignore', 'ignore_ament_install']
[7.849s] [34mcolcon.colcon_core.package_identification[0m [1;30mLevel 1[0m _identify(VisualEnv\UnrealEngine\Win_BAM_English_College\Engine\Binaries\ThirdParty\NVIDIA\NVaftermath\Win64) by extension 'ignore'
[7.849s] [34mcolcon.colcon_core.package_identification[0m [1;30mLevel 1[0m _identify(VisualEnv\UnrealEngine\Win_BAM_English_College\Engine\Binaries\ThirdParty\NVIDIA\NVaftermath\Win64) by extension 'ignore_ament_install'
[7.849s] [34mcolcon.colcon_core.package_identification[0m [1;30mLevel 1[0m _identify(VisualEnv\UnrealEngine\Win_BAM_English_College\Engine\Binaries\ThirdParty\NVIDIA\NVaftermath\Win64) by extensions ['colcon_pkg']
[7.850s] [34mcolcon.colcon_core.package_identification[0m [1;30mLevel 1[0m _identify(VisualEnv\UnrealEngine\Win_BAM_English_College\Engine\Binaries\ThirdParty\NVIDIA\NVaftermath\Win64) by extension 'colcon_pkg'
[7.850s] [34mcolcon.colcon_core.package_identification[0m [1;30mLevel 1[0m _identify(VisualEnv\UnrealEngine\Win_BAM_English_College\Engine\Binaries\ThirdParty\NVIDIA\NVaftermath\Win64) by extensions ['colcon_meta']
[7.850s] [34mcolcon.colcon_core.package_identification[0m [1;30mLevel 1[0m _identify(VisualEnv\UnrealEngine\Win_BAM_English_College\Engine\Binaries\ThirdParty\NVIDIA\NVaftermath\Win64) by extension 'colcon_meta'
[7.850s] [34mcolcon.colcon_core.package_identification[0m [1;30mLevel 1[0m _identify(VisualEnv\UnrealEngine\Win_BAM_English_College\Engine\Binaries\ThirdParty\NVIDIA\NVaftermath\Win64) by extensions ['ros']
[7.850s] [34mcolcon.colcon_core.package_identification[0m [1;30mLevel 1[0m _identify(VisualEnv\UnrealEngine\Win_BAM_English_College\Engine\Binaries\ThirdParty\NVIDIA\NVaftermath\Win64) by extension 'ros'
[7.850s] [34mcolcon.colcon_core.package_identification[0m [1;30mLevel 1[0m _identify(VisualEnv\UnrealEngine\Win_BAM_English_College\Engine\Binaries\ThirdParty\NVIDIA\NVaftermath\Win64) by extensions ['cmake', 'python']
[7.850s] [34mcolcon.colcon_core.package_identification[0m [1;30mLevel 1[0m _identify(VisualEnv\UnrealEngine\Win_BAM_English_College\Engine\Binaries\ThirdParty\NVIDIA\NVaftermath\Win64) by extension 'cmake'
[7.850s] [34mcolcon.colcon_core.package_identification[0m [1;30mLevel 1[0m _identify(VisualEnv\UnrealEngine\Win_BAM_English_College\Engine\Binaries\ThirdParty\NVIDIA\NVaftermath\Win64) by extension 'python'
[7.850s] [34mcolcon.colcon_core.package_identification[0m [1;30mLevel 1[0m _identify(VisualEnv\UnrealEngine\Win_BAM_English_College\Engine\Binaries\ThirdParty\NVIDIA\NVaftermath\Win64) by extensions ['python_setup_py']
[7.850s] [34mcolcon.colcon_core.package_identification[0m [1;30mLevel 1[0m _identify(VisualEnv\UnrealEngine\Win_BAM_English_College\Engine\Binaries\ThirdParty\NVIDIA\NVaftermath\Win64) by extension 'python_setup_py'
[7.850s] [34mcolcon.colcon_core.package_identification[0m [1;30mLevel 1[0m _identify(VisualEnv\UnrealEngine\Win_BAM_English_College\Engine\Binaries\ThirdParty\Ogg) by extensions ['ignore', 'ignore_ament_install']
[7.850s] [34mcolcon.colcon_core.package_identification[0m [1;30mLevel 1[0m _identify(VisualEnv\UnrealEngine\Win_BAM_English_College\Engine\Binaries\ThirdParty\Ogg) by extension 'ignore'
[7.850s] [34mcolcon.colcon_core.package_identification[0m [1;30mLevel 1[0m _identify(VisualEnv\UnrealEngine\Win_BAM_English_College\Engine\Binaries\ThirdParty\Ogg) by extension 'ignore_ament_install'
[7.850s] [34mcolcon.colcon_core.package_identification[0m [1;30mLevel 1[0m _identify(VisualEnv\UnrealEngine\Win_BAM_English_College\Engine\Binaries\ThirdParty\Ogg) by extensions ['colcon_pkg']
[7.851s] [34mcolcon.colcon_core.package_identification[0m [1;30mLevel 1[0m _identify(VisualEnv\UnrealEngine\Win_BAM_English_College\Engine\Binaries\ThirdParty\Ogg) by extension 'colcon_pkg'
[7.851s] [34mcolcon.colcon_core.package_identification[0m [1;30mLevel 1[0m _identify(VisualEnv\UnrealEngine\Win_BAM_English_College\Engine\Binaries\ThirdParty\Ogg) by extensions ['colcon_meta']
[7.851s] [34mcolcon.colcon_core.package_identification[0m [1;30mLevel 1[0m _identify(VisualEnv\UnrealEngine\Win_BAM_English_College\Engine\Binaries\ThirdParty\Ogg) by extension 'colcon_meta'
[7.851s] [34mcolcon.colcon_core.package_identification[0m [1;30mLevel 1[0m _identify(VisualEnv\UnrealEngine\Win_BAM_English_College\Engine\Binaries\ThirdParty\Ogg) by extensions ['ros']
[7.851s] [34mcolcon.colcon_core.package_identification[0m [1;30mLevel 1[0m _identify(VisualEnv\UnrealEngine\Win_BAM_English_College\Engine\Binaries\ThirdParty\Ogg) by extension 'ros'
[7.851s] [34mcolcon.colcon_core.package_identification[0m [1;30mLevel 1[0m _identify(VisualEnv\UnrealEngine\Win_BAM_English_College\Engine\Binaries\ThirdParty\Ogg) by extensions ['cmake', 'python']
[7.851s] [34mcolcon.colcon_core.package_identification[0m [1;30mLevel 1[0m _identify(VisualEnv\UnrealEngine\Win_BAM_English_College\Engine\Binaries\ThirdParty\Ogg) by extension 'cmake'
[7.851s] [34mcolcon.colcon_core.package_identification[0m [1;30mLevel 1[0m _identify(VisualEnv\UnrealEngine\Win_BAM_English_College\Engine\Binaries\ThirdParty\Ogg) by extension 'python'
[7.851s] [34mcolcon.colcon_core.package_identification[0m [1;30mLevel 1[0m _identify(VisualEnv\UnrealEngine\Win_BAM_English_College\Engine\Binaries\ThirdParty\Ogg) by extensions ['python_setup_py']
[7.851s] [34mcolcon.colcon_core.package_identification[0m [1;30mLevel 1[0m _identify(VisualEnv\UnrealEngine\Win_BAM_English_College\Engine\Binaries\ThirdParty\Ogg) by extension 'python_setup_py'
[7.851s] [34mcolcon.colcon_core.package_identification[0m [1;30mLevel 1[0m _identify(VisualEnv\UnrealEngine\Win_BAM_English_College\Engine\Binaries\ThirdParty\Ogg\Win64) by extensions ['ignore', 'ignore_ament_install']
[7.851s] [34mcolcon.colcon_core.package_identification[0m [1;30mLevel 1[0m _identify(VisualEnv\UnrealEngine\Win_BAM_English_College\Engine\Binaries\ThirdParty\Ogg\Win64) by extension 'ignore'
[7.851s] [34mcolcon.colcon_core.package_identification[0m [1;30mLevel 1[0m _identify(VisualEnv\UnrealEngine\Win_BAM_English_College\Engine\Binaries\ThirdParty\Ogg\Win64) by extension 'ignore_ament_install'
[7.852s] [34mcolcon.colcon_core.package_identification[0m [1;30mLevel 1[0m _identify(VisualEnv\UnrealEngine\Win_BAM_English_College\Engine\Binaries\ThirdParty\Ogg\Win64) by extensions ['colcon_pkg']
[7.852s] [34mcolcon.colcon_core.package_identification[0m [1;30mLevel 1[0m _identify(VisualEnv\UnrealEngine\Win_BAM_English_College\Engine\Binaries\ThirdParty\Ogg\Win64) by extension 'colcon_pkg'
[7.852s] [34mcolcon.colcon_core.package_identification[0m [1;30mLevel 1[0m _identify(VisualEnv\UnrealEngine\Win_BAM_English_College\Engine\Binaries\ThirdParty\Ogg\Win64) by extensions ['colcon_meta']
[7.852s] [34mcolcon.colcon_core.package_identification[0m [1;30mLevel 1[0m _identify(VisualEnv\UnrealEngine\Win_BAM_English_College\Engine\Binaries\ThirdParty\Ogg\Win64) by extension 'colcon_meta'
[7.852s] [34mcolcon.colcon_core.package_identification[0m [1;30mLevel 1[0m _identify(VisualEnv\UnrealEngine\Win_BAM_English_College\Engine\Binaries\ThirdParty\Ogg\Win64) by extensions ['ros']
[7.852s] [34mcolcon.colcon_core.package_identification[0m [1;30mLevel 1[0m _identify(VisualEnv\UnrealEngine\Win_BAM_English_College\Engine\Binaries\ThirdParty\Ogg\Win64) by extension 'ros'
[7.852s] [34mcolcon.colcon_core.package_identification[0m [1;30mLevel 1[0m _identify(VisualEnv\UnrealEngine\Win_BAM_English_College\Engine\Binaries\ThirdParty\Ogg\Win64) by extensions ['cmake', 'python']
[7.852s] [34mcolcon.colcon_core.package_identification[0m [1;30mLevel 1[0m _identify(VisualEnv\UnrealEngine\Win_BAM_English_College\Engine\Binaries\ThirdParty\Ogg\Win64) by extension 'cmake'
[7.852s] [34mcolcon.colcon_core.package_identification[0m [1;30mLevel 1[0m _identify(VisualEnv\UnrealEngine\Win_BAM_English_College\Engine\Binaries\ThirdParty\Ogg\Win64) by extension 'python'
[7.852s] [34mcolcon.colcon_core.package_identification[0m [1;30mLevel 1[0m _identify(VisualEnv\UnrealEngine\Win_BAM_English_College\Engine\Binaries\ThirdParty\Ogg\Win64) by extensions ['python_setup_py']
[7.852s] [34mcolcon.colcon_core.package_identification[0m [1;30mLevel 1[0m _identify(VisualEnv\UnrealEngine\Win_BAM_English_College\Engine\Binaries\ThirdParty\Ogg\Win64) by extension 'python_setup_py'
[7.852s] [34mcolcon.colcon_core.package_identification[0m [1;30mLevel 1[0m _identify(VisualEnv\UnrealEngine\Win_BAM_English_College\Engine\Binaries\ThirdParty\Ogg\Win64\VS2015) by extensions ['ignore', 'ignore_ament_install']
[7.852s] [34mcolcon.colcon_core.package_identification[0m [1;30mLevel 1[0m _identify(VisualEnv\UnrealEngine\Win_BAM_English_College\Engine\Binaries\ThirdParty\Ogg\Win64\VS2015) by extension 'ignore'
[7.852s] [34mcolcon.colcon_core.package_identification[0m [1;30mLevel 1[0m _identify(VisualEnv\UnrealEngine\Win_BAM_English_College\Engine\Binaries\ThirdParty\Ogg\Win64\VS2015) by extension 'ignore_ament_install'
[7.853s] [34mcolcon.colcon_core.package_identification[0m [1;30mLevel 1[0m _identify(VisualEnv\UnrealEngine\Win_BAM_English_College\Engine\Binaries\ThirdParty\Ogg\Win64\VS2015) by extensions ['colcon_pkg']
[7.853s] [34mcolcon.colcon_core.package_identification[0m [1;30mLevel 1[0m _identify(VisualEnv\UnrealEngine\Win_BAM_English_College\Engine\Binaries\ThirdParty\Ogg\Win64\VS2015) by extension 'colcon_pkg'
[7.853s] [34mcolcon.colcon_core.package_identification[0m [1;30mLevel 1[0m _identify(VisualEnv\UnrealEngine\Win_BAM_English_College\Engine\Binaries\ThirdParty\Ogg\Win64\VS2015) by extensions ['colcon_meta']
[7.853s] [34mcolcon.colcon_core.package_identification[0m [1;30mLevel 1[0m _identify(VisualEnv\UnrealEngine\Win_BAM_English_College\Engine\Binaries\ThirdParty\Ogg\Win64\VS2015) by extension 'colcon_meta'
[7.853s] [34mcolcon.colcon_core.package_identification[0m [1;30mLevel 1[0m _identify(VisualEnv\UnrealEngine\Win_BAM_English_College\Engine\Binaries\ThirdParty\Ogg\Win64\VS2015) by extensions ['ros']
[7.853s] [34mcolcon.colcon_core.package_identification[0m [1;30mLevel 1[0m _identify(VisualEnv\UnrealEngine\Win_BAM_English_College\Engine\Binaries\ThirdParty\Ogg\Win64\VS2015) by extension 'ros'
[7.853s] [34mcolcon.colcon_core.package_identification[0m [1;30mLevel 1[0m _identify(VisualEnv\UnrealEngine\Win_BAM_English_College\Engine\Binaries\ThirdParty\Ogg\Win64\VS2015) by extensions ['cmake', 'python']
[7.853s] [34mcolcon.colcon_core.package_identification[0m [1;30mLevel 1[0m _identify(VisualEnv\UnrealEngine\Win_BAM_English_College\Engine\Binaries\ThirdParty\Ogg\Win64\VS2015) by extension 'cmake'
[7.853s] [34mcolcon.colcon_core.package_identification[0m [1;30mLevel 1[0m _identify(VisualEnv\UnrealEngine\Win_BAM_English_College\Engine\Binaries\ThirdParty\Ogg\Win64\VS2015) by extension 'python'
[7.853s] [34mcolcon.colcon_core.package_identification[0m [1;30mLevel 1[0m _identify(VisualEnv\UnrealEngine\Win_BAM_English_College\Engine\Binaries\ThirdParty\Ogg\Win64\VS2015) by extensions ['python_setup_py']
[7.853s] [34mcolcon.colcon_core.package_identification[0m [1;30mLevel 1[0m _identify(VisualEnv\UnrealEngine\Win_BAM_English_College\Engine\Binaries\ThirdParty\Ogg\Win64\VS2015) by extension 'python_setup_py'
[7.853s] [34mcolcon.colcon_core.package_identification[0m [1;30mLevel 1[0m _identify(VisualEnv\UnrealEngine\Win_BAM_English_College\Engine\Binaries\ThirdParty\Vorbis) by extensions ['ignore', 'ignore_ament_install']
[7.853s] [34mcolcon.colcon_core.package_identification[0m [1;30mLevel 1[0m _identify(VisualEnv\UnrealEngine\Win_BAM_English_College\Engine\Binaries\ThirdParty\Vorbis) by extension 'ignore'
[7.854s] [34mcolcon.colcon_core.package_identification[0m [1;30mLevel 1[0m _identify(VisualEnv\UnrealEngine\Win_BAM_English_College\Engine\Binaries\ThirdParty\Vorbis) by extension 'ignore_ament_install'
[7.854s] [34mcolcon.colcon_core.package_identification[0m [1;30mLevel 1[0m _identify(VisualEnv\UnrealEngine\Win_BAM_English_College\Engine\Binaries\ThirdParty\Vorbis) by extensions ['colcon_pkg']
[7.854s] [34mcolcon.colcon_core.package_identification[0m [1;30mLevel 1[0m _identify(VisualEnv\UnrealEngine\Win_BAM_English_College\Engine\Binaries\ThirdParty\Vorbis) by extension 'colcon_pkg'
[7.854s] [34mcolcon.colcon_core.package_identification[0m [1;30mLevel 1[0m _identify(VisualEnv\UnrealEngine\Win_BAM_English_College\Engine\Binaries\ThirdParty\Vorbis) by extensions ['colcon_meta']
[7.854s] [34mcolcon.colcon_core.package_identification[0m [1;30mLevel 1[0m _identify(VisualEnv\UnrealEngine\Win_BAM_English_College\Engine\Binaries\ThirdParty\Vorbis) by extension 'colcon_meta'
[7.854s] [34mcolcon.colcon_core.package_identification[0m [1;30mLevel 1[0m _identify(VisualEnv\UnrealEngine\Win_BAM_English_College\Engine\Binaries\ThirdParty\Vorbis) by extensions ['ros']
[7.854s] [34mcolcon.colcon_core.package_identification[0m [1;30mLevel 1[0m _identify(VisualEnv\UnrealEngine\Win_BAM_English_College\Engine\Binaries\ThirdParty\Vorbis) by extension 'ros'
[7.854s] [34mcolcon.colcon_core.package_identification[0m [1;30mLevel 1[0m _identify(VisualEnv\UnrealEngine\Win_BAM_English_College\Engine\Binaries\ThirdParty\Vorbis) by extensions ['cmake', 'python']
[7.854s] [34mcolcon.colcon_core.package_identification[0m [1;30mLevel 1[0m _identify(VisualEnv\UnrealEngine\Win_BAM_English_College\Engine\Binaries\ThirdParty\Vorbis) by extension 'cmake'
[7.854s] [34mcolcon.colcon_core.package_identification[0m [1;30mLevel 1[0m _identify(VisualEnv\UnrealEngine\Win_BAM_English_College\Engine\Binaries\ThirdParty\Vorbis) by extension 'python'
[7.854s] [34mcolcon.colcon_core.package_identification[0m [1;30mLevel 1[0m _identify(VisualEnv\UnrealEngine\Win_BAM_English_College\Engine\Binaries\ThirdParty\Vorbis) by extensions ['python_setup_py']
[7.854s] [34mcolcon.colcon_core.package_identification[0m [1;30mLevel 1[0m _identify(VisualEnv\UnrealEngine\Win_BAM_English_College\Engine\Binaries\ThirdParty\Vorbis) by extension 'python_setup_py'
[7.854s] [34mcolcon.colcon_core.package_identification[0m [1;30mLevel 1[0m _identify(VisualEnv\UnrealEngine\Win_BAM_English_College\Engine\Binaries\ThirdParty\Vorbis\Win64) by extensions ['ignore', 'ignore_ament_install']
[7.855s] [34mcolcon.colcon_core.package_identification[0m [1;30mLevel 1[0m _identify(VisualEnv\UnrealEngine\Win_BAM_English_College\Engine\Binaries\ThirdParty\Vorbis\Win64) by extension 'ignore'
[7.855s] [34mcolcon.colcon_core.package_identification[0m [1;30mLevel 1[0m _identify(VisualEnv\UnrealEngine\Win_BAM_English_College\Engine\Binaries\ThirdParty\Vorbis\Win64) by extension 'ignore_ament_install'
[7.855s] [34mcolcon.colcon_core.package_identification[0m [1;30mLevel 1[0m _identify(VisualEnv\UnrealEngine\Win_BAM_English_College\Engine\Binaries\ThirdParty\Vorbis\Win64) by extensions ['colcon_pkg']
[7.855s] [34mcolcon.colcon_core.package_identification[0m [1;30mLevel 1[0m _identify(VisualEnv\UnrealEngine\Win_BAM_English_College\Engine\Binaries\ThirdParty\Vorbis\Win64) by extension 'colcon_pkg'
[7.855s] [34mcolcon.colcon_core.package_identification[0m [1;30mLevel 1[0m _identify(VisualEnv\UnrealEngine\Win_BAM_English_College\Engine\Binaries\ThirdParty\Vorbis\Win64) by extensions ['colcon_meta']
[7.855s] [34mcolcon.colcon_core.package_identification[0m [1;30mLevel 1[0m _identify(VisualEnv\UnrealEngine\Win_BAM_English_College\Engine\Binaries\ThirdParty\Vorbis\Win64) by extension 'colcon_meta'
[7.855s] [34mcolcon.colcon_core.package_identification[0m [1;30mLevel 1[0m _identify(VisualEnv\UnrealEngine\Win_BAM_English_College\Engine\Binaries\ThirdParty\Vorbis\Win64) by extensions ['ros']
[7.855s] [34mcolcon.colcon_core.package_identification[0m [1;30mLevel 1[0m _identify(VisualEnv\UnrealEngine\Win_BAM_English_College\Engine\Binaries\ThirdParty\Vorbis\Win64) by extension 'ros'
[7.855s] [34mcolcon.colcon_core.package_identification[0m [1;30mLevel 1[0m _identify(VisualEnv\UnrealEngine\Win_BAM_English_College\Engine\Binaries\ThirdParty\Vorbis\Win64) by extensions ['cmake', 'python']
[7.855s] [34mcolcon.colcon_core.package_identification[0m [1;30mLevel 1[0m _identify(VisualEnv\UnrealEngine\Win_BAM_English_College\Engine\Binaries\ThirdParty\Vorbis\Win64) by extension 'cmake'
[7.855s] [34mcolcon.colcon_core.package_identification[0m [1;30mLevel 1[0m _identify(VisualEnv\UnrealEngine\Win_BAM_English_College\Engine\Binaries\ThirdParty\Vorbis\Win64) by extension 'python'
[7.855s] [34mcolcon.colcon_core.package_identification[0m [1;30mLevel 1[0m _identify(VisualEnv\UnrealEngine\Win_BAM_English_College\Engine\Binaries\ThirdParty\Vorbis\Win64) by extensions ['python_setup_py']
[7.855s] [34mcolcon.colcon_core.package_identification[0m [1;30mLevel 1[0m _identify(VisualEnv\UnrealEngine\Win_BAM_English_College\Engine\Binaries\ThirdParty\Vorbis\Win64) by extension 'python_setup_py'
[7.855s] [34mcolcon.colcon_core.package_identification[0m [1;30mLevel 1[0m _identify(VisualEnv\UnrealEngine\Win_BAM_English_College\Engine\Binaries\ThirdParty\Vorbis\Win64\VS2015) by extensions ['ignore', 'ignore_ament_install']
[7.856s] [34mcolcon.colcon_core.package_identification[0m [1;30mLevel 1[0m _identify(VisualEnv\UnrealEngine\Win_BAM_English_College\Engine\Binaries\ThirdParty\Vorbis\Win64\VS2015) by extension 'ignore'
[7.856s] [34mcolcon.colcon_core.package_identification[0m [1;30mLevel 1[0m _identify(VisualEnv\UnrealEngine\Win_BAM_English_College\Engine\Binaries\ThirdParty\Vorbis\Win64\VS2015) by extension 'ignore_ament_install'
[7.856s] [34mcolcon.colcon_core.package_identification[0m [1;30mLevel 1[0m _identify(VisualEnv\UnrealEngine\Win_BAM_English_College\Engine\Binaries\ThirdParty\Vorbis\Win64\VS2015) by extensions ['colcon_pkg']
[7.856s] [34mcolcon.colcon_core.package_identification[0m [1;30mLevel 1[0m _identify(VisualEnv\UnrealEngine\Win_BAM_English_College\Engine\Binaries\ThirdParty\Vorbis\Win64\VS2015) by extension 'colcon_pkg'
[7.856s] [34mcolcon.colcon_core.package_identification[0m [1;30mLevel 1[0m _identify(VisualEnv\UnrealEngine\Win_BAM_English_College\Engine\Binaries\ThirdParty\Vorbis\Win64\VS2015) by extensions ['colcon_meta']
[7.856s] [34mcolcon.colcon_core.package_identification[0m [1;30mLevel 1[0m _identify(VisualEnv\UnrealEngine\Win_BAM_English_College\Engine\Binaries\ThirdParty\Vorbis\Win64\VS2015) by extension 'colcon_meta'
[7.856s] [34mcolcon.colcon_core.package_identification[0m [1;30mLevel 1[0m _identify(VisualEnv\UnrealEngine\Win_BAM_English_College\Engine\Binaries\ThirdParty\Vorbis\Win64\VS2015) by extensions ['ros']
[7.856s] [34mcolcon.colcon_core.package_identification[0m [1;30mLevel 1[0m _identify(VisualEnv\UnrealEngine\Win_BAM_English_College\Engine\Binaries\ThirdParty\Vorbis\Win64\VS2015) by extension 'ros'
[7.856s] [34mcolcon.colcon_core.package_identification[0m [1;30mLevel 1[0m _identify(VisualEnv\UnrealEngine\Win_BAM_English_College\Engine\Binaries\ThirdParty\Vorbis\Win64\VS2015) by extensions ['cmake', 'python']
[7.856s] [34mcolcon.colcon_core.package_identification[0m [1;30mLevel 1[0m _identify(VisualEnv\UnrealEngine\Win_BAM_English_College\Engine\Binaries\ThirdParty\Vorbis\Win64\VS2015) by extension 'cmake'
[7.856s] [34mcolcon.colcon_core.package_identification[0m [1;30mLevel 1[0m _identify(VisualEnv\UnrealEngine\Win_BAM_English_College\Engine\Binaries\ThirdParty\Vorbis\Win64\VS2015) by extension 'python'
[7.856s] [34mcolcon.colcon_core.package_identification[0m [1;30mLevel 1[0m _identify(VisualEnv\UnrealEngine\Win_BAM_English_College\Engine\Binaries\ThirdParty\Vorbis\Win64\VS2015) by extensions ['python_setup_py']
[7.856s] [34mcolcon.colcon_core.package_identification[0m [1;30mLevel 1[0m _identify(VisualEnv\UnrealEngine\Win_BAM_English_College\Engine\Binaries\ThirdParty\Vorbis\Win64\VS2015) by extension 'python_setup_py'
[7.857s] [34mcolcon.colcon_core.package_identification[0m [1;30mLevel 1[0m _identify(VisualEnv\UnrealEngine\Win_BAM_English_College\Engine\Binaries\ThirdParty\Windows) by extensions ['ignore', 'ignore_ament_install']
[7.857s] [34mcolcon.colcon_core.package_identification[0m [1;30mLevel 1[0m _identify(VisualEnv\UnrealEngine\Win_BAM_English_College\Engine\Binaries\ThirdParty\Windows) by extension 'ignore'
[7.857s] [34mcolcon.colcon_core.package_identification[0m [1;30mLevel 1[0m _identify(VisualEnv\UnrealEngine\Win_BAM_English_College\Engine\Binaries\ThirdParty\Windows) by extension 'ignore_ament_install'
[7.857s] [34mcolcon.colcon_core.package_identification[0m [1;30mLevel 1[0m _identify(VisualEnv\UnrealEngine\Win_BAM_English_College\Engine\Binaries\ThirdParty\Windows) by extensions ['colcon_pkg']
[7.857s] [34mcolcon.colcon_core.package_identification[0m [1;30mLevel 1[0m _identify(VisualEnv\UnrealEngine\Win_BAM_English_College\Engine\Binaries\ThirdParty\Windows) by extension 'colcon_pkg'
[7.857s] [34mcolcon.colcon_core.package_identification[0m [1;30mLevel 1[0m _identify(VisualEnv\UnrealEngine\Win_BAM_English_College\Engine\Binaries\ThirdParty\Windows) by extensions ['colcon_meta']
[7.857s] [34mcolcon.colcon_core.package_identification[0m [1;30mLevel 1[0m _identify(VisualEnv\UnrealEngine\Win_BAM_English_College\Engine\Binaries\ThirdParty\Windows) by extension 'colcon_meta'
[7.857s] [34mcolcon.colcon_core.package_identification[0m [1;30mLevel 1[0m _identify(VisualEnv\UnrealEngine\Win_BAM_English_College\Engine\Binaries\ThirdParty\Windows) by extensions ['ros']
[7.857s] [34mcolcon.colcon_core.package_identification[0m [1;30mLevel 1[0m _identify(VisualEnv\UnrealEngine\Win_BAM_English_College\Engine\Binaries\ThirdParty\Windows) by extension 'ros'
[7.857s] [34mcolcon.colcon_core.package_identification[0m [1;30mLevel 1[0m _identify(VisualEnv\UnrealEngine\Win_BAM_English_College\Engine\Binaries\ThirdParty\Windows) by extensions ['cmake', 'python']
[7.857s] [34mcolcon.colcon_core.package_identification[0m [1;30mLevel 1[0m _identify(VisualEnv\UnrealEngine\Win_BAM_English_College\Engine\Binaries\ThirdParty\Windows) by extension 'cmake'
[7.857s] [34mcolcon.colcon_core.package_identification[0m [1;30mLevel 1[0m _identify(VisualEnv\UnrealEngine\Win_BAM_English_College\Engine\Binaries\ThirdParty\Windows) by extension 'python'
[7.857s] [34mcolcon.colcon_core.package_identification[0m [1;30mLevel 1[0m _identify(VisualEnv\UnrealEngine\Win_BAM_English_College\Engine\Binaries\ThirdParty\Windows) by extensions ['python_setup_py']
[7.857s] [34mcolcon.colcon_core.package_identification[0m [1;30mLevel 1[0m _identify(VisualEnv\UnrealEngine\Win_BAM_English_College\Engine\Binaries\ThirdParty\Windows) by extension 'python_setup_py'
[7.858s] [34mcolcon.colcon_core.package_identification[0m [1;30mLevel 1[0m _identify(VisualEnv\UnrealEngine\Win_BAM_English_College\Engine\Binaries\ThirdParty\Windows\XAudio2_9) by extensions ['ignore', 'ignore_ament_install']
[7.858s] [34mcolcon.colcon_core.package_identification[0m [1;30mLevel 1[0m _identify(VisualEnv\UnrealEngine\Win_BAM_English_College\Engine\Binaries\ThirdParty\Windows\XAudio2_9) by extension 'ignore'
[7.858s] [34mcolcon.colcon_core.package_identification[0m [1;30mLevel 1[0m _identify(VisualEnv\UnrealEngine\Win_BAM_English_College\Engine\Binaries\ThirdParty\Windows\XAudio2_9) by extension 'ignore_ament_install'
[7.858s] [34mcolcon.colcon_core.package_identification[0m [1;30mLevel 1[0m _identify(VisualEnv\UnrealEngine\Win_BAM_English_College\Engine\Binaries\ThirdParty\Windows\XAudio2_9) by extensions ['colcon_pkg']
[7.858s] [34mcolcon.colcon_core.package_identification[0m [1;30mLevel 1[0m _identify(VisualEnv\UnrealEngine\Win_BAM_English_College\Engine\Binaries\ThirdParty\Windows\XAudio2_9) by extension 'colcon_pkg'
[7.858s] [34mcolcon.colcon_core.package_identification[0m [1;30mLevel 1[0m _identify(VisualEnv\UnrealEngine\Win_BAM_English_College\Engine\Binaries\ThirdParty\Windows\XAudio2_9) by extensions ['colcon_meta']
[7.858s] [34mcolcon.colcon_core.package_identification[0m [1;30mLevel 1[0m _identify(VisualEnv\UnrealEngine\Win_BAM_English_College\Engine\Binaries\ThirdParty\Windows\XAudio2_9) by extension 'colcon_meta'
[7.858s] [34mcolcon.colcon_core.package_identification[0m [1;30mLevel 1[0m _identify(VisualEnv\UnrealEngine\Win_BAM_English_College\Engine\Binaries\ThirdParty\Windows\XAudio2_9) by extensions ['ros']
[7.858s] [34mcolcon.colcon_core.package_identification[0m [1;30mLevel 1[0m _identify(VisualEnv\UnrealEngine\Win_BAM_English_College\Engine\Binaries\ThirdParty\Windows\XAudio2_9) by extension 'ros'
[7.858s] [34mcolcon.colcon_core.package_identification[0m [1;30mLevel 1[0m _identify(VisualEnv\UnrealEngine\Win_BAM_English_College\Engine\Binaries\ThirdParty\Windows\XAudio2_9) by extensions ['cmake', 'python']
[7.858s] [34mcolcon.colcon_core.package_identification[0m [1;30mLevel 1[0m _identify(VisualEnv\UnrealEngine\Win_BAM_English_College\Engine\Binaries\ThirdParty\Windows\XAudio2_9) by extension 'cmake'
[7.858s] [34mcolcon.colcon_core.package_identification[0m [1;30mLevel 1[0m _identify(VisualEnv\UnrealEngine\Win_BAM_English_College\Engine\Binaries\ThirdParty\Windows\XAudio2_9) by extension 'python'
[7.858s] [34mcolcon.colcon_core.package_identification[0m [1;30mLevel 1[0m _identify(VisualEnv\UnrealEngine\Win_BAM_English_College\Engine\Binaries\ThirdParty\Windows\XAudio2_9) by extensions ['python_setup_py']
[7.858s] [34mcolcon.colcon_core.package_identification[0m [1;30mLevel 1[0m _identify(VisualEnv\UnrealEngine\Win_BAM_English_College\Engine\Binaries\ThirdParty\Windows\XAudio2_9) by extension 'python_setup_py'
[7.859s] [34mcolcon.colcon_core.package_identification[0m [1;30mLevel 1[0m _identify(VisualEnv\UnrealEngine\Win_BAM_English_College\Engine\Binaries\ThirdParty\Windows\XAudio2_9\x64) by extensions ['ignore', 'ignore_ament_install']
[7.859s] [34mcolcon.colcon_core.package_identification[0m [1;30mLevel 1[0m _identify(VisualEnv\UnrealEngine\Win_BAM_English_College\Engine\Binaries\ThirdParty\Windows\XAudio2_9\x64) by extension 'ignore'
[7.859s] [34mcolcon.colcon_core.package_identification[0m [1;30mLevel 1[0m _identify(VisualEnv\UnrealEngine\Win_BAM_English_College\Engine\Binaries\ThirdParty\Windows\XAudio2_9\x64) by extension 'ignore_ament_install'
[7.859s] [34mcolcon.colcon_core.package_identification[0m [1;30mLevel 1[0m _identify(VisualEnv\UnrealEngine\Win_BAM_English_College\Engine\Binaries\ThirdParty\Windows\XAudio2_9\x64) by extensions ['colcon_pkg']
[7.859s] [34mcolcon.colcon_core.package_identification[0m [1;30mLevel 1[0m _identify(VisualEnv\UnrealEngine\Win_BAM_English_College\Engine\Binaries\ThirdParty\Windows\XAudio2_9\x64) by extension 'colcon_pkg'
[7.859s] [34mcolcon.colcon_core.package_identification[0m [1;30mLevel 1[0m _identify(VisualEnv\UnrealEngine\Win_BAM_English_College\Engine\Binaries\ThirdParty\Windows\XAudio2_9\x64) by extensions ['colcon_meta']
[7.859s] [34mcolcon.colcon_core.package_identification[0m [1;30mLevel 1[0m _identify(VisualEnv\UnrealEngine\Win_BAM_English_College\Engine\Binaries\ThirdParty\Windows\XAudio2_9\x64) by extension 'colcon_meta'
[7.859s] [34mcolcon.colcon_core.package_identification[0m [1;30mLevel 1[0m _identify(VisualEnv\UnrealEngine\Win_BAM_English_College\Engine\Binaries\ThirdParty\Windows\XAudio2_9\x64) by extensions ['ros']
[7.859s] [34mcolcon.colcon_core.package_identification[0m [1;30mLevel 1[0m _identify(VisualEnv\UnrealEngine\Win_BAM_English_College\Engine\Binaries\ThirdParty\Windows\XAudio2_9\x64) by extension 'ros'
[7.860s] [34mcolcon.colcon_core.package_identification[0m [1;30mLevel 1[0m _identify(VisualEnv\UnrealEngine\Win_BAM_English_College\Engine\Binaries\ThirdParty\Windows\XAudio2_9\x64) by extensions ['cmake', 'python']
[7.860s] [34mcolcon.colcon_core.package_identification[0m [1;30mLevel 1[0m _identify(VisualEnv\UnrealEngine\Win_BAM_English_College\Engine\Binaries\ThirdParty\Windows\XAudio2_9\x64) by extension 'cmake'
[7.860s] [34mcolcon.colcon_core.package_identification[0m [1;30mLevel 1[0m _identify(VisualEnv\UnrealEngine\Win_BAM_English_College\Engine\Binaries\ThirdParty\Windows\XAudio2_9\x64) by extension 'python'
[7.860s] [34mcolcon.colcon_core.package_identification[0m [1;30mLevel 1[0m _identify(VisualEnv\UnrealEngine\Win_BAM_English_College\Engine\Binaries\ThirdParty\Windows\XAudio2_9\x64) by extensions ['python_setup_py']
[7.860s] [34mcolcon.colcon_core.package_identification[0m [1;30mLevel 1[0m _identify(VisualEnv\UnrealEngine\Win_BAM_English_College\Engine\Binaries\ThirdParty\Windows\XAudio2_9\x64) by extension 'python_setup_py'
[7.860s] [34mcolcon.colcon_core.package_identification[0m [1;30mLevel 1[0m _identify(VisualEnv\UnrealEngine\Win_BAM_English_College\Engine\Binaries\Win64) by extensions ['ignore', 'ignore_ament_install']
[7.860s] [34mcolcon.colcon_core.package_identification[0m [1;30mLevel 1[0m _identify(VisualEnv\UnrealEngine\Win_BAM_English_College\Engine\Binaries\Win64) by extension 'ignore'
[7.860s] [34mcolcon.colcon_core.package_identification[0m [1;30mLevel 1[0m _identify(VisualEnv\UnrealEngine\Win_BAM_English_College\Engine\Binaries\Win64) by extension 'ignore_ament_install'
[7.860s] [34mcolcon.colcon_core.package_identification[0m [1;30mLevel 1[0m _identify(VisualEnv\UnrealEngine\Win_BAM_English_College\Engine\Binaries\Win64) by extensions ['colcon_pkg']
[7.860s] [34mcolcon.colcon_core.package_identification[0m [1;30mLevel 1[0m _identify(VisualEnv\UnrealEngine\Win_BAM_English_College\Engine\Binaries\Win64) by extension 'colcon_pkg'
[7.860s] [34mcolcon.colcon_core.package_identification[0m [1;30mLevel 1[0m _identify(VisualEnv\UnrealEngine\Win_BAM_English_College\Engine\Binaries\Win64) by extensions ['colcon_meta']
[7.860s] [34mcolcon.colcon_core.package_identification[0m [1;30mLevel 1[0m _identify(VisualEnv\UnrealEngine\Win_BAM_English_College\Engine\Binaries\Win64) by extension 'colcon_meta'
[7.860s] [34mcolcon.colcon_core.package_identification[0m [1;30mLevel 1[0m _identify(VisualEnv\UnrealEngine\Win_BAM_English_College\Engine\Binaries\Win64) by extensions ['ros']
[7.861s] [34mcolcon.colcon_core.package_identification[0m [1;30mLevel 1[0m _identify(VisualEnv\UnrealEngine\Win_BAM_English_College\Engine\Binaries\Win64) by extension 'ros'
[7.861s] [34mcolcon.colcon_core.package_identification[0m [1;30mLevel 1[0m _identify(VisualEnv\UnrealEngine\Win_BAM_English_College\Engine\Binaries\Win64) by extensions ['cmake', 'python']
[7.861s] [34mcolcon.colcon_core.package_identification[0m [1;30mLevel 1[0m _identify(VisualEnv\UnrealEngine\Win_BAM_English_College\Engine\Binaries\Win64) by extension 'cmake'
[7.861s] [34mcolcon.colcon_core.package_identification[0m [1;30mLevel 1[0m _identify(VisualEnv\UnrealEngine\Win_BAM_English_College\Engine\Binaries\Win64) by extension 'python'
[7.861s] [34mcolcon.colcon_core.package_identification[0m [1;30mLevel 1[0m _identify(VisualEnv\UnrealEngine\Win_BAM_English_College\Engine\Binaries\Win64) by extensions ['python_setup_py']
[7.861s] [34mcolcon.colcon_core.package_identification[0m [1;30mLevel 1[0m _identify(VisualEnv\UnrealEngine\Win_BAM_English_College\Engine\Binaries\Win64) by extension 'python_setup_py'
[7.861s] [34mcolcon.colcon_core.package_identification[0m [1;30mLevel 1[0m _identify(VisualEnv\UnrealEngine\Win_BAM_English_College\Engine\Config) by extensions ['ignore', 'ignore_ament_install']
[7.861s] [34mcolcon.colcon_core.package_identification[0m [1;30mLevel 1[0m _identify(VisualEnv\UnrealEngine\Win_BAM_English_College\Engine\Config) by extension 'ignore'
[7.862s] [34mcolcon.colcon_core.package_identification[0m [1;30mLevel 1[0m _identify(VisualEnv\UnrealEngine\Win_BAM_English_College\Engine\Config) by extension 'ignore_ament_install'
[7.862s] [34mcolcon.colcon_core.package_identification[0m [1;30mLevel 1[0m _identify(VisualEnv\UnrealEngine\Win_BAM_English_College\Engine\Config) by extensions ['colcon_pkg']
[7.862s] [34mcolcon.colcon_core.package_identification[0m [1;30mLevel 1[0m _identify(VisualEnv\UnrealEngine\Win_BAM_English_College\Engine\Config) by extension 'colcon_pkg'
[7.862s] [34mcolcon.colcon_core.package_identification[0m [1;30mLevel 1[0m _identify(VisualEnv\UnrealEngine\Win_BAM_English_College\Engine\Config) by extensions ['colcon_meta']
[7.862s] [34mcolcon.colcon_core.package_identification[0m [1;30mLevel 1[0m _identify(VisualEnv\UnrealEngine\Win_BAM_English_College\Engine\Config) by extension 'colcon_meta'
[7.862s] [34mcolcon.colcon_core.package_identification[0m [1;30mLevel 1[0m _identify(VisualEnv\UnrealEngine\Win_BAM_English_College\Engine\Config) by extensions ['ros']
[7.862s] [34mcolcon.colcon_core.package_identification[0m [1;30mLevel 1[0m _identify(VisualEnv\UnrealEngine\Win_BAM_English_College\Engine\Config) by extension 'ros'
[7.862s] [34mcolcon.colcon_core.package_identification[0m [1;30mLevel 1[0m _identify(VisualEnv\UnrealEngine\Win_BAM_English_College\Engine\Config) by extensions ['cmake', 'python']
[7.862s] [34mcolcon.colcon_core.package_identification[0m [1;30mLevel 1[0m _identify(VisualEnv\UnrealEngine\Win_BAM_English_College\Engine\Config) by extension 'cmake'
[7.862s] [34mcolcon.colcon_core.package_identification[0m [1;30mLevel 1[0m _identify(VisualEnv\UnrealEngine\Win_BAM_English_College\Engine\Config) by extension 'python'
[7.862s] [34mcolcon.colcon_core.package_identification[0m [1;30mLevel 1[0m _identify(VisualEnv\UnrealEngine\Win_BAM_English_College\Engine\Config) by extensions ['python_setup_py']
[7.862s] [34mcolcon.colcon_core.package_identification[0m [1;30mLevel 1[0m _identify(VisualEnv\UnrealEngine\Win_BAM_English_College\Engine\Config) by extension 'python_setup_py'
[7.863s] [34mcolcon.colcon_core.package_identification[0m [1;30mLevel 1[0m _identify(VisualEnv\UnrealEngine\Win_BAM_English_College\Engine\Content) by extensions ['ignore', 'ignore_ament_install']
[7.863s] [34mcolcon.colcon_core.package_identification[0m [1;30mLevel 1[0m _identify(VisualEnv\UnrealEngine\Win_BAM_English_College\Engine\Content) by extension 'ignore'
[7.863s] [34mcolcon.colcon_core.package_identification[0m [1;30mLevel 1[0m _identify(VisualEnv\UnrealEngine\Win_BAM_English_College\Engine\Content) by extension 'ignore_ament_install'
[7.863s] [34mcolcon.colcon_core.package_identification[0m [1;30mLevel 1[0m _identify(VisualEnv\UnrealEngine\Win_BAM_English_College\Engine\Content) by extensions ['colcon_pkg']
[7.863s] [34mcolcon.colcon_core.package_identification[0m [1;30mLevel 1[0m _identify(VisualEnv\UnrealEngine\Win_BAM_English_College\Engine\Content) by extension 'colcon_pkg'
[7.863s] [34mcolcon.colcon_core.package_identification[0m [1;30mLevel 1[0m _identify(VisualEnv\UnrealEngine\Win_BAM_English_College\Engine\Content) by extensions ['colcon_meta']
[7.863s] [34mcolcon.colcon_core.package_identification[0m [1;30mLevel 1[0m _identify(VisualEnv\UnrealEngine\Win_BAM_English_College\Engine\Content) by extension 'colcon_meta'
[7.863s] [34mcolcon.colcon_core.package_identification[0m [1;30mLevel 1[0m _identify(VisualEnv\UnrealEngine\Win_BAM_English_College\Engine\Content) by extensions ['ros']
[7.863s] [34mcolcon.colcon_core.package_identification[0m [1;30mLevel 1[0m _identify(VisualEnv\UnrealEngine\Win_BAM_English_College\Engine\Content) by extension 'ros'
[7.863s] [34mcolcon.colcon_core.package_identification[0m [1;30mLevel 1[0m _identify(VisualEnv\UnrealEngine\Win_BAM_English_College\Engine\Content) by extensions ['cmake', 'python']
[7.863s] [34mcolcon.colcon_core.package_identification[0m [1;30mLevel 1[0m _identify(VisualEnv\UnrealEngine\Win_BAM_English_College\Engine\Content) by extension 'cmake'
[7.863s] [34mcolcon.colcon_core.package_identification[0m [1;30mLevel 1[0m _identify(VisualEnv\UnrealEngine\Win_BAM_English_College\Engine\Content) by extension 'python'
[7.863s] [34mcolcon.colcon_core.package_identification[0m [1;30mLevel 1[0m _identify(VisualEnv\UnrealEngine\Win_BAM_English_College\Engine\Content) by extensions ['python_setup_py']
[7.863s] [34mcolcon.colcon_core.package_identification[0m [1;30mLevel 1[0m _identify(VisualEnv\UnrealEngine\Win_BAM_English_College\Engine\Content) by extension 'python_setup_py'
[7.864s] [34mcolcon.colcon_core.package_identification[0m [1;30mLevel 1[0m _identify(VisualEnv\UnrealEngine\Win_BAM_English_College\Engine\Content\Renderer) by extensions ['ignore', 'ignore_ament_install']
[7.864s] [34mcolcon.colcon_core.package_identification[0m [1;30mLevel 1[0m _identify(VisualEnv\UnrealEngine\Win_BAM_English_College\Engine\Content\Renderer) by extension 'ignore'
[7.864s] [34mcolcon.colcon_core.package_identification[0m [1;30mLevel 1[0m _identify(VisualEnv\UnrealEngine\Win_BAM_English_College\Engine\Content\Renderer) by extension 'ignore_ament_install'
[7.864s] [34mcolcon.colcon_core.package_identification[0m [1;30mLevel 1[0m _identify(VisualEnv\UnrealEngine\Win_BAM_English_College\Engine\Content\Renderer) by extensions ['colcon_pkg']
[7.864s] [34mcolcon.colcon_core.package_identification[0m [1;30mLevel 1[0m _identify(VisualEnv\UnrealEngine\Win_BAM_English_College\Engine\Content\Renderer) by extension 'colcon_pkg'
[7.864s] [34mcolcon.colcon_core.package_identification[0m [1;30mLevel 1[0m _identify(VisualEnv\UnrealEngine\Win_BAM_English_College\Engine\Content\Renderer) by extensions ['colcon_meta']
[7.864s] [34mcolcon.colcon_core.package_identification[0m [1;30mLevel 1[0m _identify(VisualEnv\UnrealEngine\Win_BAM_English_College\Engine\Content\Renderer) by extension 'colcon_meta'
[7.864s] [34mcolcon.colcon_core.package_identification[0m [1;30mLevel 1[0m _identify(VisualEnv\UnrealEngine\Win_BAM_English_College\Engine\Content\Renderer) by extensions ['ros']
[7.864s] [34mcolcon.colcon_core.package_identification[0m [1;30mLevel 1[0m _identify(VisualEnv\UnrealEngine\Win_BAM_English_College\Engine\Content\Renderer) by extension 'ros'
[7.864s] [34mcolcon.colcon_core.package_identification[0m [1;30mLevel 1[0m _identify(VisualEnv\UnrealEngine\Win_BAM_English_College\Engine\Content\Renderer) by extensions ['cmake', 'python']
[7.864s] [34mcolcon.colcon_core.package_identification[0m [1;30mLevel 1[0m _identify(VisualEnv\UnrealEngine\Win_BAM_English_College\Engine\Content\Renderer) by extension 'cmake'
[7.864s] [34mcolcon.colcon_core.package_identification[0m [1;30mLevel 1[0m _identify(VisualEnv\UnrealEngine\Win_BAM_English_College\Engine\Content\Renderer) by extension 'python'
[7.864s] [34mcolcon.colcon_core.package_identification[0m [1;30mLevel 1[0m _identify(VisualEnv\UnrealEngine\Win_BAM_English_College\Engine\Content\Renderer) by extensions ['python_setup_py']
[7.864s] [34mcolcon.colcon_core.package_identification[0m [1;30mLevel 1[0m _identify(VisualEnv\UnrealEngine\Win_BAM_English_College\Engine\Content\Renderer) by extension 'python_setup_py'
[7.865s] [34mcolcon.colcon_core.package_identification[0m [1;30mLevel 1[0m _identify(VisualEnv\UnrealEngine\Win_BAM_English_College\Engine\Content\Slate) by extensions ['ignore', 'ignore_ament_install']
[7.865s] [34mcolcon.colcon_core.package_identification[0m [1;30mLevel 1[0m _identify(VisualEnv\UnrealEngine\Win_BAM_English_College\Engine\Content\Slate) by extension 'ignore'
[7.865s] [34mcolcon.colcon_core.package_identification[0m [1;30mLevel 1[0m _identify(VisualEnv\UnrealEngine\Win_BAM_English_College\Engine\Content\Slate) by extension 'ignore_ament_install'
[7.865s] [34mcolcon.colcon_core.package_identification[0m [1;30mLevel 1[0m _identify(VisualEnv\UnrealEngine\Win_BAM_English_College\Engine\Content\Slate) by extensions ['colcon_pkg']
[7.865s] [34mcolcon.colcon_core.package_identification[0m [1;30mLevel 1[0m _identify(VisualEnv\UnrealEngine\Win_BAM_English_College\Engine\Content\Slate) by extension 'colcon_pkg'
[7.865s] [34mcolcon.colcon_core.package_identification[0m [1;30mLevel 1[0m _identify(VisualEnv\UnrealEngine\Win_BAM_English_College\Engine\Content\Slate) by extensions ['colcon_meta']
[7.865s] [34mcolcon.colcon_core.package_identification[0m [1;30mLevel 1[0m _identify(VisualEnv\UnrealEngine\Win_BAM_English_College\Engine\Content\Slate) by extension 'colcon_meta'
[7.865s] [34mcolcon.colcon_core.package_identification[0m [1;30mLevel 1[0m _identify(VisualEnv\UnrealEngine\Win_BAM_English_College\Engine\Content\Slate) by extensions ['ros']
[7.865s] [34mcolcon.colcon_core.package_identification[0m [1;30mLevel 1[0m _identify(VisualEnv\UnrealEngine\Win_BAM_English_College\Engine\Content\Slate) by extension 'ros'
[7.865s] [34mcolcon.colcon_core.package_identification[0m [1;30mLevel 1[0m _identify(VisualEnv\UnrealEngine\Win_BAM_English_College\Engine\Content\Slate) by extensions ['cmake', 'python']
[7.865s] [34mcolcon.colcon_core.package_identification[0m [1;30mLevel 1[0m _identify(VisualEnv\UnrealEngine\Win_BAM_English_College\Engine\Content\Slate) by extension 'cmake'
[7.865s] [34mcolcon.colcon_core.package_identification[0m [1;30mLevel 1[0m _identify(VisualEnv\UnrealEngine\Win_BAM_English_College\Engine\Content\Slate) by extension 'python'
[7.865s] [34mcolcon.colcon_core.package_identification[0m [1;30mLevel 1[0m _identify(VisualEnv\UnrealEngine\Win_BAM_English_College\Engine\Content\Slate) by extensions ['python_setup_py']
[7.865s] [34mcolcon.colcon_core.package_identification[0m [1;30mLevel 1[0m _identify(VisualEnv\UnrealEngine\Win_BAM_English_College\Engine\Content\Slate) by extension 'python_setup_py'
[7.866s] [34mcolcon.colcon_core.package_identification[0m [1;30mLevel 1[0m _identify(VisualEnv\UnrealEngine\Win_BAM_English_College\Engine\Content\Slate\Cursor) by extensions ['ignore', 'ignore_ament_install']
[7.866s] [34mcolcon.colcon_core.package_identification[0m [1;30mLevel 1[0m _identify(VisualEnv\UnrealEngine\Win_BAM_English_College\Engine\Content\Slate\Cursor) by extension 'ignore'
[7.866s] [34mcolcon.colcon_core.package_identification[0m [1;30mLevel 1[0m _identify(VisualEnv\UnrealEngine\Win_BAM_English_College\Engine\Content\Slate\Cursor) by extension 'ignore_ament_install'
[7.866s] [34mcolcon.colcon_core.package_identification[0m [1;30mLevel 1[0m _identify(VisualEnv\UnrealEngine\Win_BAM_English_College\Engine\Content\Slate\Cursor) by extensions ['colcon_pkg']
[7.866s] [34mcolcon.colcon_core.package_identification[0m [1;30mLevel 1[0m _identify(VisualEnv\UnrealEngine\Win_BAM_English_College\Engine\Content\Slate\Cursor) by extension 'colcon_pkg'
[7.866s] [34mcolcon.colcon_core.package_identification[0m [1;30mLevel 1[0m _identify(VisualEnv\UnrealEngine\Win_BAM_English_College\Engine\Content\Slate\Cursor) by extensions ['colcon_meta']
[7.866s] [34mcolcon.colcon_core.package_identification[0m [1;30mLevel 1[0m _identify(VisualEnv\UnrealEngine\Win_BAM_English_College\Engine\Content\Slate\Cursor) by extension 'colcon_meta'
[7.866s] [34mcolcon.colcon_core.package_identification[0m [1;30mLevel 1[0m _identify(VisualEnv\UnrealEngine\Win_BAM_English_College\Engine\Content\Slate\Cursor) by extensions ['ros']
[7.866s] [34mcolcon.colcon_core.package_identification[0m [1;30mLevel 1[0m _identify(VisualEnv\UnrealEngine\Win_BAM_English_College\Engine\Content\Slate\Cursor) by extension 'ros'
[7.866s] [34mcolcon.colcon_core.package_identification[0m [1;30mLevel 1[0m _identify(VisualEnv\UnrealEngine\Win_BAM_English_College\Engine\Content\Slate\Cursor) by extensions ['cmake', 'python']
[7.866s] [34mcolcon.colcon_core.package_identification[0m [1;30mLevel 1[0m _identify(VisualEnv\UnrealEngine\Win_BAM_English_College\Engine\Content\Slate\Cursor) by extension 'cmake'
[7.866s] [34mcolcon.colcon_core.package_identification[0m [1;30mLevel 1[0m _identify(VisualEnv\UnrealEngine\Win_BAM_English_College\Engine\Content\Slate\Cursor) by extension 'python'
[7.867s] [34mcolcon.colcon_core.package_identification[0m [1;30mLevel 1[0m _identify(VisualEnv\UnrealEngine\Win_BAM_English_College\Engine\Content\Slate\Cursor) by extensions ['python_setup_py']
[7.867s] [34mcolcon.colcon_core.package_identification[0m [1;30mLevel 1[0m _identify(VisualEnv\UnrealEngine\Win_BAM_English_College\Engine\Content\Slate\Cursor) by extension 'python_setup_py'
[7.867s] [34mcolcon.colcon_core.package_identification[0m [1;30mLevel 1[0m _identify(VisualEnv\UnrealEngine\Win_BAM_English_College\Engine\Extras) by extensions ['ignore', 'ignore_ament_install']
[7.867s] [34mcolcon.colcon_core.package_identification[0m [1;30mLevel 1[0m _identify(VisualEnv\UnrealEngine\Win_BAM_English_College\Engine\Extras) by extension 'ignore'
[7.867s] [34mcolcon.colcon_core.package_identification[0m [1;30mLevel 1[0m _identify(VisualEnv\UnrealEngine\Win_BAM_English_College\Engine\Extras) by extension 'ignore_ament_install'
[7.867s] [34mcolcon.colcon_core.package_identification[0m [1;30mLevel 1[0m _identify(VisualEnv\UnrealEngine\Win_BAM_English_College\Engine\Extras) by extensions ['colcon_pkg']
[7.867s] [34mcolcon.colcon_core.package_identification[0m [1;30mLevel 1[0m _identify(VisualEnv\UnrealEngine\Win_BAM_English_College\Engine\Extras) by extension 'colcon_pkg'
[7.867s] [34mcolcon.colcon_core.package_identification[0m [1;30mLevel 1[0m _identify(VisualEnv\UnrealEngine\Win_BAM_English_College\Engine\Extras) by extensions ['colcon_meta']
[7.867s] [34mcolcon.colcon_core.package_identification[0m [1;30mLevel 1[0m _identify(VisualEnv\UnrealEngine\Win_BAM_English_College\Engine\Extras) by extension 'colcon_meta'
[7.867s] [34mcolcon.colcon_core.package_identification[0m [1;30mLevel 1[0m _identify(VisualEnv\UnrealEngine\Win_BAM_English_College\Engine\Extras) by extensions ['ros']
[7.867s] [34mcolcon.colcon_core.package_identification[0m [1;30mLevel 1[0m _identify(VisualEnv\UnrealEngine\Win_BAM_English_College\Engine\Extras) by extension 'ros'
[7.867s] [34mcolcon.colcon_core.package_identification[0m [1;30mLevel 1[0m _identify(VisualEnv\UnrealEngine\Win_BAM_English_College\Engine\Extras) by extensions ['cmake', 'python']
[7.867s] [34mcolcon.colcon_core.package_identification[0m [1;30mLevel 1[0m _identify(VisualEnv\UnrealEngine\Win_BAM_English_College\Engine\Extras) by extension 'cmake'
[7.868s] [34mcolcon.colcon_core.package_identification[0m [1;30mLevel 1[0m _identify(VisualEnv\UnrealEngine\Win_BAM_English_College\Engine\Extras) by extension 'python'
[7.868s] [34mcolcon.colcon_core.package_identification[0m [1;30mLevel 1[0m _identify(VisualEnv\UnrealEngine\Win_BAM_English_College\Engine\Extras) by extensions ['python_setup_py']
[7.868s] [34mcolcon.colcon_core.package_identification[0m [1;30mLevel 1[0m _identify(VisualEnv\UnrealEngine\Win_BAM_English_College\Engine\Extras) by extension 'python_setup_py'
[7.868s] [34mcolcon.colcon_core.package_identification[0m [1;30mLevel 1[0m _identify(VisualEnv\UnrealEngine\Win_BAM_English_College\Engine\Extras\Redist) by extensions ['ignore', 'ignore_ament_install']
[7.868s] [34mcolcon.colcon_core.package_identification[0m [1;30mLevel 1[0m _identify(VisualEnv\UnrealEngine\Win_BAM_English_College\Engine\Extras\Redist) by extension 'ignore'
[7.868s] [34mcolcon.colcon_core.package_identification[0m [1;30mLevel 1[0m _identify(VisualEnv\UnrealEngine\Win_BAM_English_College\Engine\Extras\Redist) by extension 'ignore_ament_install'
[7.868s] [34mcolcon.colcon_core.package_identification[0m [1;30mLevel 1[0m _identify(VisualEnv\UnrealEngine\Win_BAM_English_College\Engine\Extras\Redist) by extensions ['colcon_pkg']
[7.868s] [34mcolcon.colcon_core.package_identification[0m [1;30mLevel 1[0m _identify(VisualEnv\UnrealEngine\Win_BAM_English_College\Engine\Extras\Redist) by extension 'colcon_pkg'
[7.868s] [34mcolcon.colcon_core.package_identification[0m [1;30mLevel 1[0m _identify(VisualEnv\UnrealEngine\Win_BAM_English_College\Engine\Extras\Redist) by extensions ['colcon_meta']
[7.868s] [34mcolcon.colcon_core.package_identification[0m [1;30mLevel 1[0m _identify(VisualEnv\UnrealEngine\Win_BAM_English_College\Engine\Extras\Redist) by extension 'colcon_meta'
[7.868s] [34mcolcon.colcon_core.package_identification[0m [1;30mLevel 1[0m _identify(VisualEnv\UnrealEngine\Win_BAM_English_College\Engine\Extras\Redist) by extensions ['ros']
[7.868s] [34mcolcon.colcon_core.package_identification[0m [1;30mLevel 1[0m _identify(VisualEnv\UnrealEngine\Win_BAM_English_College\Engine\Extras\Redist) by extension 'ros'
[7.868s] [34mcolcon.colcon_core.package_identification[0m [1;30mLevel 1[0m _identify(VisualEnv\UnrealEngine\Win_BAM_English_College\Engine\Extras\Redist) by extensions ['cmake', 'python']
[7.869s] [34mcolcon.colcon_core.package_identification[0m [1;30mLevel 1[0m _identify(VisualEnv\UnrealEngine\Win_BAM_English_College\Engine\Extras\Redist) by extension 'cmake'
[7.869s] [34mcolcon.colcon_core.package_identification[0m [1;30mLevel 1[0m _identify(VisualEnv\UnrealEngine\Win_BAM_English_College\Engine\Extras\Redist) by extension 'python'
[7.869s] [34mcolcon.colcon_core.package_identification[0m [1;30mLevel 1[0m _identify(VisualEnv\UnrealEngine\Win_BAM_English_College\Engine\Extras\Redist) by extensions ['python_setup_py']
[7.869s] [34mcolcon.colcon_core.package_identification[0m [1;30mLevel 1[0m _identify(VisualEnv\UnrealEngine\Win_BAM_English_College\Engine\Extras\Redist) by extension 'python_setup_py'
[7.869s] [34mcolcon.colcon_core.package_identification[0m [1;30mLevel 1[0m _identify(VisualEnv\UnrealEngine\Win_BAM_English_College\Engine\Extras\Redist\en-us) by extensions ['ignore', 'ignore_ament_install']
[7.869s] [34mcolcon.colcon_core.package_identification[0m [1;30mLevel 1[0m _identify(VisualEnv\UnrealEngine\Win_BAM_English_College\Engine\Extras\Redist\en-us) by extension 'ignore'
[7.869s] [34mcolcon.colcon_core.package_identification[0m [1;30mLevel 1[0m _identify(VisualEnv\UnrealEngine\Win_BAM_English_College\Engine\Extras\Redist\en-us) by extension 'ignore_ament_install'
[7.869s] [34mcolcon.colcon_core.package_identification[0m [1;30mLevel 1[0m _identify(VisualEnv\UnrealEngine\Win_BAM_English_College\Engine\Extras\Redist\en-us) by extensions ['colcon_pkg']
[7.869s] [34mcolcon.colcon_core.package_identification[0m [1;30mLevel 1[0m _identify(VisualEnv\UnrealEngine\Win_BAM_English_College\Engine\Extras\Redist\en-us) by extension 'colcon_pkg'
[7.869s] [34mcolcon.colcon_core.package_identification[0m [1;30mLevel 1[0m _identify(VisualEnv\UnrealEngine\Win_BAM_English_College\Engine\Extras\Redist\en-us) by extensions ['colcon_meta']
[7.869s] [34mcolcon.colcon_core.package_identification[0m [1;30mLevel 1[0m _identify(VisualEnv\UnrealEngine\Win_BAM_English_College\Engine\Extras\Redist\en-us) by extension 'colcon_meta'
[7.869s] [34mcolcon.colcon_core.package_identification[0m [1;30mLevel 1[0m _identify(VisualEnv\UnrealEngine\Win_BAM_English_College\Engine\Extras\Redist\en-us) by extensions ['ros']
[7.869s] [34mcolcon.colcon_core.package_identification[0m [1;30mLevel 1[0m _identify(VisualEnv\UnrealEngine\Win_BAM_English_College\Engine\Extras\Redist\en-us) by extension 'ros'
[7.870s] [34mcolcon.colcon_core.package_identification[0m [1;30mLevel 1[0m _identify(VisualEnv\UnrealEngine\Win_BAM_English_College\Engine\Extras\Redist\en-us) by extensions ['cmake', 'python']
[7.870s] [34mcolcon.colcon_core.package_identification[0m [1;30mLevel 1[0m _identify(VisualEnv\UnrealEngine\Win_BAM_English_College\Engine\Extras\Redist\en-us) by extension 'cmake'
[7.870s] [34mcolcon.colcon_core.package_identification[0m [1;30mLevel 1[0m _identify(VisualEnv\UnrealEngine\Win_BAM_English_College\Engine\Extras\Redist\en-us) by extension 'python'
[7.870s] [34mcolcon.colcon_core.package_identification[0m [1;30mLevel 1[0m _identify(VisualEnv\UnrealEngine\Win_BAM_English_College\Engine\Extras\Redist\en-us) by extensions ['python_setup_py']
[7.870s] [34mcolcon.colcon_core.package_identification[0m [1;30mLevel 1[0m _identify(VisualEnv\UnrealEngine\Win_BAM_English_College\Engine\Extras\Redist\en-us) by extension 'python_setup_py'
[7.870s] [34mcolcon.colcon_core.package_identification[0m [1;30mLevel 1[0m _identify(VisualEnv\UnrealEngine\Win_BAM_English_College\Engine\Plugins) by extensions ['ignore', 'ignore_ament_install']
[7.870s] [34mcolcon.colcon_core.package_identification[0m [1;30mLevel 1[0m _identify(VisualEnv\UnrealEngine\Win_BAM_English_College\Engine\Plugins) by extension 'ignore'
[7.870s] [34mcolcon.colcon_core.package_identification[0m [1;30mLevel 1[0m _identify(VisualEnv\UnrealEngine\Win_BAM_English_College\Engine\Plugins) by extension 'ignore_ament_install'
[7.870s] [34mcolcon.colcon_core.package_identification[0m [1;30mLevel 1[0m _identify(VisualEnv\UnrealEngine\Win_BAM_English_College\Engine\Plugins) by extensions ['colcon_pkg']
[7.870s] [34mcolcon.colcon_core.package_identification[0m [1;30mLevel 1[0m _identify(VisualEnv\UnrealEngine\Win_BAM_English_College\Engine\Plugins) by extension 'colcon_pkg'
[7.870s] [34mcolcon.colcon_core.package_identification[0m [1;30mLevel 1[0m _identify(VisualEnv\UnrealEngine\Win_BAM_English_College\Engine\Plugins) by extensions ['colcon_meta']
[7.870s] [34mcolcon.colcon_core.package_identification[0m [1;30mLevel 1[0m _identify(VisualEnv\UnrealEngine\Win_BAM_English_College\Engine\Plugins) by extension 'colcon_meta'
[7.870s] [34mcolcon.colcon_core.package_identification[0m [1;30mLevel 1[0m _identify(VisualEnv\UnrealEngine\Win_BAM_English_College\Engine\Plugins) by extensions ['ros']
[7.870s] [34mcolcon.colcon_core.package_identification[0m [1;30mLevel 1[0m _identify(VisualEnv\UnrealEngine\Win_BAM_English_College\Engine\Plugins) by extension 'ros'
[7.871s] [34mcolcon.colcon_core.package_identification[0m [1;30mLevel 1[0m _identify(VisualEnv\UnrealEngine\Win_BAM_English_College\Engine\Plugins) by extensions ['cmake', 'python']
[7.871s] [34mcolcon.colcon_core.package_identification[0m [1;30mLevel 1[0m _identify(VisualEnv\UnrealEngine\Win_BAM_English_College\Engine\Plugins) by extension 'cmake'
[7.871s] [34mcolcon.colcon_core.package_identification[0m [1;30mLevel 1[0m _identify(VisualEnv\UnrealEngine\Win_BAM_English_College\Engine\Plugins) by extension 'python'
[7.871s] [34mcolcon.colcon_core.package_identification[0m [1;30mLevel 1[0m _identify(VisualEnv\UnrealEngine\Win_BAM_English_College\Engine\Plugins) by extensions ['python_setup_py']
[7.871s] [34mcolcon.colcon_core.package_identification[0m [1;30mLevel 1[0m _identify(VisualEnv\UnrealEngine\Win_BAM_English_College\Engine\Plugins) by extension 'python_setup_py'
[7.871s] [34mcolcon.colcon_core.package_identification[0m [1;30mLevel 1[0m _identify(VisualEnv\UnrealEngine\Win_BAM_English_College\Engine\Plugins\NNE) by extensions ['ignore', 'ignore_ament_install']
[7.871s] [34mcolcon.colcon_core.package_identification[0m [1;30mLevel 1[0m _identify(VisualEnv\UnrealEngine\Win_BAM_English_College\Engine\Plugins\NNE) by extension 'ignore'
[7.871s] [34mcolcon.colcon_core.package_identification[0m [1;30mLevel 1[0m _identify(VisualEnv\UnrealEngine\Win_BAM_English_College\Engine\Plugins\NNE) by extension 'ignore_ament_install'
[7.871s] [34mcolcon.colcon_core.package_identification[0m [1;30mLevel 1[0m _identify(VisualEnv\UnrealEngine\Win_BAM_English_College\Engine\Plugins\NNE) by extensions ['colcon_pkg']
[7.871s] [34mcolcon.colcon_core.package_identification[0m [1;30mLevel 1[0m _identify(VisualEnv\UnrealEngine\Win_BAM_English_College\Engine\Plugins\NNE) by extension 'colcon_pkg'
[7.871s] [34mcolcon.colcon_core.package_identification[0m [1;30mLevel 1[0m _identify(VisualEnv\UnrealEngine\Win_BAM_English_College\Engine\Plugins\NNE) by extensions ['colcon_meta']
[7.871s] [34mcolcon.colcon_core.package_identification[0m [1;30mLevel 1[0m _identify(VisualEnv\UnrealEngine\Win_BAM_English_College\Engine\Plugins\NNE) by extension 'colcon_meta'
[7.871s] [34mcolcon.colcon_core.package_identification[0m [1;30mLevel 1[0m _identify(VisualEnv\UnrealEngine\Win_BAM_English_College\Engine\Plugins\NNE) by extensions ['ros']
[7.871s] [34mcolcon.colcon_core.package_identification[0m [1;30mLevel 1[0m _identify(VisualEnv\UnrealEngine\Win_BAM_English_College\Engine\Plugins\NNE) by extension 'ros'
[7.872s] [34mcolcon.colcon_core.package_identification[0m [1;30mLevel 1[0m _identify(VisualEnv\UnrealEngine\Win_BAM_English_College\Engine\Plugins\NNE) by extensions ['cmake', 'python']
[7.872s] [34mcolcon.colcon_core.package_identification[0m [1;30mLevel 1[0m _identify(VisualEnv\UnrealEngine\Win_BAM_English_College\Engine\Plugins\NNE) by extension 'cmake'
[7.872s] [34mcolcon.colcon_core.package_identification[0m [1;30mLevel 1[0m _identify(VisualEnv\UnrealEngine\Win_BAM_English_College\Engine\Plugins\NNE) by extension 'python'
[7.872s] [34mcolcon.colcon_core.package_identification[0m [1;30mLevel 1[0m _identify(VisualEnv\UnrealEngine\Win_BAM_English_College\Engine\Plugins\NNE) by extensions ['python_setup_py']
[7.872s] [34mcolcon.colcon_core.package_identification[0m [1;30mLevel 1[0m _identify(VisualEnv\UnrealEngine\Win_BAM_English_College\Engine\Plugins\NNE) by extension 'python_setup_py'
[7.872s] [34mcolcon.colcon_core.package_identification[0m [1;30mLevel 1[0m _identify(VisualEnv\UnrealEngine\Win_BAM_English_College\Engine\Plugins\NNE\NNERuntimeORT) by extensions ['ignore', 'ignore_ament_install']
[7.872s] [34mcolcon.colcon_core.package_identification[0m [1;30mLevel 1[0m _identify(VisualEnv\UnrealEngine\Win_BAM_English_College\Engine\Plugins\NNE\NNERuntimeORT) by extension 'ignore'
[7.872s] [34mcolcon.colcon_core.package_identification[0m [1;30mLevel 1[0m _identify(VisualEnv\UnrealEngine\Win_BAM_English_College\Engine\Plugins\NNE\NNERuntimeORT) by extension 'ignore_ament_install'
[7.872s] [34mcolcon.colcon_core.package_identification[0m [1;30mLevel 1[0m _identify(VisualEnv\UnrealEngine\Win_BAM_English_College\Engine\Plugins\NNE\NNERuntimeORT) by extensions ['colcon_pkg']
[7.872s] [34mcolcon.colcon_core.package_identification[0m [1;30mLevel 1[0m _identify(VisualEnv\UnrealEngine\Win_BAM_English_College\Engine\Plugins\NNE\NNERuntimeORT) by extension 'colcon_pkg'
[7.872s] [34mcolcon.colcon_core.package_identification[0m [1;30mLevel 1[0m _identify(VisualEnv\UnrealEngine\Win_BAM_English_College\Engine\Plugins\NNE\NNERuntimeORT) by extensions ['colcon_meta']
[7.872s] [34mcolcon.colcon_core.package_identification[0m [1;30mLevel 1[0m _identify(VisualEnv\UnrealEngine\Win_BAM_English_College\Engine\Plugins\NNE\NNERuntimeORT) by extension 'colcon_meta'
[7.872s] [34mcolcon.colcon_core.package_identification[0m [1;30mLevel 1[0m _identify(VisualEnv\UnrealEngine\Win_BAM_English_College\Engine\Plugins\NNE\NNERuntimeORT) by extensions ['ros']
[7.872s] [34mcolcon.colcon_core.package_identification[0m [1;30mLevel 1[0m _identify(VisualEnv\UnrealEngine\Win_BAM_English_College\Engine\Plugins\NNE\NNERuntimeORT) by extension 'ros'
[7.873s] [34mcolcon.colcon_core.package_identification[0m [1;30mLevel 1[0m _identify(VisualEnv\UnrealEngine\Win_BAM_English_College\Engine\Plugins\NNE\NNERuntimeORT) by extensions ['cmake', 'python']
[7.873s] [34mcolcon.colcon_core.package_identification[0m [1;30mLevel 1[0m _identify(VisualEnv\UnrealEngine\Win_BAM_English_College\Engine\Plugins\NNE\NNERuntimeORT) by extension 'cmake'
[7.873s] [34mcolcon.colcon_core.package_identification[0m [1;30mLevel 1[0m _identify(VisualEnv\UnrealEngine\Win_BAM_English_College\Engine\Plugins\NNE\NNERuntimeORT) by extension 'python'
[7.873s] [34mcolcon.colcon_core.package_identification[0m [1;30mLevel 1[0m _identify(VisualEnv\UnrealEngine\Win_BAM_English_College\Engine\Plugins\NNE\NNERuntimeORT) by extensions ['python_setup_py']
[7.873s] [34mcolcon.colcon_core.package_identification[0m [1;30mLevel 1[0m _identify(VisualEnv\UnrealEngine\Win_BAM_English_College\Engine\Plugins\NNE\NNERuntimeORT) by extension 'python_setup_py'
[7.873s] [34mcolcon.colcon_core.package_identification[0m [1;30mLevel 1[0m _identify(VisualEnv\UnrealEngine\Win_BAM_English_College\Engine\Plugins\NNE\NNERuntimeORT\Binaries) by extensions ['ignore', 'ignore_ament_install']
[7.873s] [34mcolcon.colcon_core.package_identification[0m [1;30mLevel 1[0m _identify(VisualEnv\UnrealEngine\Win_BAM_English_College\Engine\Plugins\NNE\NNERuntimeORT\Binaries) by extension 'ignore'
[7.873s] [34mcolcon.colcon_core.package_identification[0m [1;30mLevel 1[0m _identify(VisualEnv\UnrealEngine\Win_BAM_English_College\Engine\Plugins\NNE\NNERuntimeORT\Binaries) by extension 'ignore_ament_install'
[7.873s] [34mcolcon.colcon_core.package_identification[0m [1;30mLevel 1[0m _identify(VisualEnv\UnrealEngine\Win_BAM_English_College\Engine\Plugins\NNE\NNERuntimeORT\Binaries) by extensions ['colcon_pkg']
[7.873s] [34mcolcon.colcon_core.package_identification[0m [1;30mLevel 1[0m _identify(VisualEnv\UnrealEngine\Win_BAM_English_College\Engine\Plugins\NNE\NNERuntimeORT\Binaries) by extension 'colcon_pkg'
[7.873s] [34mcolcon.colcon_core.package_identification[0m [1;30mLevel 1[0m _identify(VisualEnv\UnrealEngine\Win_BAM_English_College\Engine\Plugins\NNE\NNERuntimeORT\Binaries) by extensions ['colcon_meta']
[7.873s] [34mcolcon.colcon_core.package_identification[0m [1;30mLevel 1[0m _identify(VisualEnv\UnrealEngine\Win_BAM_English_College\Engine\Plugins\NNE\NNERuntimeORT\Binaries) by extension 'colcon_meta'
[7.873s] [34mcolcon.colcon_core.package_identification[0m [1;30mLevel 1[0m _identify(VisualEnv\UnrealEngine\Win_BAM_English_College\Engine\Plugins\NNE\NNERuntimeORT\Binaries) by extensions ['ros']
[7.874s] [34mcolcon.colcon_core.package_identification[0m [1;30mLevel 1[0m _identify(VisualEnv\UnrealEngine\Win_BAM_English_College\Engine\Plugins\NNE\NNERuntimeORT\Binaries) by extension 'ros'
[7.874s] [34mcolcon.colcon_core.package_identification[0m [1;30mLevel 1[0m _identify(VisualEnv\UnrealEngine\Win_BAM_English_College\Engine\Plugins\NNE\NNERuntimeORT\Binaries) by extensions ['cmake', 'python']
[7.874s] [34mcolcon.colcon_core.package_identification[0m [1;30mLevel 1[0m _identify(VisualEnv\UnrealEngine\Win_BAM_English_College\Engine\Plugins\NNE\NNERuntimeORT\Binaries) by extension 'cmake'
[7.874s] [34mcolcon.colcon_core.package_identification[0m [1;30mLevel 1[0m _identify(VisualEnv\UnrealEngine\Win_BAM_English_College\Engine\Plugins\NNE\NNERuntimeORT\Binaries) by extension 'python'
[7.874s] [34mcolcon.colcon_core.package_identification[0m [1;30mLevel 1[0m _identify(VisualEnv\UnrealEngine\Win_BAM_English_College\Engine\Plugins\NNE\NNERuntimeORT\Binaries) by extensions ['python_setup_py']
[7.874s] [34mcolcon.colcon_core.package_identification[0m [1;30mLevel 1[0m _identify(VisualEnv\UnrealEngine\Win_BAM_English_College\Engine\Plugins\NNE\NNERuntimeORT\Binaries) by extension 'python_setup_py'
[7.874s] [34mcolcon.colcon_core.package_identification[0m [1;30mLevel 1[0m _identify(VisualEnv\UnrealEngine\Win_BAM_English_College\Engine\Plugins\NNE\NNERuntimeORT\Binaries\ThirdParty) by extensions ['ignore', 'ignore_ament_install']
[7.874s] [34mcolcon.colcon_core.package_identification[0m [1;30mLevel 1[0m _identify(VisualEnv\UnrealEngine\Win_BAM_English_College\Engine\Plugins\NNE\NNERuntimeORT\Binaries\ThirdParty) by extension 'ignore'
[7.874s] [34mcolcon.colcon_core.package_identification[0m [1;30mLevel 1[0m _identify(VisualEnv\UnrealEngine\Win_BAM_English_College\Engine\Plugins\NNE\NNERuntimeORT\Binaries\ThirdParty) by extension 'ignore_ament_install'
[7.874s] [34mcolcon.colcon_core.package_identification[0m [1;30mLevel 1[0m _identify(VisualEnv\UnrealEngine\Win_BAM_English_College\Engine\Plugins\NNE\NNERuntimeORT\Binaries\ThirdParty) by extensions ['colcon_pkg']
[7.874s] [34mcolcon.colcon_core.package_identification[0m [1;30mLevel 1[0m _identify(VisualEnv\UnrealEngine\Win_BAM_English_College\Engine\Plugins\NNE\NNERuntimeORT\Binaries\ThirdParty) by extension 'colcon_pkg'
[7.874s] [34mcolcon.colcon_core.package_identification[0m [1;30mLevel 1[0m _identify(VisualEnv\UnrealEngine\Win_BAM_English_College\Engine\Plugins\NNE\NNERuntimeORT\Binaries\ThirdParty) by extensions ['colcon_meta']
[7.874s] [34mcolcon.colcon_core.package_identification[0m [1;30mLevel 1[0m _identify(VisualEnv\UnrealEngine\Win_BAM_English_College\Engine\Plugins\NNE\NNERuntimeORT\Binaries\ThirdParty) by extension 'colcon_meta'
[7.875s] [34mcolcon.colcon_core.package_identification[0m [1;30mLevel 1[0m _identify(VisualEnv\UnrealEngine\Win_BAM_English_College\Engine\Plugins\NNE\NNERuntimeORT\Binaries\ThirdParty) by extensions ['ros']
[7.875s] [34mcolcon.colcon_core.package_identification[0m [1;30mLevel 1[0m _identify(VisualEnv\UnrealEngine\Win_BAM_English_College\Engine\Plugins\NNE\NNERuntimeORT\Binaries\ThirdParty) by extension 'ros'
[7.875s] [34mcolcon.colcon_core.package_identification[0m [1;30mLevel 1[0m _identify(VisualEnv\UnrealEngine\Win_BAM_English_College\Engine\Plugins\NNE\NNERuntimeORT\Binaries\ThirdParty) by extensions ['cmake', 'python']
[7.875s] [34mcolcon.colcon_core.package_identification[0m [1;30mLevel 1[0m _identify(VisualEnv\UnrealEngine\Win_BAM_English_College\Engine\Plugins\NNE\NNERuntimeORT\Binaries\ThirdParty) by extension 'cmake'
[7.875s] [34mcolcon.colcon_core.package_identification[0m [1;30mLevel 1[0m _identify(VisualEnv\UnrealEngine\Win_BAM_English_College\Engine\Plugins\NNE\NNERuntimeORT\Binaries\ThirdParty) by extension 'python'
[7.875s] [34mcolcon.colcon_core.package_identification[0m [1;30mLevel 1[0m _identify(VisualEnv\UnrealEngine\Win_BAM_English_College\Engine\Plugins\NNE\NNERuntimeORT\Binaries\ThirdParty) by extensions ['python_setup_py']
[7.875s] [34mcolcon.colcon_core.package_identification[0m [1;30mLevel 1[0m _identify(VisualEnv\UnrealEngine\Win_BAM_English_College\Engine\Plugins\NNE\NNERuntimeORT\Binaries\ThirdParty) by extension 'python_setup_py'
[7.875s] [34mcolcon.colcon_core.package_identification[0m [1;30mLevel 1[0m _identify(VisualEnv\UnrealEngine\Win_BAM_English_College\Engine\Plugins\NNE\NNERuntimeORT\Binaries\ThirdParty\Onnxruntime) by extensions ['ignore', 'ignore_ament_install']
[7.875s] [34mcolcon.colcon_core.package_identification[0m [1;30mLevel 1[0m _identify(VisualEnv\UnrealEngine\Win_BAM_English_College\Engine\Plugins\NNE\NNERuntimeORT\Binaries\ThirdParty\Onnxruntime) by extension 'ignore'
[7.875s] [34mcolcon.colcon_core.package_identification[0m [1;30mLevel 1[0m _identify(VisualEnv\UnrealEngine\Win_BAM_English_College\Engine\Plugins\NNE\NNERuntimeORT\Binaries\ThirdParty\Onnxruntime) by extension 'ignore_ament_install'
[7.876s] [34mcolcon.colcon_core.package_identification[0m [1;30mLevel 1[0m _identify(VisualEnv\UnrealEngine\Win_BAM_English_College\Engine\Plugins\NNE\NNERuntimeORT\Binaries\ThirdParty\Onnxruntime) by extensions ['colcon_pkg']
[7.876s] [34mcolcon.colcon_core.package_identification[0m [1;30mLevel 1[0m _identify(VisualEnv\UnrealEngine\Win_BAM_English_College\Engine\Plugins\NNE\NNERuntimeORT\Binaries\ThirdParty\Onnxruntime) by extension 'colcon_pkg'
[7.876s] [34mcolcon.colcon_core.package_identification[0m [1;30mLevel 1[0m _identify(VisualEnv\UnrealEngine\Win_BAM_English_College\Engine\Plugins\NNE\NNERuntimeORT\Binaries\ThirdParty\Onnxruntime) by extensions ['colcon_meta']
[7.876s] [34mcolcon.colcon_core.package_identification[0m [1;30mLevel 1[0m _identify(VisualEnv\UnrealEngine\Win_BAM_English_College\Engine\Plugins\NNE\NNERuntimeORT\Binaries\ThirdParty\Onnxruntime) by extension 'colcon_meta'
[7.876s] [34mcolcon.colcon_core.package_identification[0m [1;30mLevel 1[0m _identify(VisualEnv\UnrealEngine\Win_BAM_English_College\Engine\Plugins\NNE\NNERuntimeORT\Binaries\ThirdParty\Onnxruntime) by extensions ['ros']
[7.876s] [34mcolcon.colcon_core.package_identification[0m [1;30mLevel 1[0m _identify(VisualEnv\UnrealEngine\Win_BAM_English_College\Engine\Plugins\NNE\NNERuntimeORT\Binaries\ThirdParty\Onnxruntime) by extension 'ros'
[7.876s] [34mcolcon.colcon_core.package_identification[0m [1;30mLevel 1[0m _identify(VisualEnv\UnrealEngine\Win_BAM_English_College\Engine\Plugins\NNE\NNERuntimeORT\Binaries\ThirdParty\Onnxruntime) by extensions ['cmake', 'python']
[7.876s] [34mcolcon.colcon_core.package_identification[0m [1;30mLevel 1[0m _identify(VisualEnv\UnrealEngine\Win_BAM_English_College\Engine\Plugins\NNE\NNERuntimeORT\Binaries\ThirdParty\Onnxruntime) by extension 'cmake'
[7.876s] [34mcolcon.colcon_core.package_identification[0m [1;30mLevel 1[0m _identify(VisualEnv\UnrealEngine\Win_BAM_English_College\Engine\Plugins\NNE\NNERuntimeORT\Binaries\ThirdParty\Onnxruntime) by extension 'python'
[7.876s] [34mcolcon.colcon_core.package_identification[0m [1;30mLevel 1[0m _identify(VisualEnv\UnrealEngine\Win_BAM_English_College\Engine\Plugins\NNE\NNERuntimeORT\Binaries\ThirdParty\Onnxruntime) by extensions ['python_setup_py']
[7.876s] [34mcolcon.colcon_core.package_identification[0m [1;30mLevel 1[0m _identify(VisualEnv\UnrealEngine\Win_BAM_English_College\Engine\Plugins\NNE\NNERuntimeORT\Binaries\ThirdParty\Onnxruntime) by extension 'python_setup_py'
[7.876s] [34mcolcon.colcon_core.package_identification[0m [1;30mLevel 1[0m _identify(VisualEnv\UnrealEngine\Win_BAM_English_College\Engine\Plugins\NNE\NNERuntimeORT\Binaries\ThirdParty\Onnxruntime\Win64) by extensions ['ignore', 'ignore_ament_install']
[7.877s] [34mcolcon.colcon_core.package_identification[0m [1;30mLevel 1[0m _identify(VisualEnv\UnrealEngine\Win_BAM_English_College\Engine\Plugins\NNE\NNERuntimeORT\Binaries\ThirdParty\Onnxruntime\Win64) by extension 'ignore'
[7.877s] [34mcolcon.colcon_core.package_identification[0m [1;30mLevel 1[0m _identify(VisualEnv\UnrealEngine\Win_BAM_English_College\Engine\Plugins\NNE\NNERuntimeORT\Binaries\ThirdParty\Onnxruntime\Win64) by extension 'ignore_ament_install'
[7.877s] [34mcolcon.colcon_core.package_identification[0m [1;30mLevel 1[0m _identify(VisualEnv\UnrealEngine\Win_BAM_English_College\Engine\Plugins\NNE\NNERuntimeORT\Binaries\ThirdParty\Onnxruntime\Win64) by extensions ['colcon_pkg']
[7.877s] [34mcolcon.colcon_core.package_identification[0m [1;30mLevel 1[0m _identify(VisualEnv\UnrealEngine\Win_BAM_English_College\Engine\Plugins\NNE\NNERuntimeORT\Binaries\ThirdParty\Onnxruntime\Win64) by extension 'colcon_pkg'
[7.877s] [34mcolcon.colcon_core.package_identification[0m [1;30mLevel 1[0m _identify(VisualEnv\UnrealEngine\Win_BAM_English_College\Engine\Plugins\NNE\NNERuntimeORT\Binaries\ThirdParty\Onnxruntime\Win64) by extensions ['colcon_meta']
[7.877s] [34mcolcon.colcon_core.package_identification[0m [1;30mLevel 1[0m _identify(VisualEnv\UnrealEngine\Win_BAM_English_College\Engine\Plugins\NNE\NNERuntimeORT\Binaries\ThirdParty\Onnxruntime\Win64) by extension 'colcon_meta'
[7.877s] [34mcolcon.colcon_core.package_identification[0m [1;30mLevel 1[0m _identify(VisualEnv\UnrealEngine\Win_BAM_English_College\Engine\Plugins\NNE\NNERuntimeORT\Binaries\ThirdParty\Onnxruntime\Win64) by extensions ['ros']
[7.877s] [34mcolcon.colcon_core.package_identification[0m [1;30mLevel 1[0m _identify(VisualEnv\UnrealEngine\Win_BAM_English_College\Engine\Plugins\NNE\NNERuntimeORT\Binaries\ThirdParty\Onnxruntime\Win64) by extension 'ros'
[7.877s] [34mcolcon.colcon_core.package_identification[0m [1;30mLevel 1[0m _identify(VisualEnv\UnrealEngine\Win_BAM_English_College\Engine\Plugins\NNE\NNERuntimeORT\Binaries\ThirdParty\Onnxruntime\Win64) by extensions ['cmake', 'python']
[7.877s] [34mcolcon.colcon_core.package_identification[0m [1;30mLevel 1[0m _identify(VisualEnv\UnrealEngine\Win_BAM_English_College\Engine\Plugins\NNE\NNERuntimeORT\Binaries\ThirdParty\Onnxruntime\Win64) by extension 'cmake'
[7.877s] [34mcolcon.colcon_core.package_identification[0m [1;30mLevel 1[0m _identify(VisualEnv\UnrealEngine\Win_BAM_English_College\Engine\Plugins\NNE\NNERuntimeORT\Binaries\ThirdParty\Onnxruntime\Win64) by extension 'python'
[7.877s] [34mcolcon.colcon_core.package_identification[0m [1;30mLevel 1[0m _identify(VisualEnv\UnrealEngine\Win_BAM_English_College\Engine\Plugins\NNE\NNERuntimeORT\Binaries\ThirdParty\Onnxruntime\Win64) by extensions ['python_setup_py']
[7.877s] [34mcolcon.colcon_core.package_identification[0m [1;30mLevel 1[0m _identify(VisualEnv\UnrealEngine\Win_BAM_English_College\Engine\Plugins\NNE\NNERuntimeORT\Binaries\ThirdParty\Onnxruntime\Win64) by extension 'python_setup_py'
[7.878s] [34mcolcon.colcon_core.package_identification[0m [1;30mLevel 1[0m _identify(VisualEnv\UnrealEngine\Win_BAM_English_College\EnglishCollege) by extensions ['ignore', 'ignore_ament_install']
[7.878s] [34mcolcon.colcon_core.package_identification[0m [1;30mLevel 1[0m _identify(VisualEnv\UnrealEngine\Win_BAM_English_College\EnglishCollege) by extension 'ignore'
[7.878s] [34mcolcon.colcon_core.package_identification[0m [1;30mLevel 1[0m _identify(VisualEnv\UnrealEngine\Win_BAM_English_College\EnglishCollege) by extension 'ignore_ament_install'
[7.878s] [34mcolcon.colcon_core.package_identification[0m [1;30mLevel 1[0m _identify(VisualEnv\UnrealEngine\Win_BAM_English_College\EnglishCollege) by extensions ['colcon_pkg']
[7.878s] [34mcolcon.colcon_core.package_identification[0m [1;30mLevel 1[0m _identify(VisualEnv\UnrealEngine\Win_BAM_English_College\EnglishCollege) by extension 'colcon_pkg'
[7.878s] [34mcolcon.colcon_core.package_identification[0m [1;30mLevel 1[0m _identify(VisualEnv\UnrealEngine\Win_BAM_English_College\EnglishCollege) by extensions ['colcon_meta']
[7.878s] [34mcolcon.colcon_core.package_identification[0m [1;30mLevel 1[0m _identify(VisualEnv\UnrealEngine\Win_BAM_English_College\EnglishCollege) by extension 'colcon_meta'
[7.878s] [34mcolcon.colcon_core.package_identification[0m [1;30mLevel 1[0m _identify(VisualEnv\UnrealEngine\Win_BAM_English_College\EnglishCollege) by extensions ['ros']
[7.878s] [34mcolcon.colcon_core.package_identification[0m [1;30mLevel 1[0m _identify(VisualEnv\UnrealEngine\Win_BAM_English_College\EnglishCollege) by extension 'ros'
[7.878s] [34mcolcon.colcon_core.package_identification[0m [1;30mLevel 1[0m _identify(VisualEnv\UnrealEngine\Win_BAM_English_College\EnglishCollege) by extensions ['cmake', 'python']
[7.878s] [34mcolcon.colcon_core.package_identification[0m [1;30mLevel 1[0m _identify(VisualEnv\UnrealEngine\Win_BAM_English_College\EnglishCollege) by extension 'cmake'
[7.879s] [34mcolcon.colcon_core.package_identification[0m [1;30mLevel 1[0m _identify(VisualEnv\UnrealEngine\Win_BAM_English_College\EnglishCollege) by extension 'python'
[7.879s] [34mcolcon.colcon_core.package_identification[0m [1;30mLevel 1[0m _identify(VisualEnv\UnrealEngine\Win_BAM_English_College\EnglishCollege) by extensions ['python_setup_py']
[7.879s] [34mcolcon.colcon_core.package_identification[0m [1;30mLevel 1[0m _identify(VisualEnv\UnrealEngine\Win_BAM_English_College\EnglishCollege) by extension 'python_setup_py'
[7.879s] [34mcolcon.colcon_core.package_identification[0m [1;30mLevel 1[0m _identify(VisualEnv\UnrealEngine\Win_BAM_English_College\EnglishCollege\Binaries) by extensions ['ignore', 'ignore_ament_install']
[7.879s] [34mcolcon.colcon_core.package_identification[0m [1;30mLevel 1[0m _identify(VisualEnv\UnrealEngine\Win_BAM_English_College\EnglishCollege\Binaries) by extension 'ignore'
[7.879s] [34mcolcon.colcon_core.package_identification[0m [1;30mLevel 1[0m _identify(VisualEnv\UnrealEngine\Win_BAM_English_College\EnglishCollege\Binaries) by extension 'ignore_ament_install'
[7.879s] [34mcolcon.colcon_core.package_identification[0m [1;30mLevel 1[0m _identify(VisualEnv\UnrealEngine\Win_BAM_English_College\EnglishCollege\Binaries) by extensions ['colcon_pkg']
[7.879s] [34mcolcon.colcon_core.package_identification[0m [1;30mLevel 1[0m _identify(VisualEnv\UnrealEngine\Win_BAM_English_College\EnglishCollege\Binaries) by extension 'colcon_pkg'
[7.879s] [34mcolcon.colcon_core.package_identification[0m [1;30mLevel 1[0m _identify(VisualEnv\UnrealEngine\Win_BAM_English_College\EnglishCollege\Binaries) by extensions ['colcon_meta']
[7.879s] [34mcolcon.colcon_core.package_identification[0m [1;30mLevel 1[0m _identify(VisualEnv\UnrealEngine\Win_BAM_English_College\EnglishCollege\Binaries) by extension 'colcon_meta'
[7.879s] [34mcolcon.colcon_core.package_identification[0m [1;30mLevel 1[0m _identify(VisualEnv\UnrealEngine\Win_BAM_English_College\EnglishCollege\Binaries) by extensions ['ros']
[7.879s] [34mcolcon.colcon_core.package_identification[0m [1;30mLevel 1[0m _identify(VisualEnv\UnrealEngine\Win_BAM_English_College\EnglishCollege\Binaries) by extension 'ros'
[7.880s] [34mcolcon.colcon_core.package_identification[0m [1;30mLevel 1[0m _identify(VisualEnv\UnrealEngine\Win_BAM_English_College\EnglishCollege\Binaries) by extensions ['cmake', 'python']
[7.880s] [34mcolcon.colcon_core.package_identification[0m [1;30mLevel 1[0m _identify(VisualEnv\UnrealEngine\Win_BAM_English_College\EnglishCollege\Binaries) by extension 'cmake'
[7.880s] [34mcolcon.colcon_core.package_identification[0m [1;30mLevel 1[0m _identify(VisualEnv\UnrealEngine\Win_BAM_English_College\EnglishCollege\Binaries) by extension 'python'
[7.880s] [34mcolcon.colcon_core.package_identification[0m [1;30mLevel 1[0m _identify(VisualEnv\UnrealEngine\Win_BAM_English_College\EnglishCollege\Binaries) by extensions ['python_setup_py']
[7.880s] [34mcolcon.colcon_core.package_identification[0m [1;30mLevel 1[0m _identify(VisualEnv\UnrealEngine\Win_BAM_English_College\EnglishCollege\Binaries) by extension 'python_setup_py'
[7.880s] [34mcolcon.colcon_core.package_identification[0m [1;30mLevel 1[0m _identify(VisualEnv\UnrealEngine\Win_BAM_English_College\EnglishCollege\Binaries\Win64) by extensions ['ignore', 'ignore_ament_install']
[7.880s] [34mcolcon.colcon_core.package_identification[0m [1;30mLevel 1[0m _identify(VisualEnv\UnrealEngine\Win_BAM_English_College\EnglishCollege\Binaries\Win64) by extension 'ignore'
[7.880s] [34mcolcon.colcon_core.package_identification[0m [1;30mLevel 1[0m _identify(VisualEnv\UnrealEngine\Win_BAM_English_College\EnglishCollege\Binaries\Win64) by extension 'ignore_ament_install'
[7.880s] [34mcolcon.colcon_core.package_identification[0m [1;30mLevel 1[0m _identify(VisualEnv\UnrealEngine\Win_BAM_English_College\EnglishCollege\Binaries\Win64) by extensions ['colcon_pkg']
[7.880s] [34mcolcon.colcon_core.package_identification[0m [1;30mLevel 1[0m _identify(VisualEnv\UnrealEngine\Win_BAM_English_College\EnglishCollege\Binaries\Win64) by extension 'colcon_pkg'
[7.881s] [34mcolcon.colcon_core.package_identification[0m [1;30mLevel 1[0m _identify(VisualEnv\UnrealEngine\Win_BAM_English_College\EnglishCollege\Binaries\Win64) by extensions ['colcon_meta']
[7.881s] [34mcolcon.colcon_core.package_identification[0m [1;30mLevel 1[0m _identify(VisualEnv\UnrealEngine\Win_BAM_English_College\EnglishCollege\Binaries\Win64) by extension 'colcon_meta'
[7.881s] [34mcolcon.colcon_core.package_identification[0m [1;30mLevel 1[0m _identify(VisualEnv\UnrealEngine\Win_BAM_English_College\EnglishCollege\Binaries\Win64) by extensions ['ros']
[7.881s] [34mcolcon.colcon_core.package_identification[0m [1;30mLevel 1[0m _identify(VisualEnv\UnrealEngine\Win_BAM_English_College\EnglishCollege\Binaries\Win64) by extension 'ros'
[7.881s] [34mcolcon.colcon_core.package_identification[0m [1;30mLevel 1[0m _identify(VisualEnv\UnrealEngine\Win_BAM_English_College\EnglishCollege\Binaries\Win64) by extensions ['cmake', 'python']
[7.881s] [34mcolcon.colcon_core.package_identification[0m [1;30mLevel 1[0m _identify(VisualEnv\UnrealEngine\Win_BAM_English_College\EnglishCollege\Binaries\Win64) by extension 'cmake'
[7.881s] [34mcolcon.colcon_core.package_identification[0m [1;30mLevel 1[0m _identify(VisualEnv\UnrealEngine\Win_BAM_English_College\EnglishCollege\Binaries\Win64) by extension 'python'
[7.881s] [34mcolcon.colcon_core.package_identification[0m [1;30mLevel 1[0m _identify(VisualEnv\UnrealEngine\Win_BAM_English_College\EnglishCollege\Binaries\Win64) by extensions ['python_setup_py']
[7.881s] [34mcolcon.colcon_core.package_identification[0m [1;30mLevel 1[0m _identify(VisualEnv\UnrealEngine\Win_BAM_English_College\EnglishCollege\Binaries\Win64) by extension 'python_setup_py'
[7.881s] [34mcolcon.colcon_core.package_identification[0m [1;30mLevel 1[0m _identify(VisualEnv\UnrealEngine\Win_BAM_English_College\EnglishCollege\Binaries\Win64\D3D12) by extensions ['ignore', 'ignore_ament_install']
[7.881s] [34mcolcon.colcon_core.package_identification[0m [1;30mLevel 1[0m _identify(VisualEnv\UnrealEngine\Win_BAM_English_College\EnglishCollege\Binaries\Win64\D3D12) by extension 'ignore'
[7.882s] [34mcolcon.colcon_core.package_identification[0m [1;30mLevel 1[0m _identify(VisualEnv\UnrealEngine\Win_BAM_English_College\EnglishCollege\Binaries\Win64\D3D12) by extension 'ignore_ament_install'
[7.882s] [34mcolcon.colcon_core.package_identification[0m [1;30mLevel 1[0m _identify(VisualEnv\UnrealEngine\Win_BAM_English_College\EnglishCollege\Binaries\Win64\D3D12) by extensions ['colcon_pkg']
[7.882s] [34mcolcon.colcon_core.package_identification[0m [1;30mLevel 1[0m _identify(VisualEnv\UnrealEngine\Win_BAM_English_College\EnglishCollege\Binaries\Win64\D3D12) by extension 'colcon_pkg'
[7.882s] [34mcolcon.colcon_core.package_identification[0m [1;30mLevel 1[0m _identify(VisualEnv\UnrealEngine\Win_BAM_English_College\EnglishCollege\Binaries\Win64\D3D12) by extensions ['colcon_meta']
[7.882s] [34mcolcon.colcon_core.package_identification[0m [1;30mLevel 1[0m _identify(VisualEnv\UnrealEngine\Win_BAM_English_College\EnglishCollege\Binaries\Win64\D3D12) by extension 'colcon_meta'
[7.882s] [34mcolcon.colcon_core.package_identification[0m [1;30mLevel 1[0m _identify(VisualEnv\UnrealEngine\Win_BAM_English_College\EnglishCollege\Binaries\Win64\D3D12) by extensions ['ros']
[7.882s] [34mcolcon.colcon_core.package_identification[0m [1;30mLevel 1[0m _identify(VisualEnv\UnrealEngine\Win_BAM_English_College\EnglishCollege\Binaries\Win64\D3D12) by extension 'ros'
[7.882s] [34mcolcon.colcon_core.package_identification[0m [1;30mLevel 1[0m _identify(VisualEnv\UnrealEngine\Win_BAM_English_College\EnglishCollege\Binaries\Win64\D3D12) by extensions ['cmake', 'python']
[7.882s] [34mcolcon.colcon_core.package_identification[0m [1;30mLevel 1[0m _identify(VisualEnv\UnrealEngine\Win_BAM_English_College\EnglishCollege\Binaries\Win64\D3D12) by extension 'cmake'
[7.882s] [34mcolcon.colcon_core.package_identification[0m [1;30mLevel 1[0m _identify(VisualEnv\UnrealEngine\Win_BAM_English_College\EnglishCollege\Binaries\Win64\D3D12) by extension 'python'
[7.882s] [34mcolcon.colcon_core.package_identification[0m [1;30mLevel 1[0m _identify(VisualEnv\UnrealEngine\Win_BAM_English_College\EnglishCollege\Binaries\Win64\D3D12) by extensions ['python_setup_py']
[7.882s] [34mcolcon.colcon_core.package_identification[0m [1;30mLevel 1[0m _identify(VisualEnv\UnrealEngine\Win_BAM_English_College\EnglishCollege\Binaries\Win64\D3D12) by extension 'python_setup_py'
[7.883s] [34mcolcon.colcon_core.package_identification[0m [1;30mLevel 1[0m _identify(VisualEnv\UnrealEngine\Win_BAM_English_College\EnglishCollege\Binaries\Win64\DML) by extensions ['ignore', 'ignore_ament_install']
[7.883s] [34mcolcon.colcon_core.package_identification[0m [1;30mLevel 1[0m _identify(VisualEnv\UnrealEngine\Win_BAM_English_College\EnglishCollege\Binaries\Win64\DML) by extension 'ignore'
[7.883s] [34mcolcon.colcon_core.package_identification[0m [1;30mLevel 1[0m _identify(VisualEnv\UnrealEngine\Win_BAM_English_College\EnglishCollege\Binaries\Win64\DML) by extension 'ignore_ament_install'
[7.883s] [34mcolcon.colcon_core.package_identification[0m [1;30mLevel 1[0m _identify(VisualEnv\UnrealEngine\Win_BAM_English_College\EnglishCollege\Binaries\Win64\DML) by extensions ['colcon_pkg']
[7.883s] [34mcolcon.colcon_core.package_identification[0m [1;30mLevel 1[0m _identify(VisualEnv\UnrealEngine\Win_BAM_English_College\EnglishCollege\Binaries\Win64\DML) by extension 'colcon_pkg'
[7.883s] [34mcolcon.colcon_core.package_identification[0m [1;30mLevel 1[0m _identify(VisualEnv\UnrealEngine\Win_BAM_English_College\EnglishCollege\Binaries\Win64\DML) by extensions ['colcon_meta']
[7.883s] [34mcolcon.colcon_core.package_identification[0m [1;30mLevel 1[0m _identify(VisualEnv\UnrealEngine\Win_BAM_English_College\EnglishCollege\Binaries\Win64\DML) by extension 'colcon_meta'
[7.883s] [34mcolcon.colcon_core.package_identification[0m [1;30mLevel 1[0m _identify(VisualEnv\UnrealEngine\Win_BAM_English_College\EnglishCollege\Binaries\Win64\DML) by extensions ['ros']
[7.883s] [34mcolcon.colcon_core.package_identification[0m [1;30mLevel 1[0m _identify(VisualEnv\UnrealEngine\Win_BAM_English_College\EnglishCollege\Binaries\Win64\DML) by extension 'ros'
[7.883s] [34mcolcon.colcon_core.package_identification[0m [1;30mLevel 1[0m _identify(VisualEnv\UnrealEngine\Win_BAM_English_College\EnglishCollege\Binaries\Win64\DML) by extensions ['cmake', 'python']
[7.883s] [34mcolcon.colcon_core.package_identification[0m [1;30mLevel 1[0m _identify(VisualEnv\UnrealEngine\Win_BAM_English_College\EnglishCollege\Binaries\Win64\DML) by extension 'cmake'
[7.883s] [34mcolcon.colcon_core.package_identification[0m [1;30mLevel 1[0m _identify(VisualEnv\UnrealEngine\Win_BAM_English_College\EnglishCollege\Binaries\Win64\DML) by extension 'python'
[7.883s] [34mcolcon.colcon_core.package_identification[0m [1;30mLevel 1[0m _identify(VisualEnv\UnrealEngine\Win_BAM_English_College\EnglishCollege\Binaries\Win64\DML) by extensions ['python_setup_py']
[7.883s] [34mcolcon.colcon_core.package_identification[0m [1;30mLevel 1[0m _identify(VisualEnv\UnrealEngine\Win_BAM_English_College\EnglishCollege\Binaries\Win64\DML) by extension 'python_setup_py'
[7.884s] [34mcolcon.colcon_core.package_identification[0m [1;30mLevel 1[0m _identify(VisualEnv\UnrealEngine\Win_BAM_English_College\EnglishCollege\Content) by extensions ['ignore', 'ignore_ament_install']
[7.884s] [34mcolcon.colcon_core.package_identification[0m [1;30mLevel 1[0m _identify(VisualEnv\UnrealEngine\Win_BAM_English_College\EnglishCollege\Content) by extension 'ignore'
[7.884s] [34mcolcon.colcon_core.package_identification[0m [1;30mLevel 1[0m _identify(VisualEnv\UnrealEngine\Win_BAM_English_College\EnglishCollege\Content) by extension 'ignore_ament_install'
[7.884s] [34mcolcon.colcon_core.package_identification[0m [1;30mLevel 1[0m _identify(VisualEnv\UnrealEngine\Win_BAM_English_College\EnglishCollege\Content) by extensions ['colcon_pkg']
[7.884s] [34mcolcon.colcon_core.package_identification[0m [1;30mLevel 1[0m _identify(VisualEnv\UnrealEngine\Win_BAM_English_College\EnglishCollege\Content) by extension 'colcon_pkg'
[7.884s] [34mcolcon.colcon_core.package_identification[0m [1;30mLevel 1[0m _identify(VisualEnv\UnrealEngine\Win_BAM_English_College\EnglishCollege\Content) by extensions ['colcon_meta']
[7.884s] [34mcolcon.colcon_core.package_identification[0m [1;30mLevel 1[0m _identify(VisualEnv\UnrealEngine\Win_BAM_English_College\EnglishCollege\Content) by extension 'colcon_meta'
[7.884s] [34mcolcon.colcon_core.package_identification[0m [1;30mLevel 1[0m _identify(VisualEnv\UnrealEngine\Win_BAM_English_College\EnglishCollege\Content) by extensions ['ros']
[7.884s] [34mcolcon.colcon_core.package_identification[0m [1;30mLevel 1[0m _identify(VisualEnv\UnrealEngine\Win_BAM_English_College\EnglishCollege\Content) by extension 'ros'
[7.884s] [34mcolcon.colcon_core.package_identification[0m [1;30mLevel 1[0m _identify(VisualEnv\UnrealEngine\Win_BAM_English_College\EnglishCollege\Content) by extensions ['cmake', 'python']
[7.884s] [34mcolcon.colcon_core.package_identification[0m [1;30mLevel 1[0m _identify(VisualEnv\UnrealEngine\Win_BAM_English_College\EnglishCollege\Content) by extension 'cmake'
[7.884s] [34mcolcon.colcon_core.package_identification[0m [1;30mLevel 1[0m _identify(VisualEnv\UnrealEngine\Win_BAM_English_College\EnglishCollege\Content) by extension 'python'
[7.884s] [34mcolcon.colcon_core.package_identification[0m [1;30mLevel 1[0m _identify(VisualEnv\UnrealEngine\Win_BAM_English_College\EnglishCollege\Content) by extensions ['python_setup_py']
[7.884s] [34mcolcon.colcon_core.package_identification[0m [1;30mLevel 1[0m _identify(VisualEnv\UnrealEngine\Win_BAM_English_College\EnglishCollege\Content) by extension 'python_setup_py'
[7.885s] [34mcolcon.colcon_core.package_identification[0m [1;30mLevel 1[0m _identify(VisualEnv\UnrealEngine\Win_BAM_English_College\EnglishCollege\Content\Paks) by extensions ['ignore', 'ignore_ament_install']
[7.885s] [34mcolcon.colcon_core.package_identification[0m [1;30mLevel 1[0m _identify(VisualEnv\UnrealEngine\Win_BAM_English_College\EnglishCollege\Content\Paks) by extension 'ignore'
[7.885s] [34mcolcon.colcon_core.package_identification[0m [1;30mLevel 1[0m _identify(VisualEnv\UnrealEngine\Win_BAM_English_College\EnglishCollege\Content\Paks) by extension 'ignore_ament_install'
[7.885s] [34mcolcon.colcon_core.package_identification[0m [1;30mLevel 1[0m _identify(VisualEnv\UnrealEngine\Win_BAM_English_College\EnglishCollege\Content\Paks) by extensions ['colcon_pkg']
[7.885s] [34mcolcon.colcon_core.package_identification[0m [1;30mLevel 1[0m _identify(VisualEnv\UnrealEngine\Win_BAM_English_College\EnglishCollege\Content\Paks) by extension 'colcon_pkg'
[7.885s] [34mcolcon.colcon_core.package_identification[0m [1;30mLevel 1[0m _identify(VisualEnv\UnrealEngine\Win_BAM_English_College\EnglishCollege\Content\Paks) by extensions ['colcon_meta']
[7.885s] [34mcolcon.colcon_core.package_identification[0m [1;30mLevel 1[0m _identify(VisualEnv\UnrealEngine\Win_BAM_English_College\EnglishCollege\Content\Paks) by extension 'colcon_meta'
[7.885s] [34mcolcon.colcon_core.package_identification[0m [1;30mLevel 1[0m _identify(VisualEnv\UnrealEngine\Win_BAM_English_College\EnglishCollege\Content\Paks) by extensions ['ros']
[7.885s] [34mcolcon.colcon_core.package_identification[0m [1;30mLevel 1[0m _identify(VisualEnv\UnrealEngine\Win_BAM_English_College\EnglishCollege\Content\Paks) by extension 'ros'
[7.885s] [34mcolcon.colcon_core.package_identification[0m [1;30mLevel 1[0m _identify(VisualEnv\UnrealEngine\Win_BAM_English_College\EnglishCollege\Content\Paks) by extensions ['cmake', 'python']
[7.885s] [34mcolcon.colcon_core.package_identification[0m [1;30mLevel 1[0m _identify(VisualEnv\UnrealEngine\Win_BAM_English_College\EnglishCollege\Content\Paks) by extension 'cmake'
[7.885s] [34mcolcon.colcon_core.package_identification[0m [1;30mLevel 1[0m _identify(VisualEnv\UnrealEngine\Win_BAM_English_College\EnglishCollege\Content\Paks) by extension 'python'
[7.885s] [34mcolcon.colcon_core.package_identification[0m [1;30mLevel 1[0m _identify(VisualEnv\UnrealEngine\Win_BAM_English_College\EnglishCollege\Content\Paks) by extensions ['python_setup_py']
[7.885s] [34mcolcon.colcon_core.package_identification[0m [1;30mLevel 1[0m _identify(VisualEnv\UnrealEngine\Win_BAM_English_College\EnglishCollege\Content\Paks) by extension 'python_setup_py'
[7.885s] [34mcolcon.colcon_core.package_identification[0m [1;30mLevel 1[0m _identify(build) by extensions ['ignore', 'ignore_ament_install']
[7.886s] [34mcolcon.colcon_core.package_identification[0m [1;30mLevel 1[0m _identify(build) by extension 'ignore'
[7.886s] [34mcolcon.colcon_core.package_identification[0m [1;30mLevel 1[0m _identify(build) ignored
[7.886s] [34mcolcon.colcon_core.package_identification[0m [1;30mLevel 1[0m _identify(install) by extensions ['ignore', 'ignore_ament_install']
[7.886s] [34mcolcon.colcon_core.package_identification[0m [1;30mLevel 1[0m _identify(install) by extension 'ignore'
[7.886s] [34mcolcon.colcon_core.package_identification[0m [1;30mLevel 1[0m _identify(install) ignored
[7.886s] [34mcolcon.colcon_core.package_identification[0m [1;30mLevel 1[0m _identify(lib) by extensions ['ignore', 'ignore_ament_install']
[7.886s] [34mcolcon.colcon_core.package_identification[0m [1;30mLevel 1[0m _identify(lib) by extension 'ignore'
[7.886s] [34mcolcon.colcon_core.package_identification[0m [1;30mLevel 1[0m _identify(lib) by extension 'ignore_ament_install'
[7.887s] [34mcolcon.colcon_core.package_identification[0m [1;30mLevel 1[0m _identify(lib) by extensions ['colcon_pkg']
[7.887s] [34mcolcon.colcon_core.package_identification[0m [1;30mLevel 1[0m _identify(lib) by extension 'colcon_pkg'
[7.887s] [34mcolcon.colcon_core.package_identification[0m [1;30mLevel 1[0m _identify(lib) by extensions ['colcon_meta']
[7.887s] [34mcolcon.colcon_core.package_identification[0m [1;30mLevel 1[0m _identify(lib) by extension 'colcon_meta'
[7.887s] [34mcolcon.colcon_core.package_identification[0m [1;30mLevel 1[0m _identify(lib) by extensions ['ros']
[7.887s] [34mcolcon.colcon_core.package_identification[0m [1;30mLevel 1[0m _identify(lib) by extension 'ros'
[7.887s] [34mcolcon.colcon_core.package_identification[0m [1;30mLevel 1[0m _identify(lib) by extensions ['cmake', 'python']
[7.887s] [34mcolcon.colcon_core.package_identification[0m [1;30mLevel 1[0m _identify(lib) by extension 'cmake'
[7.887s] [34mcolcon.colcon_core.package_identification[0m [1;30mLevel 1[0m _identify(lib) by extension 'python'
[7.887s] [34mcolcon.colcon_core.package_identification[0m [1;30mLevel 1[0m _identify(lib) by extensions ['python_setup_py']
[7.887s] [34mcolcon.colcon_core.package_identification[0m [1;30mLevel 1[0m _identify(lib) by extension 'python_setup_py'
[7.887s] [34mcolcon.colcon_core.package_identification[0m [1;30mLevel 1[0m _identify(lib\utilities) by extensions ['ignore', 'ignore_ament_install']
[7.888s] [34mcolcon.colcon_core.package_identification[0m [1;30mLevel 1[0m _identify(lib\utilities) by extension 'ignore'
[7.888s] [34mcolcon.colcon_core.package_identification[0m [1;30mLevel 1[0m _identify(lib\utilities) by extension 'ignore_ament_install'
[7.888s] [34mcolcon.colcon_core.package_identification[0m [1;30mLevel 1[0m _identify(lib\utilities) by extensions ['colcon_pkg']
[7.888s] [34mcolcon.colcon_core.package_identification[0m [1;30mLevel 1[0m _identify(lib\utilities) by extension 'colcon_pkg'
[7.888s] [34mcolcon.colcon_core.package_identification[0m [1;30mLevel 1[0m _identify(lib\utilities) by extensions ['colcon_meta']
[7.888s] [34mcolcon.colcon_core.package_identification[0m [1;30mLevel 1[0m _identify(lib\utilities) by extension 'colcon_meta'
[7.888s] [34mcolcon.colcon_core.package_identification[0m [1;30mLevel 1[0m _identify(lib\utilities) by extensions ['ros']
[7.888s] [34mcolcon.colcon_core.package_identification[0m [1;30mLevel 1[0m _identify(lib\utilities) by extension 'ros'
[7.888s] [34mcolcon.colcon_core.package_identification[0m [1;30mLevel 1[0m _identify(lib\utilities) by extensions ['cmake', 'python']
[7.888s] [34mcolcon.colcon_core.package_identification[0m [1;30mLevel 1[0m _identify(lib\utilities) by extension 'cmake'
[7.888s] [34mcolcon.colcon_core.package_identification[0m [1;30mLevel 1[0m _identify(lib\utilities) by extension 'python'
[7.888s] [34mcolcon.colcon_core.package_identification[0m [1;30mLevel 1[0m _identify(lib\utilities) by extensions ['python_setup_py']
[7.888s] [34mcolcon.colcon_core.package_identification[0m [1;30mLevel 1[0m _identify(lib\utilities) by extension 'python_setup_py'
[7.889s] [34mcolcon.colcon_core.package_identification[0m [1;30mLevel 1[0m _identify(lib\utilities\quaternion library) by extensions ['ignore', 'ignore_ament_install']
[7.889s] [34mcolcon.colcon_core.package_identification[0m [1;30mLevel 1[0m _identify(lib\utilities\quaternion library) by extension 'ignore'
[7.889s] [34mcolcon.colcon_core.package_identification[0m [1;30mLevel 1[0m _identify(lib\utilities\quaternion library) by extension 'ignore_ament_install'
[7.889s] [34mcolcon.colcon_core.package_identification[0m [1;30mLevel 1[0m _identify(lib\utilities\quaternion library) by extensions ['colcon_pkg']
[7.889s] [34mcolcon.colcon_core.package_identification[0m [1;30mLevel 1[0m _identify(lib\utilities\quaternion library) by extension 'colcon_pkg'
[7.889s] [34mcolcon.colcon_core.package_identification[0m [1;30mLevel 1[0m _identify(lib\utilities\quaternion library) by extensions ['colcon_meta']
[7.889s] [34mcolcon.colcon_core.package_identification[0m [1;30mLevel 1[0m _identify(lib\utilities\quaternion library) by extension 'colcon_meta'
[7.890s] [34mcolcon.colcon_core.package_identification[0m [1;30mLevel 1[0m _identify(lib\utilities\quaternion library) by extensions ['ros']
[7.890s] [34mcolcon.colcon_core.package_identification[0m [1;30mLevel 1[0m _identify(lib\utilities\quaternion library) by extension 'ros'
[7.890s] [34mcolcon.colcon_core.package_identification[0m [1;30mLevel 1[0m _identify(lib\utilities\quaternion library) by extensions ['cmake', 'python']
[7.890s] [34mcolcon.colcon_core.package_identification[0m [1;30mLevel 1[0m _identify(lib\utilities\quaternion library) by extension 'cmake'
[7.890s] [34mcolcon.colcon_core.package_identification[0m [1;30mLevel 1[0m _identify(lib\utilities\quaternion library) by extension 'python'
[7.890s] [34mcolcon.colcon_core.package_identification[0m [1;30mLevel 1[0m _identify(lib\utilities\quaternion library) by extensions ['python_setup_py']
[7.890s] [34mcolcon.colcon_core.package_identification[0m [1;30mLevel 1[0m _identify(lib\utilities\quaternion library) by extension 'python_setup_py'
[7.890s] [34mcolcon.colcon_core.package_identification[0m [1;30mLevel 1[0m _identify(log) by extensions ['ignore', 'ignore_ament_install']
[7.890s] [34mcolcon.colcon_core.package_identification[0m [1;30mLevel 1[0m _identify(log) by extension 'ignore'
[7.890s] [34mcolcon.colcon_core.package_identification[0m [1;30mLevel 1[0m _identify(log) ignored
[7.891s] [34mcolcon.colcon_core.package_identification[0m [1;30mLevel 1[0m _identify(setup) by extensions ['ignore', 'ignore_ament_install']
[7.891s] [34mcolcon.colcon_core.package_identification[0m [1;30mLevel 1[0m _identify(setup) by extension 'ignore'
[7.891s] [34mcolcon.colcon_core.package_identification[0m [1;30mLevel 1[0m _identify(setup) by extension 'ignore_ament_install'
[7.891s] [34mcolcon.colcon_core.package_identification[0m [1;30mLevel 1[0m _identify(setup) by extensions ['colcon_pkg']
[7.891s] [34mcolcon.colcon_core.package_identification[0m [1;30mLevel 1[0m _identify(setup) by extension 'colcon_pkg'
[7.891s] [34mcolcon.colcon_core.package_identification[0m [1;30mLevel 1[0m _identify(setup) by extensions ['colcon_meta']
[7.891s] [34mcolcon.colcon_core.package_identification[0m [1;30mLevel 1[0m _identify(setup) by extension 'colcon_meta'
[7.891s] [34mcolcon.colcon_core.package_identification[0m [1;30mLevel 1[0m _identify(setup) by extensions ['ros']
[7.891s] [34mcolcon.colcon_core.package_identification[0m [1;30mLevel 1[0m _identify(setup) by extension 'ros'
[7.891s] [34mcolcon.colcon_core.package_identification[0m [1;30mLevel 1[0m _identify(setup) by extensions ['cmake', 'python']
[7.892s] [34mcolcon.colcon_core.package_identification[0m [1;30mLevel 1[0m _identify(setup) by extension 'cmake'
[7.892s] [34mcolcon.colcon_core.package_identification[0m [1;30mLevel 1[0m _identify(setup) by extension 'python'
[7.892s] [34mcolcon.colcon_core.package_identification[0m [1;30mLevel 1[0m _identify(setup) by extensions ['python_setup_py']
[7.892s] [34mcolcon.colcon_core.package_identification[0m [1;30mLevel 1[0m _identify(setup) by extension 'python_setup_py'
[7.892s] [34mcolcon.colcon_core.package_identification[0m [1;30mLevel 1[0m _identify(setup\Bus_Definitions) by extensions ['ignore', 'ignore_ament_install']
[7.893s] [34mcolcon.colcon_core.package_identification[0m [1;30mLevel 1[0m _identify(setup\Bus_Definitions) by extension 'ignore'
[7.893s] [34mcolcon.colcon_core.package_identification[0m [1;30mLevel 1[0m _identify(setup\Bus_Definitions) by extension 'ignore_ament_install'
[7.893s] [34mcolcon.colcon_core.package_identification[0m [1;30mLevel 1[0m _identify(setup\Bus_Definitions) by extensions ['colcon_pkg']
[7.893s] [34mcolcon.colcon_core.package_identification[0m [1;30mLevel 1[0m _identify(setup\Bus_Definitions) by extension 'colcon_pkg'
[7.893s] [34mcolcon.colcon_core.package_identification[0m [1;30mLevel 1[0m _identify(setup\Bus_Definitions) by extensions ['colcon_meta']
[7.893s] [34mcolcon.colcon_core.package_identification[0m [1;30mLevel 1[0m _identify(setup\Bus_Definitions) by extension 'colcon_meta'
[7.893s] [34mcolcon.colcon_core.package_identification[0m [1;30mLevel 1[0m _identify(setup\Bus_Definitions) by extensions ['ros']
[7.893s] [34mcolcon.colcon_core.package_identification[0m [1;30mLevel 1[0m _identify(setup\Bus_Definitions) by extension 'ros'
[7.893s] [34mcolcon.colcon_core.package_identification[0m [1;30mLevel 1[0m _identify(setup\Bus_Definitions) by extensions ['cmake', 'python']
[7.893s] [34mcolcon.colcon_core.package_identification[0m [1;30mLevel 1[0m _identify(setup\Bus_Definitions) by extension 'cmake'
[7.893s] [34mcolcon.colcon_core.package_identification[0m [1;30mLevel 1[0m _identify(setup\Bus_Definitions) by extension 'python'
[7.893s] [34mcolcon.colcon_core.package_identification[0m [1;30mLevel 1[0m _identify(setup\Bus_Definitions) by extensions ['python_setup_py']
[7.893s] [34mcolcon.colcon_core.package_identification[0m [1;30mLevel 1[0m _identify(setup\Bus_Definitions) by extension 'python_setup_py'
[7.894s] [34mcolcon.colcon_core.package_identification[0m [1;30mLevel 1[0m _identify(setup\Enumerations) by extensions ['ignore', 'ignore_ament_install']
[7.894s] [34mcolcon.colcon_core.package_identification[0m [1;30mLevel 1[0m _identify(setup\Enumerations) by extension 'ignore'
[7.894s] [34mcolcon.colcon_core.package_identification[0m [1;30mLevel 1[0m _identify(setup\Enumerations) by extension 'ignore_ament_install'
[7.894s] [34mcolcon.colcon_core.package_identification[0m [1;30mLevel 1[0m _identify(setup\Enumerations) by extensions ['colcon_pkg']
[7.894s] [34mcolcon.colcon_core.package_identification[0m [1;30mLevel 1[0m _identify(setup\Enumerations) by extension 'colcon_pkg'
[7.894s] [34mcolcon.colcon_core.package_identification[0m [1;30mLevel 1[0m _identify(setup\Enumerations) by extensions ['colcon_meta']
[7.894s] [34mcolcon.colcon_core.package_identification[0m [1;30mLevel 1[0m _identify(setup\Enumerations) by extension 'colcon_meta'
[7.894s] [34mcolcon.colcon_core.package_identification[0m [1;30mLevel 1[0m _identify(setup\Enumerations) by extensions ['ros']
[7.894s] [34mcolcon.colcon_core.package_identification[0m [1;30mLevel 1[0m _identify(setup\Enumerations) by extension 'ros'
[7.894s] [34mcolcon.colcon_core.package_identification[0m [1;30mLevel 1[0m _identify(setup\Enumerations) by extensions ['cmake', 'python']
[7.895s] [34mcolcon.colcon_core.package_identification[0m [1;30mLevel 1[0m _identify(setup\Enumerations) by extension 'cmake'
[7.895s] [34mcolcon.colcon_core.package_identification[0m [1;30mLevel 1[0m _identify(setup\Enumerations) by extension 'python'
[7.895s] [34mcolcon.colcon_core.package_identification[0m [1;30mLevel 1[0m _identify(setup\Enumerations) by extensions ['python_setup_py']
[7.895s] [34mcolcon.colcon_core.package_identification[0m [1;30mLevel 1[0m _identify(setup\Enumerations) by extension 'python_setup_py'
[7.895s] [34mcolcon.colcon_core.package_identification[0m [1;30mLevel 1[0m _identify(setup\SimIn) by extensions ['ignore', 'ignore_ament_install']
[7.895s] [34mcolcon.colcon_core.package_identification[0m [1;30mLevel 1[0m _identify(setup\SimIn) by extension 'ignore'
[7.895s] [34mcolcon.colcon_core.package_identification[0m [1;30mLevel 1[0m _identify(setup\SimIn) by extension 'ignore_ament_install'
[7.895s] [34mcolcon.colcon_core.package_identification[0m [1;30mLevel 1[0m _identify(setup\SimIn) by extensions ['colcon_pkg']
[7.895s] [34mcolcon.colcon_core.package_identification[0m [1;30mLevel 1[0m _identify(setup\SimIn) by extension 'colcon_pkg'
[7.895s] [34mcolcon.colcon_core.package_identification[0m [1;30mLevel 1[0m _identify(setup\SimIn) by extensions ['colcon_meta']
[7.895s] [34mcolcon.colcon_core.package_identification[0m [1;30mLevel 1[0m _identify(setup\SimIn) by extension 'colcon_meta'
[7.896s] [34mcolcon.colcon_core.package_identification[0m [1;30mLevel 1[0m _identify(setup\SimIn) by extensions ['ros']
[7.896s] [34mcolcon.colcon_core.package_identification[0m [1;30mLevel 1[0m _identify(setup\SimIn) by extension 'ros'
[7.896s] [34mcolcon.colcon_core.package_identification[0m [1;30mLevel 1[0m _identify(setup\SimIn) by extensions ['cmake', 'python']
[7.896s] [34mcolcon.colcon_core.package_identification[0m [1;30mLevel 1[0m _identify(setup\SimIn) by extension 'cmake'
[7.896s] [34mcolcon.colcon_core.package_identification[0m [1;30mLevel 1[0m _identify(setup\SimIn) by extension 'python'
[7.896s] [34mcolcon.colcon_core.package_identification[0m [1;30mLevel 1[0m _identify(setup\SimIn) by extensions ['python_setup_py']
[7.896s] [34mcolcon.colcon_core.package_identification[0m [1;30mLevel 1[0m _identify(setup\SimIn) by extension 'python_setup_py'
[7.896s] [34mcolcon.colcon_core.package_identification[0m [1;30mLevel 1[0m _identify(setup\SimPar) by extensions ['ignore', 'ignore_ament_install']
[7.896s] [34mcolcon.colcon_core.package_identification[0m [1;30mLevel 1[0m _identify(setup\SimPar) by extension 'ignore'
[7.896s] [34mcolcon.colcon_core.package_identification[0m [1;30mLevel 1[0m _identify(setup\SimPar) by extension 'ignore_ament_install'
[7.897s] [34mcolcon.colcon_core.package_identification[0m [1;30mLevel 1[0m _identify(setup\SimPar) by extensions ['colcon_pkg']
[7.897s] [34mcolcon.colcon_core.package_identification[0m [1;30mLevel 1[0m _identify(setup\SimPar) by extension 'colcon_pkg'
[7.897s] [34mcolcon.colcon_core.package_identification[0m [1;30mLevel 1[0m _identify(setup\SimPar) by extensions ['colcon_meta']
[7.897s] [34mcolcon.colcon_core.package_identification[0m [1;30mLevel 1[0m _identify(setup\SimPar) by extension 'colcon_meta'
[7.897s] [34mcolcon.colcon_core.package_identification[0m [1;30mLevel 1[0m _identify(setup\SimPar) by extensions ['ros']
[7.897s] [34mcolcon.colcon_core.package_identification[0m [1;30mLevel 1[0m _identify(setup\SimPar) by extension 'ros'
[7.897s] [34mcolcon.colcon_core.package_identification[0m [1;30mLevel 1[0m _identify(setup\SimPar) by extensions ['cmake', 'python']
[7.897s] [34mcolcon.colcon_core.package_identification[0m [1;30mLevel 1[0m _identify(setup\SimPar) by extension 'cmake'
[7.897s] [34mcolcon.colcon_core.package_identification[0m [1;30mLevel 1[0m _identify(setup\SimPar) by extension 'python'
[7.897s] [34mcolcon.colcon_core.package_identification[0m [1;30mLevel 1[0m _identify(setup\SimPar) by extensions ['python_setup_py']
[7.897s] [34mcolcon.colcon_core.package_identification[0m [1;30mLevel 1[0m _identify(setup\SimPar) by extension 'python_setup_py'
[7.897s] [34mcolcon.colcon_core.package_identification[0m [1;30mLevel 1[0m _identify(setup\Subsystems) by extensions ['ignore', 'ignore_ament_install']
[7.897s] [34mcolcon.colcon_core.package_identification[0m [1;30mLevel 1[0m _identify(setup\Subsystems) by extension 'ignore'
[7.897s] [34mcolcon.colcon_core.package_identification[0m [1;30mLevel 1[0m _identify(setup\Subsystems) by extension 'ignore_ament_install'
[7.898s] [34mcolcon.colcon_core.package_identification[0m [1;30mLevel 1[0m _identify(setup\Subsystems) by extensions ['colcon_pkg']
[7.898s] [34mcolcon.colcon_core.package_identification[0m [1;30mLevel 1[0m _identify(setup\Subsystems) by extension 'colcon_pkg'
[7.898s] [34mcolcon.colcon_core.package_identification[0m [1;30mLevel 1[0m _identify(setup\Subsystems) by extensions ['colcon_meta']
[7.898s] [34mcolcon.colcon_core.package_identification[0m [1;30mLevel 1[0m _identify(setup\Subsystems) by extension 'colcon_meta'
[7.898s] [34mcolcon.colcon_core.package_identification[0m [1;30mLevel 1[0m _identify(setup\Subsystems) by extensions ['ros']
[7.898s] [34mcolcon.colcon_core.package_identification[0m [1;30mLevel 1[0m _identify(setup\Subsystems) by extension 'ros'
[7.898s] [34mcolcon.colcon_core.package_identification[0m [1;30mLevel 1[0m _identify(setup\Subsystems) by extensions ['cmake', 'python']
[7.898s] [34mcolcon.colcon_core.package_identification[0m [1;30mLevel 1[0m _identify(setup\Subsystems) by extension 'cmake'
[7.898s] [34mcolcon.colcon_core.package_identification[0m [1;30mLevel 1[0m _identify(setup\Subsystems) by extension 'python'
[7.898s] [34mcolcon.colcon_core.package_identification[0m [1;30mLevel 1[0m _identify(setup\Subsystems) by extensions ['python_setup_py']
[7.898s] [34mcolcon.colcon_core.package_identification[0m [1;30mLevel 1[0m _identify(setup\Subsystems) by extension 'python_setup_py'
[7.898s] [34mcolcon.colcon_core.package_identification[0m [1;30mLevel 1[0m _identify(setup\Subsystems\Environment) by extensions ['ignore', 'ignore_ament_install']
[7.898s] [34mcolcon.colcon_core.package_identification[0m [1;30mLevel 1[0m _identify(setup\Subsystems\Environment) by extension 'ignore'
[7.898s] [34mcolcon.colcon_core.package_identification[0m [1;30mLevel 1[0m _identify(setup\Subsystems\Environment) by extension 'ignore_ament_install'
[7.898s] [34mcolcon.colcon_core.package_identification[0m [1;30mLevel 1[0m _identify(setup\Subsystems\Environment) by extensions ['colcon_pkg']
[7.899s] [34mcolcon.colcon_core.package_identification[0m [1;30mLevel 1[0m _identify(setup\Subsystems\Environment) by extension 'colcon_pkg'
[7.899s] [34mcolcon.colcon_core.package_identification[0m [1;30mLevel 1[0m _identify(setup\Subsystems\Environment) by extensions ['colcon_meta']
[7.899s] [34mcolcon.colcon_core.package_identification[0m [1;30mLevel 1[0m _identify(setup\Subsystems\Environment) by extension 'colcon_meta'
[7.899s] [34mcolcon.colcon_core.package_identification[0m [1;30mLevel 1[0m _identify(setup\Subsystems\Environment) by extensions ['ros']
[7.899s] [34mcolcon.colcon_core.package_identification[0m [1;30mLevel 1[0m _identify(setup\Subsystems\Environment) by extension 'ros'
[7.899s] [34mcolcon.colcon_core.package_identification[0m [1;30mLevel 1[0m _identify(setup\Subsystems\Environment) by extensions ['cmake', 'python']
[7.899s] [34mcolcon.colcon_core.package_identification[0m [1;30mLevel 1[0m _identify(setup\Subsystems\Environment) by extension 'cmake'
[7.899s] [34mcolcon.colcon_core.package_identification[0m [1;30mLevel 1[0m _identify(setup\Subsystems\Environment) by extension 'python'
[7.899s] [34mcolcon.colcon_core.package_identification[0m [1;30mLevel 1[0m _identify(setup\Subsystems\Environment) by extensions ['python_setup_py']
[7.899s] [34mcolcon.colcon_core.package_identification[0m [1;30mLevel 1[0m _identify(setup\Subsystems\Environment) by extension 'python_setup_py'
[7.899s] [34mcolcon.colcon_core.package_identification[0m [1;30mLevel 1[0m _identify(setup\Subsystems\FCS) by extensions ['ignore', 'ignore_ament_install']
[7.899s] [34mcolcon.colcon_core.package_identification[0m [1;30mLevel 1[0m _identify(setup\Subsystems\FCS) by extension 'ignore'
[7.900s] [34mcolcon.colcon_core.package_identification[0m [1;30mLevel 1[0m _identify(setup\Subsystems\FCS) by extension 'ignore_ament_install'
[7.900s] [34mcolcon.colcon_core.package_identification[0m [1;30mLevel 1[0m _identify(setup\Subsystems\FCS) by extensions ['colcon_pkg']
[7.900s] [34mcolcon.colcon_core.package_identification[0m [1;30mLevel 1[0m _identify(setup\Subsystems\FCS) by extension 'colcon_pkg'
[7.900s] [34mcolcon.colcon_core.package_identification[0m [1;30mLevel 1[0m _identify(setup\Subsystems\FCS) by extensions ['colcon_meta']
[7.900s] [34mcolcon.colcon_core.package_identification[0m [1;30mLevel 1[0m _identify(setup\Subsystems\FCS) by extension 'colcon_meta'
[7.900s] [34mcolcon.colcon_core.package_identification[0m [1;30mLevel 1[0m _identify(setup\Subsystems\FCS) by extensions ['ros']
[7.900s] [34mcolcon.colcon_core.package_identification[0m [1;30mLevel 1[0m _identify(setup\Subsystems\FCS) by extension 'ros'
[7.900s] [34mcolcon.colcon_core.package_identification[0m [1;30mLevel 1[0m _identify(setup\Subsystems\FCS) by extensions ['cmake', 'python']
[7.900s] [34mcolcon.colcon_core.package_identification[0m [1;30mLevel 1[0m _identify(setup\Subsystems\FCS) by extension 'cmake'
[7.900s] [34mcolcon.colcon_core.package_identification[0m [1;30mLevel 1[0m _identify(setup\Subsystems\FCS) by extension 'python'
[7.900s] [34mcolcon.colcon_core.package_identification[0m [1;30mLevel 1[0m _identify(setup\Subsystems\FCS) by extensions ['python_setup_py']
[7.900s] [34mcolcon.colcon_core.package_identification[0m [1;30mLevel 1[0m _identify(setup\Subsystems\FCS) by extension 'python_setup_py'
[7.900s] [34mcolcon.colcon_core.package_identification[0m [1;30mLevel 1[0m _identify(setup\Subsystems\InitialConditions) by extensions ['ignore', 'ignore_ament_install']
[7.901s] [34mcolcon.colcon_core.package_identification[0m [1;30mLevel 1[0m _identify(setup\Subsystems\InitialConditions) by extension 'ignore'
[7.901s] [34mcolcon.colcon_core.package_identification[0m [1;30mLevel 1[0m _identify(setup\Subsystems\InitialConditions) by extension 'ignore_ament_install'
[7.901s] [34mcolcon.colcon_core.package_identification[0m [1;30mLevel 1[0m _identify(setup\Subsystems\InitialConditions) by extensions ['colcon_pkg']
[7.901s] [34mcolcon.colcon_core.package_identification[0m [1;30mLevel 1[0m _identify(setup\Subsystems\InitialConditions) by extension 'colcon_pkg'
[7.901s] [34mcolcon.colcon_core.package_identification[0m [1;30mLevel 1[0m _identify(setup\Subsystems\InitialConditions) by extensions ['colcon_meta']
[7.901s] [34mcolcon.colcon_core.package_identification[0m [1;30mLevel 1[0m _identify(setup\Subsystems\InitialConditions) by extension 'colcon_meta'
[7.901s] [34mcolcon.colcon_core.package_identification[0m [1;30mLevel 1[0m _identify(setup\Subsystems\InitialConditions) by extensions ['ros']
[7.901s] [34mcolcon.colcon_core.package_identification[0m [1;30mLevel 1[0m _identify(setup\Subsystems\InitialConditions) by extension 'ros'
[7.901s] [34mcolcon.colcon_core.package_identification[0m [1;30mLevel 1[0m _identify(setup\Subsystems\InitialConditions) by extensions ['cmake', 'python']
[7.901s] [34mcolcon.colcon_core.package_identification[0m [1;30mLevel 1[0m _identify(setup\Subsystems\InitialConditions) by extension 'cmake'
[7.901s] [34mcolcon.colcon_core.package_identification[0m [1;30mLevel 1[0m _identify(setup\Subsystems\InitialConditions) by extension 'python'
[7.901s] [34mcolcon.colcon_core.package_identification[0m [1;30mLevel 1[0m _identify(setup\Subsystems\InitialConditions) by extensions ['python_setup_py']
[7.901s] [34mcolcon.colcon_core.package_identification[0m [1;30mLevel 1[0m _identify(setup\Subsystems\InitialConditions) by extension 'python_setup_py'
[7.901s] [34mcolcon.colcon_core.package_identification[0m [1;30mLevel 1[0m _identify(setup\Subsystems\RefInputs) by extensions ['ignore', 'ignore_ament_install']
[7.901s] [34mcolcon.colcon_core.package_identification[0m [1;30mLevel 1[0m _identify(setup\Subsystems\RefInputs) by extension 'ignore'
[7.902s] [34mcolcon.colcon_core.package_identification[0m [1;30mLevel 1[0m _identify(setup\Subsystems\RefInputs) by extension 'ignore_ament_install'
[7.902s] [34mcolcon.colcon_core.package_identification[0m [1;30mLevel 1[0m _identify(setup\Subsystems\RefInputs) by extensions ['colcon_pkg']
[7.902s] [34mcolcon.colcon_core.package_identification[0m [1;30mLevel 1[0m _identify(setup\Subsystems\RefInputs) by extension 'colcon_pkg'
[7.902s] [34mcolcon.colcon_core.package_identification[0m [1;30mLevel 1[0m _identify(setup\Subsystems\RefInputs) by extensions ['colcon_meta']
[7.902s] [34mcolcon.colcon_core.package_identification[0m [1;30mLevel 1[0m _identify(setup\Subsystems\RefInputs) by extension 'colcon_meta'
[7.902s] [34mcolcon.colcon_core.package_identification[0m [1;30mLevel 1[0m _identify(setup\Subsystems\RefInputs) by extensions ['ros']
[7.902s] [34mcolcon.colcon_core.package_identification[0m [1;30mLevel 1[0m _identify(setup\Subsystems\RefInputs) by extension 'ros'
[7.902s] [34mcolcon.colcon_core.package_identification[0m [1;30mLevel 1[0m _identify(setup\Subsystems\RefInputs) by extensions ['cmake', 'python']
[7.902s] [34mcolcon.colcon_core.package_identification[0m [1;30mLevel 1[0m _identify(setup\Subsystems\RefInputs) by extension 'cmake'
[7.902s] [34mcolcon.colcon_core.package_identification[0m [1;30mLevel 1[0m _identify(setup\Subsystems\RefInputs) by extension 'python'
[7.902s] [34mcolcon.colcon_core.package_identification[0m [1;30mLevel 1[0m _identify(setup\Subsystems\RefInputs) by extensions ['python_setup_py']
[7.902s] [34mcolcon.colcon_core.package_identification[0m [1;30mLevel 1[0m _identify(setup\Subsystems\RefInputs) by extension 'python_setup_py'
[7.902s] [34mcolcon.colcon_core.package_identification[0m [1;30mLevel 1[0m _identify(setup\Subsystems\RefInputs\Bez) by extensions ['ignore', 'ignore_ament_install']
[7.903s] [34mcolcon.colcon_core.package_identification[0m [1;30mLevel 1[0m _identify(setup\Subsystems\RefInputs\Bez) by extension 'ignore'
[7.903s] [34mcolcon.colcon_core.package_identification[0m [1;30mLevel 1[0m _identify(setup\Subsystems\RefInputs\Bez) by extension 'ignore_ament_install'
[7.903s] [34mcolcon.colcon_core.package_identification[0m [1;30mLevel 1[0m _identify(setup\Subsystems\RefInputs\Bez) by extensions ['colcon_pkg']
[7.903s] [34mcolcon.colcon_core.package_identification[0m [1;30mLevel 1[0m _identify(setup\Subsystems\RefInputs\Bez) by extension 'colcon_pkg'
[7.903s] [34mcolcon.colcon_core.package_identification[0m [1;30mLevel 1[0m _identify(setup\Subsystems\RefInputs\Bez) by extensions ['colcon_meta']
[7.903s] [34mcolcon.colcon_core.package_identification[0m [1;30mLevel 1[0m _identify(setup\Subsystems\RefInputs\Bez) by extension 'colcon_meta'
[7.903s] [34mcolcon.colcon_core.package_identification[0m [1;30mLevel 1[0m _identify(setup\Subsystems\RefInputs\Bez) by extensions ['ros']
[7.903s] [34mcolcon.colcon_core.package_identification[0m [1;30mLevel 1[0m _identify(setup\Subsystems\RefInputs\Bez) by extension 'ros'
[7.903s] [34mcolcon.colcon_core.package_identification[0m [1;30mLevel 1[0m _identify(setup\Subsystems\RefInputs\Bez) by extensions ['cmake', 'python']
[7.903s] [34mcolcon.colcon_core.package_identification[0m [1;30mLevel 1[0m _identify(setup\Subsystems\RefInputs\Bez) by extension 'cmake'
[7.903s] [34mcolcon.colcon_core.package_identification[0m [1;30mLevel 1[0m _identify(setup\Subsystems\RefInputs\Bez) by extension 'python'
[7.903s] [34mcolcon.colcon_core.package_identification[0m [1;30mLevel 1[0m _identify(setup\Subsystems\RefInputs\Bez) by extensions ['python_setup_py']
[7.903s] [34mcolcon.colcon_core.package_identification[0m [1;30mLevel 1[0m _identify(setup\Subsystems\RefInputs\Bez) by extension 'python_setup_py'
[7.903s] [34mcolcon.colcon_core.package_identification[0m [1;30mLevel 1[0m _identify(setup\User_Output) by extensions ['ignore', 'ignore_ament_install']
[7.904s] [34mcolcon.colcon_core.package_identification[0m [1;30mLevel 1[0m _identify(setup\User_Output) by extension 'ignore'
[7.904s] [34mcolcon.colcon_core.package_identification[0m [1;30mLevel 1[0m _identify(setup\User_Output) by extension 'ignore_ament_install'
[7.904s] [34mcolcon.colcon_core.package_identification[0m [1;30mLevel 1[0m _identify(setup\User_Output) by extensions ['colcon_pkg']
[7.904s] [34mcolcon.colcon_core.package_identification[0m [1;30mLevel 1[0m _identify(setup\User_Output) by extension 'colcon_pkg'
[7.904s] [34mcolcon.colcon_core.package_identification[0m [1;30mLevel 1[0m _identify(setup\User_Output) by extensions ['colcon_meta']
[7.904s] [34mcolcon.colcon_core.package_identification[0m [1;30mLevel 1[0m _identify(setup\User_Output) by extension 'colcon_meta'
[7.904s] [34mcolcon.colcon_core.package_identification[0m [1;30mLevel 1[0m _identify(setup\User_Output) by extensions ['ros']
[7.904s] [34mcolcon.colcon_core.package_identification[0m [1;30mLevel 1[0m _identify(setup\User_Output) by extension 'ros'
[7.904s] [34mcolcon.colcon_core.package_identification[0m [1;30mLevel 1[0m _identify(setup\User_Output) by extensions ['cmake', 'python']
[7.904s] [34mcolcon.colcon_core.package_identification[0m [1;30mLevel 1[0m _identify(setup\User_Output) by extension 'cmake'
[7.904s] [34mcolcon.colcon_core.package_identification[0m [1;30mLevel 1[0m _identify(setup\User_Output) by extension 'python'
[7.904s] [34mcolcon.colcon_core.package_identification[0m [1;30mLevel 1[0m _identify(setup\User_Output) by extensions ['python_setup_py']
[7.904s] [34mcolcon.colcon_core.package_identification[0m [1;30mLevel 1[0m _identify(setup\User_Output) by extension 'python_setup_py'
[7.905s] [34mcolcon.colcon_core.package_identification[0m [1;30mLevel 1[0m _identify(setup\Variants) by extensions ['ignore', 'ignore_ament_install']
[7.905s] [34mcolcon.colcon_core.package_identification[0m [1;30mLevel 1[0m _identify(setup\Variants) by extension 'ignore'
[7.905s] [34mcolcon.colcon_core.package_identification[0m [1;30mLevel 1[0m _identify(setup\Variants) by extension 'ignore_ament_install'
[7.905s] [34mcolcon.colcon_core.package_identification[0m [1;30mLevel 1[0m _identify(setup\Variants) by extensions ['colcon_pkg']
[7.905s] [34mcolcon.colcon_core.package_identification[0m [1;30mLevel 1[0m _identify(setup\Variants) by extension 'colcon_pkg'
[7.905s] [34mcolcon.colcon_core.package_identification[0m [1;30mLevel 1[0m _identify(setup\Variants) by extensions ['colcon_meta']
[7.905s] [34mcolcon.colcon_core.package_identification[0m [1;30mLevel 1[0m _identify(setup\Variants) by extension 'colcon_meta'
[7.905s] [34mcolcon.colcon_core.package_identification[0m [1;30mLevel 1[0m _identify(setup\Variants) by extensions ['ros']
[7.905s] [34mcolcon.colcon_core.package_identification[0m [1;30mLevel 1[0m _identify(setup\Variants) by extension 'ros'
[7.905s] [34mcolcon.colcon_core.package_identification[0m [1;30mLevel 1[0m _identify(setup\Variants) by extensions ['cmake', 'python']
[7.905s] [34mcolcon.colcon_core.package_identification[0m [1;30mLevel 1[0m _identify(setup\Variants) by extension 'cmake'
[7.905s] [34mcolcon.colcon_core.package_identification[0m [1;30mLevel 1[0m _identify(setup\Variants) by extension 'python'
[7.905s] [34mcolcon.colcon_core.package_identification[0m [1;30mLevel 1[0m _identify(setup\Variants) by extensions ['python_setup_py']
[7.906s] [34mcolcon.colcon_core.package_identification[0m [1;30mLevel 1[0m _identify(setup\Variants) by extension 'python_setup_py'
[7.906s] [34mcolcon.colcon_core.package_identification[0m [1;30mLevel 1[0m _identify(setup\Variants\Variant_Definitions) by extensions ['ignore', 'ignore_ament_install']
[7.906s] [34mcolcon.colcon_core.package_identification[0m [1;30mLevel 1[0m _identify(setup\Variants\Variant_Definitions) by extension 'ignore'
[7.906s] [34mcolcon.colcon_core.package_identification[0m [1;30mLevel 1[0m _identify(setup\Variants\Variant_Definitions) by extension 'ignore_ament_install'
[7.906s] [34mcolcon.colcon_core.package_identification[0m [1;30mLevel 1[0m _identify(setup\Variants\Variant_Definitions) by extensions ['colcon_pkg']
[7.906s] [34mcolcon.colcon_core.package_identification[0m [1;30mLevel 1[0m _identify(setup\Variants\Variant_Definitions) by extension 'colcon_pkg'
[7.906s] [34mcolcon.colcon_core.package_identification[0m [1;30mLevel 1[0m _identify(setup\Variants\Variant_Definitions) by extensions ['colcon_meta']
[7.906s] [34mcolcon.colcon_core.package_identification[0m [1;30mLevel 1[0m _identify(setup\Variants\Variant_Definitions) by extension 'colcon_meta'
[7.906s] [34mcolcon.colcon_core.package_identification[0m [1;30mLevel 1[0m _identify(setup\Variants\Variant_Definitions) by extensions ['ros']
[7.906s] [34mcolcon.colcon_core.package_identification[0m [1;30mLevel 1[0m _identify(setup\Variants\Variant_Definitions) by extension 'ros'
[7.907s] [34mcolcon.colcon_core.package_identification[0m [1;30mLevel 1[0m _identify(setup\Variants\Variant_Definitions) by extensions ['cmake', 'python']
[7.907s] [34mcolcon.colcon_core.package_identification[0m [1;30mLevel 1[0m _identify(setup\Variants\Variant_Definitions) by extension 'cmake'
[7.907s] [34mcolcon.colcon_core.package_identification[0m [1;30mLevel 1[0m _identify(setup\Variants\Variant_Definitions) by extension 'python'
[7.907s] [34mcolcon.colcon_core.package_identification[0m [1;30mLevel 1[0m _identify(setup\Variants\Variant_Definitions) by extensions ['python_setup_py']
[7.907s] [34mcolcon.colcon_core.package_identification[0m [1;30mLevel 1[0m _identify(setup\Variants\Variant_Definitions) by extension 'python_setup_py'
[7.907s] [34mcolcon.colcon_core.package_identification[0m [1;30mLevel 1[0m _identify(setup\userStruct) by extensions ['ignore', 'ignore_ament_install']
[7.907s] [34mcolcon.colcon_core.package_identification[0m [1;30mLevel 1[0m _identify(setup\userStruct) by extension 'ignore'
[7.908s] [34mcolcon.colcon_core.package_identification[0m [1;30mLevel 1[0m _identify(setup\userStruct) by extension 'ignore_ament_install'
[7.908s] [34mcolcon.colcon_core.package_identification[0m [1;30mLevel 1[0m _identify(setup\userStruct) by extensions ['colcon_pkg']
[7.908s] [34mcolcon.colcon_core.package_identification[0m [1;30mLevel 1[0m _identify(setup\userStruct) by extension 'colcon_pkg'
[7.908s] [34mcolcon.colcon_core.package_identification[0m [1;30mLevel 1[0m _identify(setup\userStruct) by extensions ['colcon_meta']
[7.908s] [34mcolcon.colcon_core.package_identification[0m [1;30mLevel 1[0m _identify(setup\userStruct) by extension 'colcon_meta'
[7.908s] [34mcolcon.colcon_core.package_identification[0m [1;30mLevel 1[0m _identify(setup\userStruct) by extensions ['ros']
[7.908s] [34mcolcon.colcon_core.package_identification[0m [1;30mLevel 1[0m _identify(setup\userStruct) by extension 'ros'
[7.908s] [34mcolcon.colcon_core.package_identification[0m [1;30mLevel 1[0m _identify(setup\userStruct) by extensions ['cmake', 'python']
[7.908s] [34mcolcon.colcon_core.package_identification[0m [1;30mLevel 1[0m _identify(setup\userStruct) by extension 'cmake'
[7.908s] [34mcolcon.colcon_core.package_identification[0m [1;30mLevel 1[0m _identify(setup\userStruct) by extension 'python'
[7.908s] [34mcolcon.colcon_core.package_identification[0m [1;30mLevel 1[0m _identify(setup\userStruct) by extensions ['python_setup_py']
[7.908s] [34mcolcon.colcon_core.package_identification[0m [1;30mLevel 1[0m _identify(setup\userStruct) by extension 'python_setup_py'
[7.909s] [34mcolcon.colcon_core.package_discovery[0m [1;30mLevel 1[0m discover_packages(recursive) using defaults
[7.909s] [34mcolcon.colcon_core.package_discovery[0m [1;30mLevel 1[0m discover_packages(ignore) discover
[7.909s] [34mcolcon.colcon_core.package_discovery[0m [1;30mLevel 1[0m discover_packages(ignore) using defaults
[7.909s] [34mcolcon.colcon_core.package_discovery[0m [1;30mLevel 1[0m discover_packages(path) discover
[7.909s] [34mcolcon.colcon_core.package_discovery[0m [1;30mLevel 1[0m discover_packages(path) using defaults
[8.245s] [34mcolcon.colcon_core.verb[0m [1;30mLevel 5[0m set package 'bam_2_airsim_pkg' build argument 'cmake_args' from command line to 'None'
[8.245s] [34mcolcon.colcon_core.verb[0m [1;30mLevel 5[0m set package 'bam_2_airsim_pkg' build argument 'cmake_target' from command line to 'None'
[8.245s] [34mcolcon.colcon_core.verb[0m [1;30mLevel 5[0m set package 'bam_2_airsim_pkg' build argument 'cmake_target_skip_unavailable' from command line to 'False'
[8.245s] [34mcolcon.colcon_core.verb[0m [1;30mLevel 5[0m set package 'bam_2_airsim_pkg' build argument 'cmake_clean_cache' from command line to 'False'
[8.245s] [34mcolcon.colcon_core.verb[0m [1;30mLevel 5[0m set package 'bam_2_airsim_pkg' build argument 'cmake_clean_first' from command line to 'False'
[8.245s] [34mcolcon.colcon_core.verb[0m [1;30mLevel 5[0m set package 'bam_2_airsim_pkg' build argument 'cmake_force_configure' from command line to 'False'
[8.245s] [34mcolcon.colcon_core.verb[0m [1;30mLevel 5[0m set package 'bam_2_airsim_pkg' build argument 'ament_cmake_args' from command line to 'None'
[8.245s] [34mcolcon.colcon_core.verb[0m [1;30mLevel 5[0m set package 'bam_2_airsim_pkg' build argument 'catkin_cmake_args' from command line to 'None'
[8.245s] [34mcolcon.colcon_core.verb[0m [1;30mLevel 5[0m set package 'bam_2_airsim_pkg' build argument 'catkin_skip_building_tests' from command line to 'False'
[8.245s] [34mcolcon.colcon_core.verb[0m [1;30mDEBUG[0m [32mBuilding package 'bam_2_airsim_pkg' with the following arguments: {'ament_cmake_args': None, 'build_base': 'D:\\BAM\\AE403-BAM\\build\\bam_2_airsim_pkg', 'catkin_cmake_args': None, 'catkin_skip_building_tests': False, 'cmake_args': None, 'cmake_clean_cache': False, 'cmake_clean_first': False, 'cmake_force_configure': False, 'cmake_target': None, 'cmake_target_skip_unavailable': False, 'install_base': 'D:\\BAM\\AE403-BAM\\install\\bam_2_airsim_pkg', 'merge_install': False, 'path': 'D:\\BAM\\AE403-BAM\\ROS2_ws\\visualization_pkgs\\bam_2_airsim', 'symlink_install': False, 'test_result_base': None}[0m
[8.246s] [34mcolcon.colcon_core.verb[0m [1;30mLevel 5[0m set package 'drone_plotter_py' build argument 'cmake_args' from command line to 'None'
[8.246s] [34mcolcon.colcon_core.verb[0m [1;30mLevel 5[0m set package 'drone_plotter_py' build argument 'cmake_target' from command line to 'None'
[8.246s] [34mcolcon.colcon_core.verb[0m [1;30mLevel 5[0m set package 'drone_plotter_py' build argument 'cmake_target_skip_unavailable' from command line to 'False'
[8.246s] [34mcolcon.colcon_core.verb[0m [1;30mLevel 5[0m set package 'drone_plotter_py' build argument 'cmake_clean_cache' from command line to 'False'
[8.246s] [34mcolcon.colcon_core.verb[0m [1;30mLevel 5[0m set package 'drone_plotter_py' build argument 'cmake_clean_first' from command line to 'False'
[8.246s] [34mcolcon.colcon_core.verb[0m [1;30mLevel 5[0m set package 'drone_plotter_py' build argument 'cmake_force_configure' from command line to 'False'
[8.246s] [34mcolcon.colcon_core.verb[0m [1;30mLevel 5[0m set package 'drone_plotter_py' build argument 'ament_cmake_args' from command line to 'None'
[8.246s] [34mcolcon.colcon_core.verb[0m [1;30mLevel 5[0m set package 'drone_plotter_py' build argument 'catkin_cmake_args' from command line to 'None'
[8.246s] [34mcolcon.colcon_core.verb[0m [1;30mLevel 5[0m set package 'drone_plotter_py' build argument 'catkin_skip_building_tests' from command line to 'False'
[8.246s] [34mcolcon.colcon_core.verb[0m [1;30mDEBUG[0m [32mBuilding package 'drone_plotter_py' with the following arguments: {'ament_cmake_args': None, 'build_base': 'D:\\BAM\\AE403-BAM\\build\\drone_plotter_py', 'catkin_cmake_args': None, 'catkin_skip_building_tests': False, 'cmake_args': None, 'cmake_clean_cache': False, 'cmake_clean_first': False, 'cmake_force_configure': False, 'cmake_target': None, 'cmake_target_skip_unavailable': False, 'install_base': 'D:\\BAM\\AE403-BAM\\install\\drone_plotter_py', 'merge_install': False, 'path': 'D:\\BAM\\AE403-BAM\\ROS2_ws\\visualization_pkgs\\drone_plotter_py', 'symlink_install': False, 'test_result_base': None}[0m
[8.246s] [34mcolcon.colcon_core.verb[0m [1;30mLevel 5[0m set package 'mat_airsim_bball_pub_nonlib' build argument 'cmake_args' from command line to 'None'
[8.246s] [34mcolcon.colcon_core.verb[0m [1;30mLevel 5[0m set package 'mat_airsim_bball_pub_nonlib' build argument 'cmake_target' from command line to 'None'
[8.246s] [34mcolcon.colcon_core.verb[0m [1;30mLevel 5[0m set package 'mat_airsim_bball_pub_nonlib' build argument 'cmake_target_skip_unavailable' from command line to 'False'
[8.246s] [34mcolcon.colcon_core.verb[0m [1;30mLevel 5[0m set package 'mat_airsim_bball_pub_nonlib' build argument 'cmake_clean_cache' from command line to 'False'
[8.246s] [34mcolcon.colcon_core.verb[0m [1;30mLevel 5[0m set package 'mat_airsim_bball_pub_nonlib' build argument 'cmake_clean_first' from command line to 'False'
[8.246s] [34mcolcon.colcon_core.verb[0m [1;30mLevel 5[0m set package 'mat_airsim_bball_pub_nonlib' build argument 'cmake_force_configure' from command line to 'False'
[8.246s] [34mcolcon.colcon_core.verb[0m [1;30mLevel 5[0m set package 'mat_airsim_bball_pub_nonlib' build argument 'ament_cmake_args' from command line to 'None'
[8.246s] [34mcolcon.colcon_core.verb[0m [1;30mLevel 5[0m set package 'mat_airsim_bball_pub_nonlib' build argument 'catkin_cmake_args' from command line to 'None'
[8.246s] [34mcolcon.colcon_core.verb[0m [1;30mLevel 5[0m set package 'mat_airsim_bball_pub_nonlib' build argument 'catkin_skip_building_tests' from command line to 'False'
[8.246s] [34mcolcon.colcon_core.verb[0m [1;30mDEBUG[0m [32mBuilding package 'mat_airsim_bball_pub_nonlib' with the following arguments: {'ament_cmake_args': None, 'build_base': 'D:\\BAM\\AE403-BAM\\build\\mat_airsim_bball_pub_nonlib', 'catkin_cmake_args': None, 'catkin_skip_building_tests': False, 'cmake_args': None, 'cmake_clean_cache': False, 'cmake_clean_first': False, 'cmake_force_configure': False, 'cmake_target': None, 'cmake_target_skip_unavailable': False, 'install_base': 'D:\\BAM\\AE403-BAM\\install\\mat_airsim_bball_pub_nonlib', 'merge_install': False, 'path': 'D:\\BAM\\AE403-BAM\\ROS2_ws\\s_function_pkgs\\publishers\\mat_airsim_bball_pub_nonlib', 'symlink_install': False, 'test_result_base': None}[0m
[8.246s] [34mcolcon.colcon_core.verb[0m [1;30mLevel 5[0m set package 'mat_airsim_pub_nonlib' build argument 'cmake_args' from command line to 'None'
[8.246s] [34mcolcon.colcon_core.verb[0m [1;30mLevel 5[0m set package 'mat_airsim_pub_nonlib' build argument 'cmake_target' from command line to 'None'
[8.246s] [34mcolcon.colcon_core.verb[0m [1;30mLevel 5[0m set package 'mat_airsim_pub_nonlib' build argument 'cmake_target_skip_unavailable' from command line to 'False'
[8.246s] [34mcolcon.colcon_core.verb[0m [1;30mLevel 5[0m set package 'mat_airsim_pub_nonlib' build argument 'cmake_clean_cache' from command line to 'False'
[8.246s] [34mcolcon.colcon_core.verb[0m [1;30mLevel 5[0m set package 'mat_airsim_pub_nonlib' build argument 'cmake_clean_first' from command line to 'False'
[8.246s] [34mcolcon.colcon_core.verb[0m [1;30mLevel 5[0m set package 'mat_airsim_pub_nonlib' build argument 'cmake_force_configure' from command line to 'False'
[8.246s] [34mcolcon.colcon_core.verb[0m [1;30mLevel 5[0m set package 'mat_airsim_pub_nonlib' build argument 'ament_cmake_args' from command line to 'None'
[8.246s] [34mcolcon.colcon_core.verb[0m [1;30mLevel 5[0m set package 'mat_airsim_pub_nonlib' build argument 'catkin_cmake_args' from command line to 'None'
[8.246s] [34mcolcon.colcon_core.verb[0m [1;30mLevel 5[0m set package 'mat_airsim_pub_nonlib' build argument 'catkin_skip_building_tests' from command line to 'False'
[8.247s] [34mcolcon.colcon_core.verb[0m [1;30mDEBUG[0m [32mBuilding package 'mat_airsim_pub_nonlib' with the following arguments: {'ament_cmake_args': None, 'build_base': 'D:\\BAM\\AE403-BAM\\build\\mat_airsim_pub_nonlib', 'catkin_cmake_args': None, 'catkin_skip_building_tests': False, 'cmake_args': None, 'cmake_clean_cache': False, 'cmake_clean_first': False, 'cmake_force_configure': False, 'cmake_target': None, 'cmake_target_skip_unavailable': False, 'install_base': 'D:\\BAM\\AE403-BAM\\install\\mat_airsim_pub_nonlib', 'merge_install': False, 'path': 'D:\\BAM\\AE403-BAM\\ROS2_ws\\s_function_pkgs\\publishers\\mat_airsim_pub_nonlib', 'symlink_install': False, 'test_result_base': None}[0m
[8.247s] [34mcolcon.colcon_core.verb[0m [1;30mLevel 5[0m set package 'phase_space_warping_py' build argument 'cmake_args' from command line to 'None'
[8.247s] [34mcolcon.colcon_core.verb[0m [1;30mLevel 5[0m set package 'phase_space_warping_py' build argument 'cmake_target' from command line to 'None'
[8.247s] [34mcolcon.colcon_core.verb[0m [1;30mLevel 5[0m set package 'phase_space_warping_py' build argument 'cmake_target_skip_unavailable' from command line to 'False'
[8.247s] [34mcolcon.colcon_core.verb[0m [1;30mLevel 5[0m set package 'phase_space_warping_py' build argument 'cmake_clean_cache' from command line to 'False'
[8.247s] [34mcolcon.colcon_core.verb[0m [1;30mLevel 5[0m set package 'phase_space_warping_py' build argument 'cmake_clean_first' from command line to 'False'
[8.247s] [34mcolcon.colcon_core.verb[0m [1;30mLevel 5[0m set package 'phase_space_warping_py' build argument 'cmake_force_configure' from command line to 'False'
[8.247s] [34mcolcon.colcon_core.verb[0m [1;30mLevel 5[0m set package 'phase_space_warping_py' build argument 'ament_cmake_args' from command line to 'None'
[8.247s] [34mcolcon.colcon_core.verb[0m [1;30mLevel 5[0m set package 'phase_space_warping_py' build argument 'catkin_cmake_args' from command line to 'None'
[8.247s] [34mcolcon.colcon_core.verb[0m [1;30mLevel 5[0m set package 'phase_space_warping_py' build argument 'catkin_skip_building_tests' from command line to 'False'
[8.247s] [34mcolcon.colcon_core.verb[0m [1;30mDEBUG[0m [32mBuilding package 'phase_space_warping_py' with the following arguments: {'ament_cmake_args': None, 'build_base': 'D:\\BAM\\AE403-BAM\\build\\phase_space_warping_py', 'catkin_cmake_args': None, 'catkin_skip_building_tests': False, 'cmake_args': None, 'cmake_clean_cache': False, 'cmake_clean_first': False, 'cmake_force_configure': False, 'cmake_target': None, 'cmake_target_skip_unavailable': False, 'install_base': 'D:\\BAM\\AE403-BAM\\install\\phase_space_warping_py', 'merge_install': False, 'path': 'D:\\BAM\\AE403-BAM\\ROS2_ws\\analysis_pkgs\\phase_space_warping_py', 'symlink_install': False, 'test_result_base': None}[0m
[8.247s] [34mcolcon.colcon_core.verb[0m [1;30mLevel 5[0m set package 'psw_sub' build argument 'cmake_args' from command line to 'None'
[8.247s] [34mcolcon.colcon_core.verb[0m [1;30mLevel 5[0m set package 'psw_sub' build argument 'cmake_target' from command line to 'None'
[8.247s] [34mcolcon.colcon_core.verb[0m [1;30mLevel 5[0m set package 'psw_sub' build argument 'cmake_target_skip_unavailable' from command line to 'False'
[8.247s] [34mcolcon.colcon_core.verb[0m [1;30mLevel 5[0m set package 'psw_sub' build argument 'cmake_clean_cache' from command line to 'False'
[8.247s] [34mcolcon.colcon_core.verb[0m [1;30mLevel 5[0m set package 'psw_sub' build argument 'cmake_clean_first' from command line to 'False'
[8.247s] [34mcolcon.colcon_core.verb[0m [1;30mLevel 5[0m set package 'psw_sub' build argument 'cmake_force_configure' from command line to 'False'
[8.247s] [34mcolcon.colcon_core.verb[0m [1;30mLevel 5[0m set package 'psw_sub' build argument 'ament_cmake_args' from command line to 'None'
[8.247s] [34mcolcon.colcon_core.verb[0m [1;30mLevel 5[0m set package 'psw_sub' build argument 'catkin_cmake_args' from command line to 'None'
[8.247s] [34mcolcon.colcon_core.verb[0m [1;30mLevel 5[0m set package 'psw_sub' build argument 'catkin_skip_building_tests' from command line to 'False'
[8.247s] [34mcolcon.colcon_core.verb[0m [1;30mDEBUG[0m [32mBuilding package 'psw_sub' with the following arguments: {'ament_cmake_args': None, 'build_base': 'D:\\BAM\\AE403-BAM\\build\\psw_sub', 'catkin_cmake_args': None, 'catkin_skip_building_tests': False, 'cmake_args': None, 'cmake_clean_cache': False, 'cmake_clean_first': False, 'cmake_force_configure': False, 'cmake_target': None, 'cmake_target_skip_unavailable': False, 'install_base': 'D:\\BAM\\AE403-BAM\\install\\psw_sub', 'merge_install': False, 'path': 'D:\\BAM\\AE403-BAM\\ROS2_ws\\s_function_pkgs\\subscribers\\psw_sub', 'symlink_install': False, 'test_result_base': None}[0m
[8.247s] [34mcolcon.colcon_core.verb[0m [1;30mLevel 5[0m set package 'ros_msg_iface' build argument 'cmake_args' from command line to 'None'
[8.247s] [34mcolcon.colcon_core.verb[0m [1;30mLevel 5[0m set package 'ros_msg_iface' build argument 'cmake_target' from command line to 'None'
[8.247s] [34mcolcon.colcon_core.verb[0m [1;30mLevel 5[0m set package 'ros_msg_iface' build argument 'cmake_target_skip_unavailable' from command line to 'False'
[8.247s] [34mcolcon.colcon_core.verb[0m [1;30mLevel 5[0m set package 'ros_msg_iface' build argument 'cmake_clean_cache' from command line to 'False'
[8.247s] [34mcolcon.colcon_core.verb[0m [1;30mLevel 5[0m set package 'ros_msg_iface' build argument 'cmake_clean_first' from command line to 'False'
[8.247s] [34mcolcon.colcon_core.verb[0m [1;30mLevel 5[0m set package 'ros_msg_iface' build argument 'cmake_force_configure' from command line to 'False'
[8.248s] [34mcolcon.colcon_core.verb[0m [1;30mLevel 5[0m set package 'ros_msg_iface' build argument 'ament_cmake_args' from command line to 'None'
[8.248s] [34mcolcon.colcon_core.verb[0m [1;30mLevel 5[0m set package 'ros_msg_iface' build argument 'catkin_cmake_args' from command line to 'None'
[8.248s] [34mcolcon.colcon_core.verb[0m [1;30mLevel 5[0m set package 'ros_msg_iface' build argument 'catkin_skip_building_tests' from command line to 'False'
[8.248s] [34mcolcon.colcon_core.verb[0m [1;30mDEBUG[0m [32mBuilding package 'ros_msg_iface' with the following arguments: {'ament_cmake_args': None, 'build_base': 'D:\\BAM\\AE403-BAM\\build\\ros_msg_iface', 'catkin_cmake_args': None, 'catkin_skip_building_tests': False, 'cmake_args': None, 'cmake_clean_cache': False, 'cmake_clean_first': False, 'cmake_force_configure': False, 'cmake_target': None, 'cmake_target_skip_unavailable': False, 'install_base': 'D:\\BAM\\AE403-BAM\\install\\ros_msg_iface', 'merge_install': False, 'path': 'D:\\BAM\\AE403-BAM\\ROS2_ws\\interfaces_pkgs\\ros_msg_iface', 'symlink_install': False, 'test_result_base': None}[0m
[8.248s] [34mcolcon.colcon_core.verb[0m [1;30mLevel 5[0m set package 'bam_launcher' build argument 'cmake_args' from command line to 'None'
[8.248s] [34mcolcon.colcon_core.verb[0m [1;30mLevel 5[0m set package 'bam_launcher' build argument 'cmake_target' from command line to 'None'
[8.248s] [34mcolcon.colcon_core.verb[0m [1;30mLevel 5[0m set package 'bam_launcher' build argument 'cmake_target_skip_unavailable' from command line to 'False'
[8.248s] [34mcolcon.colcon_core.verb[0m [1;30mLevel 5[0m set package 'bam_launcher' build argument 'cmake_clean_cache' from command line to 'False'
[8.248s] [34mcolcon.colcon_core.verb[0m [1;30mLevel 5[0m set package 'bam_launcher' build argument 'cmake_clean_first' from command line to 'False'
[8.248s] [34mcolcon.colcon_core.verb[0m [1;30mLevel 5[0m set package 'bam_launcher' build argument 'cmake_force_configure' from command line to 'False'
[8.248s] [34mcolcon.colcon_core.verb[0m [1;30mLevel 5[0m set package 'bam_launcher' build argument 'ament_cmake_args' from command line to 'None'
[8.248s] [34mcolcon.colcon_core.verb[0m [1;30mLevel 5[0m set package 'bam_launcher' build argument 'catkin_cmake_args' from command line to 'None'
[8.248s] [34mcolcon.colcon_core.verb[0m [1;30mLevel 5[0m set package 'bam_launcher' build argument 'catkin_skip_building_tests' from command line to 'False'
[8.248s] [34mcolcon.colcon_core.verb[0m [1;30mDEBUG[0m [32mBuilding package 'bam_launcher' with the following arguments: {'ament_cmake_args': None, 'build_base': 'D:\\BAM\\AE403-BAM\\build\\bam_launcher', 'catkin_cmake_args': None, 'catkin_skip_building_tests': False, 'cmake_args': None, 'cmake_clean_cache': False, 'cmake_clean_first': False, 'cmake_force_configure': False, 'cmake_target': None, 'cmake_target_skip_unavailable': False, 'install_base': 'D:\\BAM\\AE403-BAM\\install\\bam_launcher', 'merge_install': False, 'path': 'D:\\BAM\\AE403-BAM\\ROS2_ws\\launch_pkgs\\bam_launcher', 'symlink_install': False, 'test_result_base': None}[0m
[8.248s] [34mcolcon.colcon_core.verb[0m [1;30mLevel 5[0m set package 'mat_airsim_bball_pub' build argument 'cmake_args' from command line to 'None'
[8.248s] [34mcolcon.colcon_core.verb[0m [1;30mLevel 5[0m set package 'mat_airsim_bball_pub' build argument 'cmake_target' from command line to 'None'
[8.248s] [34mcolcon.colcon_core.verb[0m [1;30mLevel 5[0m set package 'mat_airsim_bball_pub' build argument 'cmake_target_skip_unavailable' from command line to 'False'
[8.248s] [34mcolcon.colcon_core.verb[0m [1;30mLevel 5[0m set package 'mat_airsim_bball_pub' build argument 'cmake_clean_cache' from command line to 'False'
[8.248s] [34mcolcon.colcon_core.verb[0m [1;30mLevel 5[0m set package 'mat_airsim_bball_pub' build argument 'cmake_clean_first' from command line to 'False'
[8.248s] [34mcolcon.colcon_core.verb[0m [1;30mLevel 5[0m set package 'mat_airsim_bball_pub' build argument 'cmake_force_configure' from command line to 'False'
[8.248s] [34mcolcon.colcon_core.verb[0m [1;30mLevel 5[0m set package 'mat_airsim_bball_pub' build argument 'ament_cmake_args' from command line to 'None'
[8.248s] [34mcolcon.colcon_core.verb[0m [1;30mLevel 5[0m set package 'mat_airsim_bball_pub' build argument 'catkin_cmake_args' from command line to 'None'
[8.248s] [34mcolcon.colcon_core.verb[0m [1;30mLevel 5[0m set package 'mat_airsim_bball_pub' build argument 'catkin_skip_building_tests' from command line to 'False'
[8.248s] [34mcolcon.colcon_core.verb[0m [1;30mDEBUG[0m [32mBuilding package 'mat_airsim_bball_pub' with the following arguments: {'ament_cmake_args': None, 'build_base': 'D:\\BAM\\AE403-BAM\\build\\mat_airsim_bball_pub', 'catkin_cmake_args': None, 'catkin_skip_building_tests': False, 'cmake_args': None, 'cmake_clean_cache': False, 'cmake_clean_first': False, 'cmake_force_configure': False, 'cmake_target': None, 'cmake_target_skip_unavailable': False, 'install_base': 'D:\\BAM\\AE403-BAM\\install\\mat_airsim_bball_pub', 'merge_install': False, 'path': 'D:\\BAM\\AE403-BAM\\ROS2_ws\\s_function_pkgs\\publishers\\mat_airsim_bball_pub', 'symlink_install': False, 'test_result_base': None}[0m
[8.248s] [34mcolcon.colcon_core.verb[0m [1;30mLevel 5[0m set package 'mat_airsim_pub' build argument 'cmake_args' from command line to 'None'
[8.248s] [34mcolcon.colcon_core.verb[0m [1;30mLevel 5[0m set package 'mat_airsim_pub' build argument 'cmake_target' from command line to 'None'
[8.248s] [34mcolcon.colcon_core.verb[0m [1;30mLevel 5[0m set package 'mat_airsim_pub' build argument 'cmake_target_skip_unavailable' from command line to 'False'
[8.248s] [34mcolcon.colcon_core.verb[0m [1;30mLevel 5[0m set package 'mat_airsim_pub' build argument 'cmake_clean_cache' from command line to 'False'
[8.248s] [34mcolcon.colcon_core.verb[0m [1;30mLevel 5[0m set package 'mat_airsim_pub' build argument 'cmake_clean_first' from command line to 'False'
[8.249s] [34mcolcon.colcon_core.verb[0m [1;30mLevel 5[0m set package 'mat_airsim_pub' build argument 'cmake_force_configure' from command line to 'False'
[8.249s] [34mcolcon.colcon_core.verb[0m [1;30mLevel 5[0m set package 'mat_airsim_pub' build argument 'ament_cmake_args' from command line to 'None'
[8.249s] [34mcolcon.colcon_core.verb[0m [1;30mLevel 5[0m set package 'mat_airsim_pub' build argument 'catkin_cmake_args' from command line to 'None'
[8.249s] [34mcolcon.colcon_core.verb[0m [1;30mLevel 5[0m set package 'mat_airsim_pub' build argument 'catkin_skip_building_tests' from command line to 'False'
[8.249s] [34mcolcon.colcon_core.verb[0m [1;30mDEBUG[0m [32mBuilding package 'mat_airsim_pub' with the following arguments: {'ament_cmake_args': None, 'build_base': 'D:\\BAM\\AE403-BAM\\build\\mat_airsim_pub', 'catkin_cmake_args': None, 'catkin_skip_building_tests': False, 'cmake_args': None, 'cmake_clean_cache': False, 'cmake_clean_first': False, 'cmake_force_configure': False, 'cmake_target': None, 'cmake_target_skip_unavailable': False, 'install_base': 'D:\\BAM\\AE403-BAM\\install\\mat_airsim_pub', 'merge_install': False, 'path': 'D:\\BAM\\AE403-BAM\\ROS2_ws\\s_function_pkgs\\publishers\\mat_airsim_pub', 'symlink_install': False, 'test_result_base': None}[0m
[8.249s] [34mcolcon.colcon_core.executor[0m [1;30mINFO[0m Executing jobs using 'parallel' executor
[8.250s] [34mcolcon.colcon_parallel_executor.executor.parallel[0m [1;30mDEBUG[0m [32mrun_until_complete[0m
[8.251s] [34mcolcon.colcon_ros.task.ament_cmake.build[0m [1;30mINFO[0m Building ROS package in 'D:\BAM\AE403-BAM\ROS2_ws\interfaces_pkgs\ros_msg_iface' with build type 'ament_cmake'
[8.251s] [34mcolcon.colcon_cmake.task.cmake.build[0m [1;30mINFO[0m Building CMake package in 'D:\BAM\AE403-BAM\ROS2_ws\interfaces_pkgs\ros_msg_iface'
[8.326s] [34mcolcon.colcon_core.plugin_system[0m [1;30mINFO[0m Skipping extension 'colcon_core.shell.sh': Not used on Windows systems
[8.326s] [34mcolcon.colcon_core.shell[0m [1;30mINFO[0m Skip shell extension 'powershell' for command environment: Not usable outside of PowerShell
[8.460s] [34mcolcon.colcon_ros.task.ament_python.build[0m [1;30mINFO[0m Building ROS package in 'D:\BAM\AE403-BAM\ROS2_ws\visualization_pkgs\drone_plotter_py' with build type 'ament_python'
[8.460s] [34mcolcon.colcon_core.shell[0m [1;30mLevel 1[0m create_environment_hook('drone_plotter_py', 'ament_prefix_path')
[8.460s] [34mcolcon.colcon_core.shell[0m [1;30mINFO[0m Creating environment hook 'D:\BAM\AE403-BAM\install\drone_plotter_py\share\drone_plotter_py\hook\ament_prefix_path.ps1'
[8.479s] [34mcolcon.colcon_core.shell[0m [1;30mINFO[0m Creating environment hook 'D:\BAM\AE403-BAM\install\drone_plotter_py\share\drone_plotter_py\hook\ament_prefix_path.bat'
[8.508s] [34mcolcon.colcon_core.shell[0m [1;30mINFO[0m Creating environment descriptor 'D:\BAM\AE403-BAM\install\drone_plotter_py\share\drone_plotter_py\hook\ament_prefix_path.dsv'
[8.520s] [34mcolcon.colcon_core.shell[0m [1;30mINFO[0m Skip shell extension 'powershell' for command environment: Not usable outside of PowerShell
[8.538s] [34mcolcon.colcon_ros.task.ament_python.build[0m [1;30mINFO[0m Building ROS package in 'D:\BAM\AE403-BAM\ROS2_ws\analysis_pkgs\phase_space_warping_py' with build type 'ament_python'
[8.539s] [34mcolcon.colcon_core.shell[0m [1;30mLevel 1[0m create_environment_hook('phase_space_warping_py', 'ament_prefix_path')
[8.539s] [34mcolcon.colcon_core.shell[0m [1;30mINFO[0m Creating environment hook 'D:\BAM\AE403-BAM\install\phase_space_warping_py\share\phase_space_warping_py\hook\ament_prefix_path.ps1'
[8.540s] [34mcolcon.colcon_core.shell[0m [1;30mINFO[0m Creating environment hook 'D:\BAM\AE403-BAM\install\phase_space_warping_py\share\phase_space_warping_py\hook\ament_prefix_path.bat'
[8.541s] [34mcolcon.colcon_core.shell[0m [1;30mINFO[0m Creating environment descriptor 'D:\BAM\AE403-BAM\install\phase_space_warping_py\share\phase_space_warping_py\hook\ament_prefix_path.dsv'
[8.542s] [34mcolcon.colcon_core.shell[0m [1;30mINFO[0m Skip shell extension 'powershell' for command environment: Not usable outside of PowerShell
[8.563s] [34mcolcon.colcon_ros.task.ament_cmake.build[0m [1;30mINFO[0m Building ROS package in 'D:\BAM\AE403-BAM\ROS2_ws\visualization_pkgs\bam_2_airsim' with build type 'ament_cmake'
[8.564s] [34mcolcon.colcon_cmake.task.cmake.build[0m [1;30mINFO[0m Building CMake package in 'D:\BAM\AE403-BAM\ROS2_ws\visualization_pkgs\bam_2_airsim'
[8.564s] [34mcolcon.colcon_core.shell[0m [1;30mINFO[0m Skip shell extension 'powershell' for command environment: Not usable outside of PowerShell
[8.588s] [34mcolcon.colcon_ros.task.ament_cmake.build[0m [1;30mINFO[0m Building ROS package in 'D:\BAM\AE403-BAM\ROS2_ws\s_function_pkgs\publishers\mat_airsim_bball_pub_nonlib' with build type 'ament_cmake'
[8.588s] [34mcolcon.colcon_cmake.task.cmake.build[0m [1;30mINFO[0m Building CMake package in 'D:\BAM\AE403-BAM\ROS2_ws\s_function_pkgs\publishers\mat_airsim_bball_pub_nonlib'
[8.588s] [34mcolcon.colcon_core.shell[0m [1;30mINFO[0m Skip shell extension 'powershell' for command environment: Not usable outside of PowerShell
[8.613s] [34mcolcon.colcon_ros.task.ament_cmake.build[0m [1;30mINFO[0m Building ROS package in 'D:\BAM\AE403-BAM\ROS2_ws\s_function_pkgs\publishers\mat_airsim_pub_nonlib' with build type 'ament_cmake'
[8.613s] [34mcolcon.colcon_cmake.task.cmake.build[0m [1;30mINFO[0m Building CMake package in 'D:\BAM\AE403-BAM\ROS2_ws\s_function_pkgs\publishers\mat_airsim_pub_nonlib'
[8.613s] [34mcolcon.colcon_core.shell[0m [1;30mINFO[0m Skip shell extension 'powershell' for command environment: Not usable outside of PowerShell
[8.630s] [34mcolcon.colcon_ros.task.ament_cmake.build[0m [1;30mINFO[0m Building ROS package in 'D:\BAM\AE403-BAM\ROS2_ws\s_function_pkgs\subscribers\psw_sub' with build type 'ament_cmake'
[8.630s] [34mcolcon.colcon_cmake.task.cmake.build[0m [1;30mINFO[0m Building CMake package in 'D:\BAM\AE403-BAM\ROS2_ws\s_function_pkgs\subscribers\psw_sub'
[8.630s] [34mcolcon.colcon_core.shell[0m [1;30mINFO[0m Skip shell extension 'powershell' for command environment: Not usable outside of PowerShell
[8.656s] [34mcolcon.colcon_core.event_handler.log_command[0m [1;30mDEBUG[0m [32mInvoking command in 'D:\BAM\AE403-BAM\build\ros_msg_iface': PIXI_PROMPT=(robostack:jazzy) C:\Users\SirSi\robostack\.pixi\envs\jazzy\Library\bin\cmake.EXE D:\BAM\AE403-BAM\ROS2_ws\interfaces_pkgs\ros_msg_iface -DCMAKE_INSTALL_PREFIX=D:\BAM\AE403-BAM\install\ros_msg_iface -G Visual Studio 17 2022[0m
[8.734s] [34mcolcon.colcon_core.event_handler.log_command[0m [1;30mDEBUG[0m [32mInvoking command in 'D:\BAM\AE403-BAM\build\mat_airsim_pub_nonlib': PIXI_PROMPT=(robostack:jazzy) C:\Users\SirSi\robostack\.pixi\envs\jazzy\Library\bin\cmake.EXE D:\BAM\AE403-BAM\ROS2_ws\s_function_pkgs\publishers\mat_airsim_pub_nonlib -DCMAKE_INSTALL_PREFIX=D:\BAM\AE403-BAM\install\mat_airsim_pub_nonlib -G Visual Studio 17 2022[0m
[9.170s] [34mcolcon.colcon_core.task.python.build[0m [1;30mINFO[0m Building Python package in 'D:\BAM\AE403-BAM\ROS2_ws\analysis_pkgs\phase_space_warping_py'
[9.170s] [34mcolcon.colcon_core.shell[0m [1;30mINFO[0m Skip shell extension 'powershell' for command environment: Not usable outside of PowerShell
[9.563s] [34mcolcon.colcon_core.task.python.build[0m [1;30mINFO[0m Building Python package in 'D:\BAM\AE403-BAM\ROS2_ws\visualization_pkgs\drone_plotter_py'
[9.563s] [34mcolcon.colcon_core.shell[0m [1;30mINFO[0m Skip shell extension 'powershell' for command environment: Not usable outside of PowerShell
[9.577s] [34mcolcon.colcon_core.event_handler.log_command[0m [1;30mDEBUG[0m [32mInvoking command in 'D:\BAM\AE403-BAM\build\mat_airsim_bball_pub_nonlib': PIXI_PROMPT=(robostack:jazzy) C:\Users\SirSi\robostack\.pixi\envs\jazzy\Library\bin\cmake.EXE D:\BAM\AE403-BAM\ROS2_ws\s_function_pkgs\publishers\mat_airsim_bball_pub_nonlib -DCMAKE_INSTALL_PREFIX=D:\BAM\AE403-BAM\install\mat_airsim_bball_pub_nonlib -G Visual Studio 17 2022[0m
[9.583s] [34mcolcon.colcon_core.event_handler.log_command[0m [1;30mDEBUG[0m [32mInvoking command in 'D:\BAM\AE403-BAM\build\bam_2_airsim_pkg': PIXI_PROMPT=(robostack:jazzy) C:\Users\SirSi\robostack\.pixi\envs\jazzy\Library\bin\cmake.EXE D:\BAM\AE403-BAM\ROS2_ws\visualization_pkgs\bam_2_airsim -DCMAKE_INSTALL_PREFIX=D:\BAM\AE403-BAM\install\bam_2_airsim_pkg -G Visual Studio 17 2022[0m
[9.594s] [34mcolcon.colcon_core.event_handler.log_command[0m [1;30mDEBUG[0m [32mInvoking command in 'D:\BAM\AE403-BAM\build\psw_sub': PIXI_PROMPT=(robostack:jazzy) C:\Users\SirSi\robostack\.pixi\envs\jazzy\Library\bin\cmake.EXE D:\BAM\AE403-BAM\ROS2_ws\s_function_pkgs\subscribers\psw_sub -DCMAKE_INSTALL_PREFIX=D:\BAM\AE403-BAM\install\psw_sub -G Visual Studio 17 2022[0m
[13.181s] [34mcolcon.colcon_core.event_handler.log_command[0m [1;30mDEBUG[0m [32mInvoking command in 'D:\BAM\AE403-BAM\ROS2_ws\analysis_pkgs\phase_space_warping_py': PIXI_PROMPT=(robostack:jazzy) PYTHONPATH=D:\BAM\AE403-BAM\build\phase_space_warping_py\prefix_override;C:\Users\SirSi\robostack\.pixi\envs\jazzy\Lib\site-packages\colcon_core\task\python\colcon_distutils_commands;D:\BAM\AE403-BAM\install\phase_space_warping_py\Lib\site-packages;%PYTHONPATH% C:\Users\SirSi\robostack\.pixi\envs\jazzy\python.exe -W ignore:setup.py install is deprecated -W ignore:easy_install command is deprecated setup.py egg_info --egg-base ..\..\..\build\phase_space_warping_py build --build-base D:\BAM\AE403-BAM\build\phase_space_warping_py\build install --record D:\BAM\AE403-BAM\build\phase_space_warping_py\install.log --single-version-externally-managed install_data[0m
[13.190s] [34mcolcon.colcon_core.event_handler.log_command[0m [1;30mDEBUG[0m [32mInvoking command in 'D:\BAM\AE403-BAM\ROS2_ws\visualization_pkgs\drone_plotter_py': PIXI_PROMPT=(robostack:jazzy) PYTHONPATH=D:\BAM\AE403-BAM\build\drone_plotter_py\prefix_override;C:\Users\SirSi\robostack\.pixi\envs\jazzy\Lib\site-packages\colcon_core\task\python\colcon_distutils_commands;D:\BAM\AE403-BAM\install\drone_plotter_py\Lib\site-packages;%PYTHONPATH% C:\Users\SirSi\robostack\.pixi\envs\jazzy\python.exe -W ignore:setup.py install is deprecated -W ignore:easy_install command is deprecated setup.py egg_info --egg-base ..\..\..\build\drone_plotter_py build --build-base D:\BAM\AE403-BAM\build\drone_plotter_py\build install --record D:\BAM\AE403-BAM\build\drone_plotter_py\install.log --single-version-externally-managed install_data[0m
[14.475s] [34mcolcon.colcon_core.event_handler.log_command[0m [1;30mDEBUG[0m [32mInvoked command in 'D:\BAM\AE403-BAM\ROS2_ws\visualization_pkgs\drone_plotter_py' returned '0': PIXI_PROMPT=(robostack:jazzy) PYTHONPATH=D:\BAM\AE403-BAM\build\drone_plotter_py\prefix_override;C:\Users\SirSi\robostack\.pixi\envs\jazzy\Lib\site-packages\colcon_core\task\python\colcon_distutils_commands;D:\BAM\AE403-BAM\install\drone_plotter_py\Lib\site-packages;%PYTHONPATH% C:\Users\SirSi\robostack\.pixi\envs\jazzy\python.exe -W ignore:setup.py install is deprecated -W ignore:easy_install command is deprecated setup.py egg_info --egg-base ..\..\..\build\drone_plotter_py build --build-base D:\BAM\AE403-BAM\build\drone_plotter_py\build install --record D:\BAM\AE403-BAM\build\drone_plotter_py\install.log --single-version-externally-managed install_data[0m
[14.655s] [34mcolcon.colcon_core.environment[0m [1;30mLevel 1[0m checking 'D:\BAM\AE403-BAM\install\drone_plotter_py' for CMake module files
[14.658s] [34mcolcon.colcon_core.environment[0m [1;30mLevel 1[0m checking 'D:\BAM\AE403-BAM\install\drone_plotter_py' for CMake config files
[14.661s] [34mcolcon.colcon_core.environment[0m [1;30mLevel 1[0m checking 'D:\BAM\AE403-BAM\install\drone_plotter_py\bin'
[14.662s] [34mcolcon.colcon_core.environment[0m [1;30mLevel 1[0m checking 'D:\BAM\AE403-BAM\install\drone_plotter_py\bin'
[14.662s] [34mcolcon.colcon_core.environment[0m [1;30mLevel 1[0m checking 'D:\BAM\AE403-BAM\install\drone_plotter_py\lib\pkgconfig\drone_plotter_py.pc'
[14.662s] [34mcolcon.colcon_core.environment[0m [1;30mLevel 1[0m checking 'D:\BAM\AE403-BAM\install\drone_plotter_py\Lib\site-packages'
[14.663s] [34mcolcon.colcon_core.shell[0m [1;30mLevel 1[0m create_environment_hook('drone_plotter_py', 'pythonpath')
[14.663s] [34mcolcon.colcon_core.shell[0m [1;30mINFO[0m Creating environment hook 'D:\BAM\AE403-BAM\install\drone_plotter_py\share\drone_plotter_py\hook\pythonpath.ps1'
[14.665s] [34mcolcon.colcon_core.shell[0m [1;30mINFO[0m Creating environment hook 'D:\BAM\AE403-BAM\install\drone_plotter_py\share\drone_plotter_py\hook\pythonpath.bat'
[14.667s] [34mcolcon.colcon_core.shell[0m [1;30mINFO[0m Creating environment descriptor 'D:\BAM\AE403-BAM\install\drone_plotter_py\share\drone_plotter_py\hook\pythonpath.dsv'
[14.669s] [34mcolcon.colcon_core.environment[0m [1;30mLevel 1[0m checking 'D:\BAM\AE403-BAM\install\drone_plotter_py\Scripts'
[14.669s] [34mcolcon.colcon_core.environment[0m [1;30mLevel 1[0m create_environment_scripts_only(drone_plotter_py)
[14.670s] [34mcolcon.colcon_core.shell[0m [1;30mINFO[0m Creating package script 'D:\BAM\AE403-BAM\install\drone_plotter_py\share\drone_plotter_py\package.ps1'
[14.706s] [34mcolcon.colcon_core.shell[0m [1;30mINFO[0m Creating package script 'D:\BAM\AE403-BAM\install\drone_plotter_py\share\drone_plotter_py\package.bat'
[14.735s] [34mcolcon.colcon_core.shell[0m [1;30mINFO[0m Creating package descriptor 'D:\BAM\AE403-BAM\install\drone_plotter_py\share\drone_plotter_py\package.dsv'
[14.751s] [34mcolcon.colcon_core.environment[0m [1;30mLevel 1[0m create_file_with_runtime_dependencies(D:\BAM\AE403-BAM\install\drone_plotter_py\share\colcon-core\packages\drone_plotter_py)
[14.754s] [34mcolcon.colcon_core.environment[0m [1;30mLevel 1[0m checking 'D:\BAM\AE403-BAM\install\phase_space_warping_py' for CMake module files
[14.758s] [34mcolcon.colcon_core.event_handler.log_command[0m [1;30mDEBUG[0m [32mInvoked command in 'D:\BAM\AE403-BAM\ROS2_ws\analysis_pkgs\phase_space_warping_py' returned '0': PIXI_PROMPT=(robostack:jazzy) PYTHONPATH=D:\BAM\AE403-BAM\build\phase_space_warping_py\prefix_override;C:\Users\SirSi\robostack\.pixi\envs\jazzy\Lib\site-packages\colcon_core\task\python\colcon_distutils_commands;D:\BAM\AE403-BAM\install\phase_space_warping_py\Lib\site-packages;%PYTHONPATH% C:\Users\SirSi\robostack\.pixi\envs\jazzy\python.exe -W ignore:setup.py install is deprecated -W ignore:easy_install command is deprecated setup.py egg_info --egg-base ..\..\..\build\phase_space_warping_py build --build-base D:\BAM\AE403-BAM\build\phase_space_warping_py\build install --record D:\BAM\AE403-BAM\build\phase_space_warping_py\install.log --single-version-externally-managed install_data[0m
[14.759s] [34mcolcon.colcon_core.environment[0m [1;30mLevel 1[0m checking 'D:\BAM\AE403-BAM\install\phase_space_warping_py' for CMake config files
[14.762s] [34mcolcon.colcon_core.environment[0m [1;30mLevel 1[0m checking 'D:\BAM\AE403-BAM\install\phase_space_warping_py\bin'
[14.762s] [34mcolcon.colcon_core.environment[0m [1;30mLevel 1[0m checking 'D:\BAM\AE403-BAM\install\phase_space_warping_py\bin'
[14.763s] [34mcolcon.colcon_core.environment[0m [1;30mLevel 1[0m checking 'D:\BAM\AE403-BAM\install\phase_space_warping_py\lib\pkgconfig\phase_space_warping_py.pc'
[14.763s] [34mcolcon.colcon_core.environment[0m [1;30mLevel 1[0m checking 'D:\BAM\AE403-BAM\install\phase_space_warping_py\Lib\site-packages'
[14.763s] [34mcolcon.colcon_core.shell[0m [1;30mLevel 1[0m create_environment_hook('phase_space_warping_py', 'pythonpath')
[14.764s] [34mcolcon.colcon_core.shell[0m [1;30mINFO[0m Creating environment hook 'D:\BAM\AE403-BAM\install\phase_space_warping_py\share\phase_space_warping_py\hook\pythonpath.ps1'
[14.765s] [34mcolcon.colcon_core.shell[0m [1;30mINFO[0m Creating environment hook 'D:\BAM\AE403-BAM\install\phase_space_warping_py\share\phase_space_warping_py\hook\pythonpath.bat'
[14.767s] [34mcolcon.colcon_core.shell[0m [1;30mINFO[0m Creating environment descriptor 'D:\BAM\AE403-BAM\install\phase_space_warping_py\share\phase_space_warping_py\hook\pythonpath.dsv'
[14.771s] [34mcolcon.colcon_core.environment[0m [1;30mLevel 1[0m checking 'D:\BAM\AE403-BAM\install\phase_space_warping_py\Scripts'
[14.771s] [34mcolcon.colcon_core.environment[0m [1;30mLevel 1[0m create_environment_scripts_only(phase_space_warping_py)
[14.771s] [34mcolcon.colcon_core.shell[0m [1;30mINFO[0m Creating package script 'D:\BAM\AE403-BAM\install\phase_space_warping_py\share\phase_space_warping_py\package.ps1'
[14.773s] [34mcolcon.colcon_core.shell[0m [1;30mINFO[0m Creating package script 'D:\BAM\AE403-BAM\install\phase_space_warping_py\share\phase_space_warping_py\package.bat'
[14.774s] [34mcolcon.colcon_core.shell[0m [1;30mINFO[0m Creating package descriptor 'D:\BAM\AE403-BAM\install\phase_space_warping_py\share\phase_space_warping_py\package.dsv'
[14.775s] [34mcolcon.colcon_core.environment[0m [1;30mLevel 1[0m create_file_with_runtime_dependencies(D:\BAM\AE403-BAM\install\phase_space_warping_py\share\colcon-core\packages\phase_space_warping_py)
[14.776s] [34mcolcon.colcon_ros.task.ament_python.build[0m [1;30mINFO[0m Building ROS package in 'D:\BAM\AE403-BAM\ROS2_ws\launch_pkgs\bam_launcher' with build type 'ament_python'
[14.777s] [34mcolcon.colcon_core.shell[0m [1;30mLevel 1[0m create_environment_hook('bam_launcher', 'ament_prefix_path')
[14.777s] [34mcolcon.colcon_core.shell[0m [1;30mINFO[0m Creating environment hook 'D:\BAM\AE403-BAM\install\bam_launcher\share\bam_launcher\hook\ament_prefix_path.ps1'
[14.780s] [34mcolcon.colcon_core.shell[0m [1;30mINFO[0m Creating environment hook 'D:\BAM\AE403-BAM\install\bam_launcher\share\bam_launcher\hook\ament_prefix_path.bat'
[14.782s] [34mcolcon.colcon_core.shell[0m [1;30mINFO[0m Creating environment descriptor 'D:\BAM\AE403-BAM\install\bam_launcher\share\bam_launcher\hook\ament_prefix_path.dsv'
[14.785s] [34mcolcon.colcon_core.shell[0m [1;30mINFO[0m Skip shell extension 'powershell' for command environment: Not usable outside of PowerShell
[15.537s] [34mcolcon.colcon_core.task.python.build[0m [1;30mINFO[0m Building Python package in 'D:\BAM\AE403-BAM\ROS2_ws\launch_pkgs\bam_launcher'
[15.537s] [34mcolcon.colcon_core.shell[0m [1;30mINFO[0m Skip shell extension 'powershell' for command environment: Not usable outside of PowerShell
[16.513s] [34mcolcon.colcon_core.event_handler.log_command[0m [1;30mDEBUG[0m [32mInvoking command in 'D:\BAM\AE403-BAM\ROS2_ws\launch_pkgs\bam_launcher': AMENT_PREFIX_PATH=D:\BAM\AE403-BAM\install\phase_space_warping_py;D:\BAM\AE403-BAM\install\drone_plotter_py;%AMENT_PREFIX_PATH% PIXI_PROMPT=(robostack:jazzy) PYTHONPATH=D:\BAM\AE403-BAM\build\bam_launcher\prefix_override;C:\Users\SirSi\robostack\.pixi\envs\jazzy\Lib\site-packages\colcon_core\task\python\colcon_distutils_commands;D:\BAM\AE403-BAM\install\bam_launcher\Lib\site-packages;D:\BAM\AE403-BAM\install\phase_space_warping_py\Lib\site-packages;D:\BAM\AE403-BAM\install\drone_plotter_py\Lib\site-packages;%PYTHONPATH% C:\Users\SirSi\robostack\.pixi\envs\jazzy\python.exe -W ignore:setup.py install is deprecated -W ignore:easy_install command is deprecated setup.py egg_info --egg-base ..\..\..\build\bam_launcher build --build-base D:\BAM\AE403-BAM\build\bam_launcher\build install --record D:\BAM\AE403-BAM\build\bam_launcher\install.log --single-version-externally-managed install_data[0m
[17.429s] [34mcolcon.colcon_core.environment[0m [1;30mLevel 1[0m checking 'D:\BAM\AE403-BAM\install\bam_launcher' for CMake module files
[17.430s] [34mcolcon.colcon_core.event_handler.log_command[0m [1;30mDEBUG[0m [32mInvoked command in 'D:\BAM\AE403-BAM\ROS2_ws\launch_pkgs\bam_launcher' returned '0': AMENT_PREFIX_PATH=D:\BAM\AE403-BAM\install\phase_space_warping_py;D:\BAM\AE403-BAM\install\drone_plotter_py;%AMENT_PREFIX_PATH% PIXI_PROMPT=(robostack:jazzy) PYTHONPATH=D:\BAM\AE403-BAM\build\bam_launcher\prefix_override;C:\Users\SirSi\robostack\.pixi\envs\jazzy\Lib\site-packages\colcon_core\task\python\colcon_distutils_commands;D:\BAM\AE403-BAM\install\bam_launcher\Lib\site-packages;D:\BAM\AE403-BAM\install\phase_space_warping_py\Lib\site-packages;D:\BAM\AE403-BAM\install\drone_plotter_py\Lib\site-packages;%PYTHONPATH% C:\Users\SirSi\robostack\.pixi\envs\jazzy\python.exe -W ignore:setup.py install is deprecated -W ignore:easy_install command is deprecated setup.py egg_info --egg-base ..\..\..\build\bam_launcher build --build-base D:\BAM\AE403-BAM\build\bam_launcher\build install --record D:\BAM\AE403-BAM\build\bam_launcher\install.log --single-version-externally-managed install_data[0m
[17.431s] [34mcolcon.colcon_core.environment[0m [1;30mLevel 1[0m checking 'D:\BAM\AE403-BAM\install\bam_launcher' for CMake config files
[17.431s] [34mcolcon.colcon_core.environment[0m [1;30mLevel 1[0m checking 'D:\BAM\AE403-BAM\install\bam_launcher\bin'
[17.432s] [34mcolcon.colcon_core.environment[0m [1;30mLevel 1[0m checking 'D:\BAM\AE403-BAM\install\bam_launcher\bin'
[17.432s] [34mcolcon.colcon_core.environment[0m [1;30mLevel 1[0m checking 'D:\BAM\AE403-BAM\install\bam_launcher\lib\pkgconfig\bam_launcher.pc'
[17.432s] [34mcolcon.colcon_core.environment[0m [1;30mLevel 1[0m checking 'D:\BAM\AE403-BAM\install\bam_launcher\Lib\site-packages'
[17.432s] [34mcolcon.colcon_core.shell[0m [1;30mLevel 1[0m create_environment_hook('bam_launcher', 'pythonpath')
[17.432s] [34mcolcon.colcon_core.shell[0m [1;30mINFO[0m Creating environment hook 'D:\BAM\AE403-BAM\install\bam_launcher\share\bam_launcher\hook\pythonpath.ps1'
[17.433s] [34mcolcon.colcon_core.shell[0m [1;30mINFO[0m Creating environment hook 'D:\BAM\AE403-BAM\install\bam_launcher\share\bam_launcher\hook\pythonpath.bat'
[17.434s] [34mcolcon.colcon_core.shell[0m [1;30mINFO[0m Creating environment descriptor 'D:\BAM\AE403-BAM\install\bam_launcher\share\bam_launcher\hook\pythonpath.dsv'
[17.435s] [34mcolcon.colcon_core.environment[0m [1;30mLevel 1[0m checking 'D:\BAM\AE403-BAM\install\bam_launcher\Scripts'
[17.435s] [34mcolcon.colcon_core.environment[0m [1;30mLevel 1[0m create_environment_scripts_only(bam_launcher)
[17.435s] [34mcolcon.colcon_core.shell[0m [1;30mINFO[0m Creating package script 'D:\BAM\AE403-BAM\install\bam_launcher\share\bam_launcher\package.ps1'
[17.436s] [34mcolcon.colcon_core.shell[0m [1;30mINFO[0m Creating package script 'D:\BAM\AE403-BAM\install\bam_launcher\share\bam_launcher\package.bat'
[17.437s] [34mcolcon.colcon_core.shell[0m [1;30mINFO[0m Creating package descriptor 'D:\BAM\AE403-BAM\install\bam_launcher\share\bam_launcher\package.dsv'
[17.438s] [34mcolcon.colcon_core.environment[0m [1;30mLevel 1[0m create_file_with_runtime_dependencies(D:\BAM\AE403-BAM\install\bam_launcher\share\colcon-core\packages\bam_launcher)
[28.427s] [34mcolcon.colcon_core.event_handler.log_command[0m [1;30mDEBUG[0m [32mInvoked command in 'D:\BAM\AE403-BAM\build\psw_sub' returned '0': PIXI_PROMPT=(robostack:jazzy) C:\Users\SirSi\robostack\.pixi\envs\jazzy\Library\bin\cmake.EXE D:\BAM\AE403-BAM\ROS2_ws\s_function_pkgs\subscribers\psw_sub -DCMAKE_INSTALL_PREFIX=D:\BAM\AE403-BAM\install\psw_sub -G Visual Studio 17 2022[0m
[28.429s] [34mcolcon.colcon_core.event_handler.log_command[0m [1;30mDEBUG[0m [32mInvoking command in 'D:\BAM\AE403-BAM\build\psw_sub': CL=/MP PIXI_PROMPT=(robostack:jazzy) C:\Users\SirSi\robostack\.pixi\envs\jazzy\Library\bin\cmake.EXE --build D:\BAM\AE403-BAM\build\psw_sub --config Release[0m
[28.454s] [34mcolcon.colcon_core.event_handler.log_command[0m [1;30mDEBUG[0m [32mInvoked command in 'D:\BAM\AE403-BAM\build\ros_msg_iface' returned '0': PIXI_PROMPT=(robostack:jazzy) C:\Users\SirSi\robostack\.pixi\envs\jazzy\Library\bin\cmake.EXE D:\BAM\AE403-BAM\ROS2_ws\interfaces_pkgs\ros_msg_iface -DCMAKE_INSTALL_PREFIX=D:\BAM\AE403-BAM\install\ros_msg_iface -G Visual Studio 17 2022[0m
[28.458s] [34mcolcon.colcon_core.event_handler.log_command[0m [1;30mDEBUG[0m [32mInvoking command in 'D:\BAM\AE403-BAM\build\ros_msg_iface': CL=/MP PIXI_PROMPT=(robostack:jazzy) C:\Users\SirSi\robostack\.pixi\envs\jazzy\Library\bin\cmake.EXE --build D:\BAM\AE403-BAM\build\ros_msg_iface --config Release[0m
[28.494s] [34mcolcon.colcon_core.event_handler.log_command[0m [1;30mDEBUG[0m [32mInvoked command in 'D:\BAM\AE403-BAM\build\mat_airsim_pub_nonlib' returned '0': PIXI_PROMPT=(robostack:jazzy) C:\Users\SirSi\robostack\.pixi\envs\jazzy\Library\bin\cmake.EXE D:\BAM\AE403-BAM\ROS2_ws\s_function_pkgs\publishers\mat_airsim_pub_nonlib -DCMAKE_INSTALL_PREFIX=D:\BAM\AE403-BAM\install\mat_airsim_pub_nonlib -G Visual Studio 17 2022[0m
[28.498s] [34mcolcon.colcon_core.event_handler.log_command[0m [1;30mDEBUG[0m [32mInvoking command in 'D:\BAM\AE403-BAM\build\mat_airsim_pub_nonlib': CL=/MP PIXI_PROMPT=(robostack:jazzy) C:\Users\SirSi\robostack\.pixi\envs\jazzy\Library\bin\cmake.EXE --build D:\BAM\AE403-BAM\build\mat_airsim_pub_nonlib --config Release[0m
[28.507s] [34mcolcon.colcon_core.event_handler.log_command[0m [1;30mDEBUG[0m [32mInvoked command in 'D:\BAM\AE403-BAM\build\mat_airsim_bball_pub_nonlib' returned '0': PIXI_PROMPT=(robostack:jazzy) C:\Users\SirSi\robostack\.pixi\envs\jazzy\Library\bin\cmake.EXE D:\BAM\AE403-BAM\ROS2_ws\s_function_pkgs\publishers\mat_airsim_bball_pub_nonlib -DCMAKE_INSTALL_PREFIX=D:\BAM\AE403-BAM\install\mat_airsim_bball_pub_nonlib -G Visual Studio 17 2022[0m
[28.511s] [34mcolcon.colcon_core.event_handler.log_command[0m [1;30mDEBUG[0m [32mInvoking command in 'D:\BAM\AE403-BAM\build\mat_airsim_bball_pub_nonlib': CL=/MP PIXI_PROMPT=(robostack:jazzy) C:\Users\SirSi\robostack\.pixi\envs\jazzy\Library\bin\cmake.EXE --build D:\BAM\AE403-BAM\build\mat_airsim_bball_pub_nonlib --config Release[0m
[30.701s] [34mcolcon.colcon_core.event_handler.log_command[0m [1;30mDEBUG[0m [32mInvoked command in 'D:\BAM\AE403-BAM\build\bam_2_airsim_pkg' returned '0': PIXI_PROMPT=(robostack:jazzy) C:\Users\SirSi\robostack\.pixi\envs\jazzy\Library\bin\cmake.EXE D:\BAM\AE403-BAM\ROS2_ws\visualization_pkgs\bam_2_airsim -DCMAKE_INSTALL_PREFIX=D:\BAM\AE403-BAM\install\bam_2_airsim_pkg -G Visual Studio 17 2022[0m
[30.705s] [34mcolcon.colcon_core.event_handler.log_command[0m [1;30mDEBUG[0m [32mInvoking command in 'D:\BAM\AE403-BAM\build\bam_2_airsim_pkg': CL=/MP PIXI_PROMPT=(robostack:jazzy) C:\Users\SirSi\robostack\.pixi\envs\jazzy\Library\bin\cmake.EXE --build D:\BAM\AE403-BAM\build\bam_2_airsim_pkg --config Release[0m
[34.645s] [34mcolcon.colcon_core.event_handler.log_command[0m [1;30mDEBUG[0m [32mInvoked command in 'D:\BAM\AE403-BAM\build\ros_msg_iface' returned '0': CL=/MP PIXI_PROMPT=(robostack:jazzy) C:\Users\SirSi\robostack\.pixi\envs\jazzy\Library\bin\cmake.EXE --build D:\BAM\AE403-BAM\build\ros_msg_iface --config Release[0m
[34.686s] [34mcolcon.colcon_core.event_handler.log_command[0m [1;30mDEBUG[0m [32mInvoking command in 'D:\BAM\AE403-BAM\build\ros_msg_iface': PIXI_PROMPT=(robostack:jazzy) C:\Users\SirSi\robostack\.pixi\envs\jazzy\Library\bin\cmake.EXE --install D:\BAM\AE403-BAM\build\ros_msg_iface --config Release[0m
[35.108s] [34mcolcon.colcon_core.environment[0m [1;30mLevel 1[0m create_environment_scripts_only(ros_msg_iface)
[35.108s] [34mcolcon.colcon_core.environment[0m [1;30mLevel 1[0m checking 'D:\BAM\AE403-BAM\install\ros_msg_iface' for CMake module files
[35.109s] [34mcolcon.colcon_core.event_handler.log_command[0m [1;30mDEBUG[0m [32mInvoked command in 'D:\BAM\AE403-BAM\build\ros_msg_iface' returned '0': PIXI_PROMPT=(robostack:jazzy) C:\Users\SirSi\robostack\.pixi\envs\jazzy\Library\bin\cmake.EXE --install D:\BAM\AE403-BAM\build\ros_msg_iface --config Release[0m
[35.111s] [34mcolcon.colcon_core.environment[0m [1;30mLevel 1[0m checking 'D:\BAM\AE403-BAM\install\ros_msg_iface' for CMake config files
[35.112s] [34mcolcon.colcon_core.shell[0m [1;30mLevel 1[0m create_environment_hook('ros_msg_iface', 'cmake_prefix_path')
[35.112s] [34mcolcon.colcon_core.shell[0m [1;30mINFO[0m Creating environment hook 'D:\BAM\AE403-BAM\install\ros_msg_iface\share\ros_msg_iface\hook\cmake_prefix_path.ps1'
[35.114s] [34mcolcon.colcon_core.shell[0m [1;30mINFO[0m Creating environment hook 'D:\BAM\AE403-BAM\install\ros_msg_iface\share\ros_msg_iface\hook\cmake_prefix_path.bat'
[35.115s] [34mcolcon.colcon_core.shell[0m [1;30mINFO[0m Creating environment descriptor 'D:\BAM\AE403-BAM\install\ros_msg_iface\share\ros_msg_iface\hook\cmake_prefix_path.dsv'
[35.117s] [34mcolcon.colcon_core.environment[0m [1;30mLevel 1[0m checking 'D:\BAM\AE403-BAM\install\ros_msg_iface\bin'
[35.117s] [34mcolcon.colcon_core.environment[0m [1;30mLevel 1[0m checking 'D:\BAM\AE403-BAM\install\ros_msg_iface\bin'
[35.117s] [34mcolcon.colcon_core.environment[0m [1;30mLevel 1[0m checking 'D:\BAM\AE403-BAM\install\ros_msg_iface\lib\pkgconfig\ros_msg_iface.pc'
[35.117s] [34mcolcon.colcon_core.environment[0m [1;30mLevel 1[0m checking 'D:\BAM\AE403-BAM\install\ros_msg_iface\Lib\site-packages'
[35.117s] [34mcolcon.colcon_core.environment[0m [1;30mLevel 1[0m checking 'D:\BAM\AE403-BAM\install\ros_msg_iface\Scripts'
[35.118s] [34mcolcon.colcon_core.shell[0m [1;30mINFO[0m Creating package script 'D:\BAM\AE403-BAM\install\ros_msg_iface\share\ros_msg_iface\package.ps1'
[35.119s] [34mcolcon.colcon_core.shell[0m [1;30mINFO[0m Creating package script 'D:\BAM\AE403-BAM\install\ros_msg_iface\share\ros_msg_iface\package.bat'
[35.122s] [34mcolcon.colcon_core.shell[0m [1;30mINFO[0m Creating package descriptor 'D:\BAM\AE403-BAM\install\ros_msg_iface\share\ros_msg_iface\package.dsv'
[35.123s] [34mcolcon.colcon_core.environment[0m [1;30mLevel 1[0m create_file_with_runtime_dependencies(D:\BAM\AE403-BAM\install\ros_msg_iface\share\colcon-core\packages\ros_msg_iface)
[35.125s] [34mcolcon.colcon_core.environment[0m [1;30mLevel 1[0m create_environment_scripts_only(ros_msg_iface)
[35.125s] [34mcolcon.colcon_core.environment[0m [1;30mLevel 1[0m checking 'D:\BAM\AE403-BAM\install\ros_msg_iface' for CMake module files
[35.127s] [34mcolcon.colcon_core.environment[0m [1;30mLevel 1[0m checking 'D:\BAM\AE403-BAM\install\ros_msg_iface' for CMake config files
[35.128s] [34mcolcon.colcon_core.shell[0m [1;30mLevel 1[0m create_environment_hook('ros_msg_iface', 'cmake_prefix_path')
[35.128s] [34mcolcon.colcon_core.shell[0m [1;30mINFO[0m Creating environment hook 'D:\BAM\AE403-BAM\install\ros_msg_iface\share\ros_msg_iface\hook\cmake_prefix_path.ps1'
[35.129s] [34mcolcon.colcon_core.shell[0m [1;30mINFO[0m Creating environment hook 'D:\BAM\AE403-BAM\install\ros_msg_iface\share\ros_msg_iface\hook\cmake_prefix_path.bat'
[35.131s] [34mcolcon.colcon_core.shell[0m [1;30mINFO[0m Creating environment descriptor 'D:\BAM\AE403-BAM\install\ros_msg_iface\share\ros_msg_iface\hook\cmake_prefix_path.dsv'
[35.132s] [34mcolcon.colcon_core.environment[0m [1;30mLevel 1[0m checking 'D:\BAM\AE403-BAM\install\ros_msg_iface\bin'
[35.132s] [34mcolcon.colcon_core.environment[0m [1;30mLevel 1[0m checking 'D:\BAM\AE403-BAM\install\ros_msg_iface\bin'
[35.133s] [34mcolcon.colcon_core.environment[0m [1;30mLevel 1[0m checking 'D:\BAM\AE403-BAM\install\ros_msg_iface\lib\pkgconfig\ros_msg_iface.pc'
[35.133s] [34mcolcon.colcon_core.environment[0m [1;30mLevel 1[0m checking 'D:\BAM\AE403-BAM\install\ros_msg_iface\Lib\site-packages'
[35.133s] [34mcolcon.colcon_core.environment[0m [1;30mLevel 1[0m checking 'D:\BAM\AE403-BAM\install\ros_msg_iface\Scripts'
[35.133s] [34mcolcon.colcon_core.shell[0m [1;30mINFO[0m Creating package script 'D:\BAM\AE403-BAM\install\ros_msg_iface\share\ros_msg_iface\package.ps1'
[35.135s] [34mcolcon.colcon_core.shell[0m [1;30mINFO[0m Creating package script 'D:\BAM\AE403-BAM\install\ros_msg_iface\share\ros_msg_iface\package.bat'
[35.137s] [34mcolcon.colcon_core.shell[0m [1;30mINFO[0m Creating package descriptor 'D:\BAM\AE403-BAM\install\ros_msg_iface\share\ros_msg_iface\package.dsv'
[35.138s] [34mcolcon.colcon_core.environment[0m [1;30mLevel 1[0m create_file_with_runtime_dependencies(D:\BAM\AE403-BAM\install\ros_msg_iface\share\colcon-core\packages\ros_msg_iface)
[35.139s] [34mcolcon.colcon_ros.task.ament_cmake.build[0m [1;30mINFO[0m Building ROS package in 'D:\BAM\AE403-BAM\ROS2_ws\s_function_pkgs\publishers\mat_airsim_bball_pub' with build type 'ament_cmake'
[35.139s] [34mcolcon.colcon_cmake.task.cmake.build[0m [1;30mINFO[0m Building CMake package in 'D:\BAM\AE403-BAM\ROS2_ws\s_function_pkgs\publishers\mat_airsim_bball_pub'
[35.140s] [34mcolcon.colcon_core.shell[0m [1;30mINFO[0m Skip shell extension 'powershell' for command environment: Not usable outside of PowerShell
[35.169s] [34mcolcon.colcon_ros.task.ament_cmake.build[0m [1;30mINFO[0m Building ROS package in 'D:\BAM\AE403-BAM\ROS2_ws\s_function_pkgs\publishers\mat_airsim_pub' with build type 'ament_cmake'
[35.169s] [34mcolcon.colcon_cmake.task.cmake.build[0m [1;30mINFO[0m Building CMake package in 'D:\BAM\AE403-BAM\ROS2_ws\s_function_pkgs\publishers\mat_airsim_pub'
[35.169s] [34mcolcon.colcon_core.shell[0m [1;30mINFO[0m Skip shell extension 'powershell' for command environment: Not usable outside of PowerShell
[35.204s] [34mcolcon.colcon_core.event_handler.log_command[0m [1;30mDEBUG[0m [32mInvoked command in 'D:\BAM\AE403-BAM\build\mat_airsim_bball_pub_nonlib' returned '0': CL=/MP PIXI_PROMPT=(robostack:jazzy) C:\Users\SirSi\robostack\.pixi\envs\jazzy\Library\bin\cmake.EXE --build D:\BAM\AE403-BAM\build\mat_airsim_bball_pub_nonlib --config Release[0m
[35.207s] [34mcolcon.colcon_core.event_handler.log_command[0m [1;30mDEBUG[0m [32mInvoking command in 'D:\BAM\AE403-BAM\build\mat_airsim_bball_pub_nonlib': PIXI_PROMPT=(robostack:jazzy) C:\Users\SirSi\robostack\.pixi\envs\jazzy\Library\bin\cmake.EXE --install D:\BAM\AE403-BAM\build\mat_airsim_bball_pub_nonlib --config Release[0m
[35.345s] [34mcolcon.colcon_core.event_handler.log_command[0m [1;30mDEBUG[0m [32mInvoking command in 'D:\BAM\AE403-BAM\build\mat_airsim_bball_pub': AMENT_PREFIX_PATH=D:\BAM\AE403-BAM\install\ros_msg_iface;%AMENT_PREFIX_PATH% CMAKE_PREFIX_PATH=D:\BAM\AE403-BAM\install\ros_msg_iface;%CMAKE_PREFIX_PATH% PIXI_PROMPT=(robostack:jazzy) C:\Users\SirSi\robostack\.pixi\envs\jazzy\Library\bin\cmake.EXE D:\BAM\AE403-BAM\ROS2_ws\s_function_pkgs\publishers\mat_airsim_bball_pub -DCMAKE_INSTALL_PREFIX=D:\BAM\AE403-BAM\install\mat_airsim_bball_pub -G Visual Studio 17 2022[0m
[35.357s] [34mcolcon.colcon_core.event_handler.log_command[0m [1;30mDEBUG[0m [32mInvoking command in 'D:\BAM\AE403-BAM\build\mat_airsim_pub': AMENT_PREFIX_PATH=D:\BAM\AE403-BAM\install\ros_msg_iface;%AMENT_PREFIX_PATH% CMAKE_PREFIX_PATH=D:\BAM\AE403-BAM\install\ros_msg_iface;%CMAKE_PREFIX_PATH% PIXI_PROMPT=(robostack:jazzy) C:\Users\SirSi\robostack\.pixi\envs\jazzy\Library\bin\cmake.EXE D:\BAM\AE403-BAM\ROS2_ws\s_function_pkgs\publishers\mat_airsim_pub -DCMAKE_INSTALL_PREFIX=D:\BAM\AE403-BAM\install\mat_airsim_pub -G Visual Studio 17 2022[0m
[35.524s] [34mcolcon.colcon_core.environment[0m [1;30mLevel 1[0m create_environment_scripts_only(mat_airsim_bball_pub_nonlib)
[35.524s] [34mcolcon.colcon_core.environment[0m [1;30mLevel 1[0m checking 'D:\BAM\AE403-BAM\install\mat_airsim_bball_pub_nonlib' for CMake module files
[35.525s] [34mcolcon.colcon_core.event_handler.log_command[0m [1;30mDEBUG[0m [32mInvoked command in 'D:\BAM\AE403-BAM\build\mat_airsim_bball_pub_nonlib' returned '0': PIXI_PROMPT=(robostack:jazzy) C:\Users\SirSi\robostack\.pixi\envs\jazzy\Library\bin\cmake.EXE --install D:\BAM\AE403-BAM\build\mat_airsim_bball_pub_nonlib --config Release[0m
[35.528s] [34mcolcon.colcon_core.environment[0m [1;30mLevel 1[0m checking 'D:\BAM\AE403-BAM\install\mat_airsim_bball_pub_nonlib' for CMake config files
[35.530s] [34mcolcon.colcon_core.shell[0m [1;30mLevel 1[0m create_environment_hook('mat_airsim_bball_pub_nonlib', 'cmake_prefix_path')
[35.530s] [34mcolcon.colcon_core.shell[0m [1;30mINFO[0m Creating environment hook 'D:\BAM\AE403-BAM\install\mat_airsim_bball_pub_nonlib\share\mat_airsim_bball_pub_nonlib\hook\cmake_prefix_path.ps1'
[35.532s] [34mcolcon.colcon_core.shell[0m [1;30mINFO[0m Creating environment hook 'D:\BAM\AE403-BAM\install\mat_airsim_bball_pub_nonlib\share\mat_airsim_bball_pub_nonlib\hook\cmake_prefix_path.bat'
[35.534s] [34mcolcon.colcon_core.shell[0m [1;30mINFO[0m Creating environment descriptor 'D:\BAM\AE403-BAM\install\mat_airsim_bball_pub_nonlib\share\mat_airsim_bball_pub_nonlib\hook\cmake_prefix_path.dsv'
[35.535s] [34mcolcon.colcon_core.environment[0m [1;30mLevel 1[0m checking 'D:\BAM\AE403-BAM\install\mat_airsim_bball_pub_nonlib\bin'
[35.535s] [34mcolcon.colcon_core.environment[0m [1;30mLevel 1[0m checking 'D:\BAM\AE403-BAM\install\mat_airsim_bball_pub_nonlib\bin'
[35.536s] [34mcolcon.colcon_core.environment[0m [1;30mLevel 1[0m checking 'D:\BAM\AE403-BAM\install\mat_airsim_bball_pub_nonlib\lib\pkgconfig\mat_airsim_bball_pub_nonlib.pc'
[35.536s] [34mcolcon.colcon_core.environment[0m [1;30mLevel 1[0m checking 'D:\BAM\AE403-BAM\install\mat_airsim_bball_pub_nonlib\Lib\site-packages'
[35.536s] [34mcolcon.colcon_core.environment[0m [1;30mLevel 1[0m checking 'D:\BAM\AE403-BAM\install\mat_airsim_bball_pub_nonlib\Scripts'
[35.536s] [34mcolcon.colcon_core.shell[0m [1;30mINFO[0m Creating package script 'D:\BAM\AE403-BAM\install\mat_airsim_bball_pub_nonlib\share\mat_airsim_bball_pub_nonlib\package.ps1'
[35.538s] [34mcolcon.colcon_core.shell[0m [1;30mINFO[0m Creating package script 'D:\BAM\AE403-BAM\install\mat_airsim_bball_pub_nonlib\share\mat_airsim_bball_pub_nonlib\package.bat'
[35.539s] [34mcolcon.colcon_core.shell[0m [1;30mINFO[0m Creating package descriptor 'D:\BAM\AE403-BAM\install\mat_airsim_bball_pub_nonlib\share\mat_airsim_bball_pub_nonlib\package.dsv'
[35.540s] [34mcolcon.colcon_core.environment[0m [1;30mLevel 1[0m create_file_with_runtime_dependencies(D:\BAM\AE403-BAM\install\mat_airsim_bball_pub_nonlib\share\colcon-core\packages\mat_airsim_bball_pub_nonlib)
[35.541s] [34mcolcon.colcon_core.environment[0m [1;30mLevel 1[0m create_environment_scripts_only(mat_airsim_bball_pub_nonlib)
[35.542s] [34mcolcon.colcon_core.environment[0m [1;30mLevel 1[0m checking 'D:\BAM\AE403-BAM\install\mat_airsim_bball_pub_nonlib' for CMake module files
[35.546s] [34mcolcon.colcon_core.environment[0m [1;30mLevel 1[0m checking 'D:\BAM\AE403-BAM\install\mat_airsim_bball_pub_nonlib' for CMake config files
[35.547s] [34mcolcon.colcon_core.shell[0m [1;30mLevel 1[0m create_environment_hook('mat_airsim_bball_pub_nonlib', 'cmake_prefix_path')
[35.548s] [34mcolcon.colcon_core.shell[0m [1;30mINFO[0m Creating environment hook 'D:\BAM\AE403-BAM\install\mat_airsim_bball_pub_nonlib\share\mat_airsim_bball_pub_nonlib\hook\cmake_prefix_path.ps1'
[35.549s] [34mcolcon.colcon_core.shell[0m [1;30mINFO[0m Creating environment hook 'D:\BAM\AE403-BAM\install\mat_airsim_bball_pub_nonlib\share\mat_airsim_bball_pub_nonlib\hook\cmake_prefix_path.bat'
[35.551s] [34mcolcon.colcon_core.shell[0m [1;30mINFO[0m Creating environment descriptor 'D:\BAM\AE403-BAM\install\mat_airsim_bball_pub_nonlib\share\mat_airsim_bball_pub_nonlib\hook\cmake_prefix_path.dsv'
[35.552s] [34mcolcon.colcon_core.environment[0m [1;30mLevel 1[0m checking 'D:\BAM\AE403-BAM\install\mat_airsim_bball_pub_nonlib\bin'
[35.553s] [34mcolcon.colcon_core.environment[0m [1;30mLevel 1[0m checking 'D:\BAM\AE403-BAM\install\mat_airsim_bball_pub_nonlib\bin'
[35.553s] [34mcolcon.colcon_core.environment[0m [1;30mLevel 1[0m checking 'D:\BAM\AE403-BAM\install\mat_airsim_bball_pub_nonlib\lib\pkgconfig\mat_airsim_bball_pub_nonlib.pc'
[35.553s] [34mcolcon.colcon_core.environment[0m [1;30mLevel 1[0m checking 'D:\BAM\AE403-BAM\install\mat_airsim_bball_pub_nonlib\Lib\site-packages'
[35.553s] [34mcolcon.colcon_core.environment[0m [1;30mLevel 1[0m checking 'D:\BAM\AE403-BAM\install\mat_airsim_bball_pub_nonlib\Scripts'
[35.553s] [34mcolcon.colcon_core.shell[0m [1;30mINFO[0m Creating package script 'D:\BAM\AE403-BAM\install\mat_airsim_bball_pub_nonlib\share\mat_airsim_bball_pub_nonlib\package.ps1'
[35.554s] [34mcolcon.colcon_core.shell[0m [1;30mINFO[0m Creating package script 'D:\BAM\AE403-BAM\install\mat_airsim_bball_pub_nonlib\share\mat_airsim_bball_pub_nonlib\package.bat'
[35.556s] [34mcolcon.colcon_core.shell[0m [1;30mINFO[0m Creating package descriptor 'D:\BAM\AE403-BAM\install\mat_airsim_bball_pub_nonlib\share\mat_airsim_bball_pub_nonlib\package.dsv'
[35.558s] [34mcolcon.colcon_core.environment[0m [1;30mLevel 1[0m create_file_with_runtime_dependencies(D:\BAM\AE403-BAM\install\mat_airsim_bball_pub_nonlib\share\colcon-core\packages\mat_airsim_bball_pub_nonlib)
[35.562s] [34mcolcon.colcon_core.event_handler.log_command[0m [1;30mDEBUG[0m [32mInvoked command in 'D:\BAM\AE403-BAM\build\mat_airsim_pub_nonlib' returned '0': CL=/MP PIXI_PROMPT=(robostack:jazzy) C:\Users\SirSi\robostack\.pixi\envs\jazzy\Library\bin\cmake.EXE --build D:\BAM\AE403-BAM\build\mat_airsim_pub_nonlib --config Release[0m
[35.564s] [34mcolcon.colcon_core.event_handler.log_command[0m [1;30mDEBUG[0m [32mInvoking command in 'D:\BAM\AE403-BAM\build\mat_airsim_pub_nonlib': PIXI_PROMPT=(robostack:jazzy) C:\Users\SirSi\robostack\.pixi\envs\jazzy\Library\bin\cmake.EXE --install D:\BAM\AE403-BAM\build\mat_airsim_pub_nonlib --config Release[0m
[35.805s] [34mcolcon.colcon_core.environment[0m [1;30mLevel 1[0m create_environment_scripts_only(mat_airsim_pub_nonlib)
[35.806s] [34mcolcon.colcon_core.environment[0m [1;30mLevel 1[0m checking 'D:\BAM\AE403-BAM\install\mat_airsim_pub_nonlib' for CMake module files
[35.806s] [34mcolcon.colcon_core.event_handler.log_command[0m [1;30mDEBUG[0m [32mInvoked command in 'D:\BAM\AE403-BAM\build\mat_airsim_pub_nonlib' returned '0': PIXI_PROMPT=(robostack:jazzy) C:\Users\SirSi\robostack\.pixi\envs\jazzy\Library\bin\cmake.EXE --install D:\BAM\AE403-BAM\build\mat_airsim_pub_nonlib --config Release[0m
[35.807s] [34mcolcon.colcon_core.environment[0m [1;30mLevel 1[0m checking 'D:\BAM\AE403-BAM\install\mat_airsim_pub_nonlib' for CMake config files
[35.808s] [34mcolcon.colcon_core.shell[0m [1;30mLevel 1[0m create_environment_hook('mat_airsim_pub_nonlib', 'cmake_prefix_path')
[35.808s] [34mcolcon.colcon_core.shell[0m [1;30mINFO[0m Creating environment hook 'D:\BAM\AE403-BAM\install\mat_airsim_pub_nonlib\share\mat_airsim_pub_nonlib\hook\cmake_prefix_path.ps1'
[35.810s] [34mcolcon.colcon_core.shell[0m [1;30mINFO[0m Creating environment hook 'D:\BAM\AE403-BAM\install\mat_airsim_pub_nonlib\share\mat_airsim_pub_nonlib\hook\cmake_prefix_path.bat'
[35.811s] [34mcolcon.colcon_core.shell[0m [1;30mINFO[0m Creating environment descriptor 'D:\BAM\AE403-BAM\install\mat_airsim_pub_nonlib\share\mat_airsim_pub_nonlib\hook\cmake_prefix_path.dsv'
[35.813s] [34mcolcon.colcon_core.environment[0m [1;30mLevel 1[0m checking 'D:\BAM\AE403-BAM\install\mat_airsim_pub_nonlib\bin'
[35.813s] [34mcolcon.colcon_core.environment[0m [1;30mLevel 1[0m checking 'D:\BAM\AE403-BAM\install\mat_airsim_pub_nonlib\bin'
[35.813s] [34mcolcon.colcon_core.environment[0m [1;30mLevel 1[0m checking 'D:\BAM\AE403-BAM\install\mat_airsim_pub_nonlib\lib\pkgconfig\mat_airsim_pub_nonlib.pc'
[35.813s] [34mcolcon.colcon_core.environment[0m [1;30mLevel 1[0m checking 'D:\BAM\AE403-BAM\install\mat_airsim_pub_nonlib\Lib\site-packages'
[35.813s] [34mcolcon.colcon_core.environment[0m [1;30mLevel 1[0m checking 'D:\BAM\AE403-BAM\install\mat_airsim_pub_nonlib\Scripts'
[35.814s] [34mcolcon.colcon_core.shell[0m [1;30mINFO[0m Creating package script 'D:\BAM\AE403-BAM\install\mat_airsim_pub_nonlib\share\mat_airsim_pub_nonlib\package.ps1'
[35.815s] [34mcolcon.colcon_core.shell[0m [1;30mINFO[0m Creating package script 'D:\BAM\AE403-BAM\install\mat_airsim_pub_nonlib\share\mat_airsim_pub_nonlib\package.bat'
[35.816s] [34mcolcon.colcon_core.shell[0m [1;30mINFO[0m Creating package descriptor 'D:\BAM\AE403-BAM\install\mat_airsim_pub_nonlib\share\mat_airsim_pub_nonlib\package.dsv'
[35.817s] [34mcolcon.colcon_core.environment[0m [1;30mLevel 1[0m create_file_with_runtime_dependencies(D:\BAM\AE403-BAM\install\mat_airsim_pub_nonlib\share\colcon-core\packages\mat_airsim_pub_nonlib)
[35.819s] [34mcolcon.colcon_core.environment[0m [1;30mLevel 1[0m create_environment_scripts_only(mat_airsim_pub_nonlib)
[35.819s] [34mcolcon.colcon_core.environment[0m [1;30mLevel 1[0m checking 'D:\BAM\AE403-BAM\install\mat_airsim_pub_nonlib' for CMake module files
[35.821s] [34mcolcon.colcon_core.environment[0m [1;30mLevel 1[0m checking 'D:\BAM\AE403-BAM\install\mat_airsim_pub_nonlib' for CMake config files
[35.821s] [34mcolcon.colcon_core.shell[0m [1;30mLevel 1[0m create_environment_hook('mat_airsim_pub_nonlib', 'cmake_prefix_path')
[35.822s] [34mcolcon.colcon_core.shell[0m [1;30mINFO[0m Creating environment hook 'D:\BAM\AE403-BAM\install\mat_airsim_pub_nonlib\share\mat_airsim_pub_nonlib\hook\cmake_prefix_path.ps1'
[35.822s] [34mcolcon.colcon_core.shell[0m [1;30mINFO[0m Creating environment hook 'D:\BAM\AE403-BAM\install\mat_airsim_pub_nonlib\share\mat_airsim_pub_nonlib\hook\cmake_prefix_path.bat'
[35.823s] [34mcolcon.colcon_core.shell[0m [1;30mINFO[0m Creating environment descriptor 'D:\BAM\AE403-BAM\install\mat_airsim_pub_nonlib\share\mat_airsim_pub_nonlib\hook\cmake_prefix_path.dsv'
[35.824s] [34mcolcon.colcon_core.environment[0m [1;30mLevel 1[0m checking 'D:\BAM\AE403-BAM\install\mat_airsim_pub_nonlib\bin'
[35.824s] [34mcolcon.colcon_core.environment[0m [1;30mLevel 1[0m checking 'D:\BAM\AE403-BAM\install\mat_airsim_pub_nonlib\bin'
[35.824s] [34mcolcon.colcon_core.environment[0m [1;30mLevel 1[0m checking 'D:\BAM\AE403-BAM\install\mat_airsim_pub_nonlib\lib\pkgconfig\mat_airsim_pub_nonlib.pc'
[35.824s] [34mcolcon.colcon_core.environment[0m [1;30mLevel 1[0m checking 'D:\BAM\AE403-BAM\install\mat_airsim_pub_nonlib\Lib\site-packages'
[35.825s] [34mcolcon.colcon_core.environment[0m [1;30mLevel 1[0m checking 'D:\BAM\AE403-BAM\install\mat_airsim_pub_nonlib\Scripts'
[35.825s] [34mcolcon.colcon_core.shell[0m [1;30mINFO[0m Creating package script 'D:\BAM\AE403-BAM\install\mat_airsim_pub_nonlib\share\mat_airsim_pub_nonlib\package.ps1'
[35.826s] [34mcolcon.colcon_core.shell[0m [1;30mINFO[0m Creating package script 'D:\BAM\AE403-BAM\install\mat_airsim_pub_nonlib\share\mat_airsim_pub_nonlib\package.bat'
[35.826s] [34mcolcon.colcon_core.shell[0m [1;30mINFO[0m Creating package descriptor 'D:\BAM\AE403-BAM\install\mat_airsim_pub_nonlib\share\mat_airsim_pub_nonlib\package.dsv'
[35.827s] [34mcolcon.colcon_core.environment[0m [1;30mLevel 1[0m create_file_with_runtime_dependencies(D:\BAM\AE403-BAM\install\mat_airsim_pub_nonlib\share\colcon-core\packages\mat_airsim_pub_nonlib)
[36.332s] [34mcolcon.colcon_core.event_handler.log_command[0m [1;30mDEBUG[0m [32mInvoked command in 'D:\BAM\AE403-BAM\build\psw_sub' returned '0': CL=/MP PIXI_PROMPT=(robostack:jazzy) C:\Users\SirSi\robostack\.pixi\envs\jazzy\Library\bin\cmake.EXE --build D:\BAM\AE403-BAM\build\psw_sub --config Release[0m
[36.335s] [34mcolcon.colcon_core.event_handler.log_command[0m [1;30mDEBUG[0m [32mInvoking command in 'D:\BAM\AE403-BAM\build\psw_sub': PIXI_PROMPT=(robostack:jazzy) C:\Users\SirSi\robostack\.pixi\envs\jazzy\Library\bin\cmake.EXE --install D:\BAM\AE403-BAM\build\psw_sub --config Release[0m
[36.695s] [34mcolcon.colcon_core.environment[0m [1;30mLevel 1[0m create_environment_scripts_only(psw_sub)
[36.695s] [34mcolcon.colcon_core.environment[0m [1;30mLevel 1[0m checking 'D:\BAM\AE403-BAM\install\psw_sub' for CMake module files
[36.697s] [34mcolcon.colcon_core.event_handler.log_command[0m [1;30mDEBUG[0m [32mInvoked command in 'D:\BAM\AE403-BAM\build\psw_sub' returned '0': PIXI_PROMPT=(robostack:jazzy) C:\Users\SirSi\robostack\.pixi\envs\jazzy\Library\bin\cmake.EXE --install D:\BAM\AE403-BAM\build\psw_sub --config Release[0m
[36.699s] [34mcolcon.colcon_core.environment[0m [1;30mLevel 1[0m checking 'D:\BAM\AE403-BAM\install\psw_sub' for CMake config files
[36.700s] [34mcolcon.colcon_core.shell[0m [1;30mLevel 1[0m create_environment_hook('psw_sub', 'cmake_prefix_path')
[36.701s] [34mcolcon.colcon_core.shell[0m [1;30mINFO[0m Creating environment hook 'D:\BAM\AE403-BAM\install\psw_sub\share\psw_sub\hook\cmake_prefix_path.ps1'
[36.702s] [34mcolcon.colcon_core.shell[0m [1;30mINFO[0m Creating environment hook 'D:\BAM\AE403-BAM\install\psw_sub\share\psw_sub\hook\cmake_prefix_path.bat'
[36.705s] [34mcolcon.colcon_core.shell[0m [1;30mINFO[0m Creating environment descriptor 'D:\BAM\AE403-BAM\install\psw_sub\share\psw_sub\hook\cmake_prefix_path.dsv'
[36.706s] [34mcolcon.colcon_core.environment[0m [1;30mLevel 1[0m checking 'D:\BAM\AE403-BAM\install\psw_sub\bin'
[36.706s] [34mcolcon.colcon_core.environment[0m [1;30mLevel 1[0m checking 'D:\BAM\AE403-BAM\install\psw_sub\bin'
[36.707s] [34mcolcon.colcon_core.environment[0m [1;30mLevel 1[0m checking 'D:\BAM\AE403-BAM\install\psw_sub\lib\pkgconfig\psw_sub.pc'
[36.707s] [34mcolcon.colcon_core.environment[0m [1;30mLevel 1[0m checking 'D:\BAM\AE403-BAM\install\psw_sub\Lib\site-packages'
[36.707s] [34mcolcon.colcon_core.environment[0m [1;30mLevel 1[0m checking 'D:\BAM\AE403-BAM\install\psw_sub\Scripts'
[36.708s] [34mcolcon.colcon_core.shell[0m [1;30mINFO[0m Creating package script 'D:\BAM\AE403-BAM\install\psw_sub\share\psw_sub\package.ps1'
[36.710s] [34mcolcon.colcon_core.shell[0m [1;30mINFO[0m Creating package script 'D:\BAM\AE403-BAM\install\psw_sub\share\psw_sub\package.bat'
[36.711s] [34mcolcon.colcon_core.shell[0m [1;30mINFO[0m Creating package descriptor 'D:\BAM\AE403-BAM\install\psw_sub\share\psw_sub\package.dsv'
[36.713s] [34mcolcon.colcon_core.environment[0m [1;30mLevel 1[0m create_file_with_runtime_dependencies(D:\BAM\AE403-BAM\install\psw_sub\share\colcon-core\packages\psw_sub)
[36.715s] [34mcolcon.colcon_core.environment[0m [1;30mLevel 1[0m create_environment_scripts_only(psw_sub)
[36.716s] [34mcolcon.colcon_core.environment[0m [1;30mLevel 1[0m checking 'D:\BAM\AE403-BAM\install\psw_sub' for CMake module files
[36.719s] [34mcolcon.colcon_core.environment[0m [1;30mLevel 1[0m checking 'D:\BAM\AE403-BAM\install\psw_sub' for CMake config files
[36.720s] [34mcolcon.colcon_core.shell[0m [1;30mLevel 1[0m create_environment_hook('psw_sub', 'cmake_prefix_path')
[36.721s] [34mcolcon.colcon_core.shell[0m [1;30mINFO[0m Creating environment hook 'D:\BAM\AE403-BAM\install\psw_sub\share\psw_sub\hook\cmake_prefix_path.ps1'
[36.722s] [34mcolcon.colcon_core.shell[0m [1;30mINFO[0m Creating environment hook 'D:\BAM\AE403-BAM\install\psw_sub\share\psw_sub\hook\cmake_prefix_path.bat'
[36.723s] [34mcolcon.colcon_core.shell[0m [1;30mINFO[0m Creating environment descriptor 'D:\BAM\AE403-BAM\install\psw_sub\share\psw_sub\hook\cmake_prefix_path.dsv'
[36.723s] [34mcolcon.colcon_core.environment[0m [1;30mLevel 1[0m checking 'D:\BAM\AE403-BAM\install\psw_sub\bin'
[36.724s] [34mcolcon.colcon_core.environment[0m [1;30mLevel 1[0m checking 'D:\BAM\AE403-BAM\install\psw_sub\bin'
[36.724s] [34mcolcon.colcon_core.environment[0m [1;30mLevel 1[0m checking 'D:\BAM\AE403-BAM\install\psw_sub\lib\pkgconfig\psw_sub.pc'
[36.724s] [34mcolcon.colcon_core.environment[0m [1;30mLevel 1[0m checking 'D:\BAM\AE403-BAM\install\psw_sub\Lib\site-packages'
[36.724s] [34mcolcon.colcon_core.environment[0m [1;30mLevel 1[0m checking 'D:\BAM\AE403-BAM\install\psw_sub\Scripts'
[36.724s] [34mcolcon.colcon_core.shell[0m [1;30mINFO[0m Creating package script 'D:\BAM\AE403-BAM\install\psw_sub\share\psw_sub\package.ps1'
[36.725s] [34mcolcon.colcon_core.shell[0m [1;30mINFO[0m Creating package script 'D:\BAM\AE403-BAM\install\psw_sub\share\psw_sub\package.bat'
[36.726s] [34mcolcon.colcon_core.shell[0m [1;30mINFO[0m Creating package descriptor 'D:\BAM\AE403-BAM\install\psw_sub\share\psw_sub\package.dsv'
[36.727s] [34mcolcon.colcon_core.environment[0m [1;30mLevel 1[0m create_file_with_runtime_dependencies(D:\BAM\AE403-BAM\install\psw_sub\share\colcon-core\packages\psw_sub)
[41.648s] [34mcolcon.colcon_core.event_handler.log_command[0m [1;30mDEBUG[0m [32mInvoked command in 'D:\BAM\AE403-BAM\build\mat_airsim_pub' returned '0': AMENT_PREFIX_PATH=D:\BAM\AE403-BAM\install\ros_msg_iface;%AMENT_PREFIX_PATH% CMAKE_PREFIX_PATH=D:\BAM\AE403-BAM\install\ros_msg_iface;%CMAKE_PREFIX_PATH% PIXI_PROMPT=(robostack:jazzy) C:\Users\SirSi\robostack\.pixi\envs\jazzy\Library\bin\cmake.EXE D:\BAM\AE403-BAM\ROS2_ws\s_function_pkgs\publishers\mat_airsim_pub -DCMAKE_INSTALL_PREFIX=D:\BAM\AE403-BAM\install\mat_airsim_pub -G Visual Studio 17 2022[0m
[41.650s] [34mcolcon.colcon_core.event_handler.log_command[0m [1;30mDEBUG[0m [32mInvoking command in 'D:\BAM\AE403-BAM\build\mat_airsim_pub': AMENT_PREFIX_PATH=D:\BAM\AE403-BAM\install\ros_msg_iface;%AMENT_PREFIX_PATH% CL=/MP CMAKE_PREFIX_PATH=D:\BAM\AE403-BAM\install\ros_msg_iface;%CMAKE_PREFIX_PATH% PIXI_PROMPT=(robostack:jazzy) C:\Users\SirSi\robostack\.pixi\envs\jazzy\Library\bin\cmake.EXE --build D:\BAM\AE403-BAM\build\mat_airsim_pub --config Release[0m
[41.664s] [34mcolcon.colcon_core.event_handler.log_command[0m [1;30mDEBUG[0m [32mInvoked command in 'D:\BAM\AE403-BAM\build\mat_airsim_bball_pub' returned '0': AMENT_PREFIX_PATH=D:\BAM\AE403-BAM\install\ros_msg_iface;%AMENT_PREFIX_PATH% CMAKE_PREFIX_PATH=D:\BAM\AE403-BAM\install\ros_msg_iface;%CMAKE_PREFIX_PATH% PIXI_PROMPT=(robostack:jazzy) C:\Users\SirSi\robostack\.pixi\envs\jazzy\Library\bin\cmake.EXE D:\BAM\AE403-BAM\ROS2_ws\s_function_pkgs\publishers\mat_airsim_bball_pub -DCMAKE_INSTALL_PREFIX=D:\BAM\AE403-BAM\install\mat_airsim_bball_pub -G Visual Studio 17 2022[0m
[41.667s] [34mcolcon.colcon_core.event_handler.log_command[0m [1;30mDEBUG[0m [32mInvoking command in 'D:\BAM\AE403-BAM\build\mat_airsim_bball_pub': AMENT_PREFIX_PATH=D:\BAM\AE403-BAM\install\ros_msg_iface;%AMENT_PREFIX_PATH% CL=/MP CMAKE_PREFIX_PATH=D:\BAM\AE403-BAM\install\ros_msg_iface;%CMAKE_PREFIX_PATH% PIXI_PROMPT=(robostack:jazzy) C:\Users\SirSi\robostack\.pixi\envs\jazzy\Library\bin\cmake.EXE --build D:\BAM\AE403-BAM\build\mat_airsim_bball_pub --config Release[0m
[43.408s] [34mcolcon.colcon_core.event_handler.log_command[0m [1;30mDEBUG[0m [32mInvoked command in 'D:\BAM\AE403-BAM\build\mat_airsim_bball_pub' returned '0': AMENT_PREFIX_PATH=D:\BAM\AE403-BAM\install\ros_msg_iface;%AMENT_PREFIX_PATH% CL=/MP CMAKE_PREFIX_PATH=D:\BAM\AE403-BAM\install\ros_msg_iface;%CMAKE_PREFIX_PATH% PIXI_PROMPT=(robostack:jazzy) C:\Users\SirSi\robostack\.pixi\envs\jazzy\Library\bin\cmake.EXE --build D:\BAM\AE403-BAM\build\mat_airsim_bball_pub --config Release[0m
[43.411s] [34mcolcon.colcon_core.event_handler.log_command[0m [1;30mDEBUG[0m [32mInvoking command in 'D:\BAM\AE403-BAM\build\mat_airsim_bball_pub': AMENT_PREFIX_PATH=D:\BAM\AE403-BAM\install\ros_msg_iface;%AMENT_PREFIX_PATH% CMAKE_PREFIX_PATH=D:\BAM\AE403-BAM\install\ros_msg_iface;%CMAKE_PREFIX_PATH% PIXI_PROMPT=(robostack:jazzy) C:\Users\SirSi\robostack\.pixi\envs\jazzy\Library\bin\cmake.EXE --install D:\BAM\AE403-BAM\build\mat_airsim_bball_pub --config Release[0m
[43.415s] [34mcolcon.colcon_core.event_handler.log_command[0m [1;30mDEBUG[0m [32mInvoked command in 'D:\BAM\AE403-BAM\build\mat_airsim_pub' returned '0': AMENT_PREFIX_PATH=D:\BAM\AE403-BAM\install\ros_msg_iface;%AMENT_PREFIX_PATH% CL=/MP CMAKE_PREFIX_PATH=D:\BAM\AE403-BAM\install\ros_msg_iface;%CMAKE_PREFIX_PATH% PIXI_PROMPT=(robostack:jazzy) C:\Users\SirSi\robostack\.pixi\envs\jazzy\Library\bin\cmake.EXE --build D:\BAM\AE403-BAM\build\mat_airsim_pub --config Release[0m
[43.418s] [34mcolcon.colcon_core.event_handler.log_command[0m [1;30mDEBUG[0m [32mInvoking command in 'D:\BAM\AE403-BAM\build\mat_airsim_pub': AMENT_PREFIX_PATH=D:\BAM\AE403-BAM\install\ros_msg_iface;%AMENT_PREFIX_PATH% CMAKE_PREFIX_PATH=D:\BAM\AE403-BAM\install\ros_msg_iface;%CMAKE_PREFIX_PATH% PIXI_PROMPT=(robostack:jazzy) C:\Users\SirSi\robostack\.pixi\envs\jazzy\Library\bin\cmake.EXE --install D:\BAM\AE403-BAM\build\mat_airsim_pub --config Release[0m
[43.726s] [34mcolcon.colcon_core.environment[0m [1;30mLevel 1[0m create_environment_scripts_only(mat_airsim_bball_pub)
[43.727s] [34mcolcon.colcon_core.event_handler.log_command[0m [1;30mDEBUG[0m [32mInvoked command in 'D:\BAM\AE403-BAM\build\mat_airsim_bball_pub' returned '0': AMENT_PREFIX_PATH=D:\BAM\AE403-BAM\install\ros_msg_iface;%AMENT_PREFIX_PATH% CMAKE_PREFIX_PATH=D:\BAM\AE403-BAM\install\ros_msg_iface;%CMAKE_PREFIX_PATH% PIXI_PROMPT=(robostack:jazzy) C:\Users\SirSi\robostack\.pixi\envs\jazzy\Library\bin\cmake.EXE --install D:\BAM\AE403-BAM\build\mat_airsim_bball_pub --config Release[0m
[43.727s] [34mcolcon.colcon_core.environment[0m [1;30mLevel 1[0m checking 'D:\BAM\AE403-BAM\install\mat_airsim_bball_pub' for CMake module files
[43.730s] [34mcolcon.colcon_core.environment[0m [1;30mLevel 1[0m checking 'D:\BAM\AE403-BAM\install\mat_airsim_bball_pub' for CMake config files
[43.731s] [34mcolcon.colcon_core.shell[0m [1;30mLevel 1[0m create_environment_hook('mat_airsim_bball_pub', 'cmake_prefix_path')
[43.731s] [34mcolcon.colcon_core.shell[0m [1;30mINFO[0m Creating environment hook 'D:\BAM\AE403-BAM\install\mat_airsim_bball_pub\share\mat_airsim_bball_pub\hook\cmake_prefix_path.ps1'
[43.732s] [34mcolcon.colcon_core.shell[0m [1;30mINFO[0m Creating environment hook 'D:\BAM\AE403-BAM\install\mat_airsim_bball_pub\share\mat_airsim_bball_pub\hook\cmake_prefix_path.bat'
[43.732s] [34mcolcon.colcon_core.shell[0m [1;30mINFO[0m Creating environment descriptor 'D:\BAM\AE403-BAM\install\mat_airsim_bball_pub\share\mat_airsim_bball_pub\hook\cmake_prefix_path.dsv'
[43.734s] [34mcolcon.colcon_core.environment[0m [1;30mLevel 1[0m checking 'D:\BAM\AE403-BAM\install\mat_airsim_bball_pub\bin'
[43.734s] [34mcolcon.colcon_core.environment[0m [1;30mLevel 1[0m checking 'D:\BAM\AE403-BAM\install\mat_airsim_bball_pub\bin'
[43.734s] [34mcolcon.colcon_core.environment[0m [1;30mLevel 1[0m checking 'D:\BAM\AE403-BAM\install\mat_airsim_bball_pub\lib\pkgconfig\mat_airsim_bball_pub.pc'
[43.734s] [34mcolcon.colcon_core.environment[0m [1;30mLevel 1[0m checking 'D:\BAM\AE403-BAM\install\mat_airsim_bball_pub\Lib\site-packages'
[43.734s] [34mcolcon.colcon_core.environment[0m [1;30mLevel 1[0m checking 'D:\BAM\AE403-BAM\install\mat_airsim_bball_pub\Scripts'
[43.735s] [34mcolcon.colcon_core.shell[0m [1;30mINFO[0m Creating package script 'D:\BAM\AE403-BAM\install\mat_airsim_bball_pub\share\mat_airsim_bball_pub\package.ps1'
[43.735s] [34mcolcon.colcon_core.shell[0m [1;30mINFO[0m Creating package script 'D:\BAM\AE403-BAM\install\mat_airsim_bball_pub\share\mat_airsim_bball_pub\package.bat'
[43.736s] [34mcolcon.colcon_core.shell[0m [1;30mINFO[0m Creating package descriptor 'D:\BAM\AE403-BAM\install\mat_airsim_bball_pub\share\mat_airsim_bball_pub\package.dsv'
[43.736s] [34mcolcon.colcon_core.environment[0m [1;30mLevel 1[0m create_file_with_runtime_dependencies(D:\BAM\AE403-BAM\install\mat_airsim_bball_pub\share\colcon-core\packages\mat_airsim_bball_pub)
[43.737s] [34mcolcon.colcon_core.environment[0m [1;30mLevel 1[0m create_environment_scripts_only(mat_airsim_bball_pub)
[43.737s] [34mcolcon.colcon_core.environment[0m [1;30mLevel 1[0m checking 'D:\BAM\AE403-BAM\install\mat_airsim_bball_pub' for CMake module files
[43.738s] [34mcolcon.colcon_core.environment[0m [1;30mLevel 1[0m checking 'D:\BAM\AE403-BAM\install\mat_airsim_bball_pub' for CMake config files
[43.741s] [34mcolcon.colcon_core.shell[0m [1;30mLevel 1[0m create_environment_hook('mat_airsim_bball_pub', 'cmake_prefix_path')
[43.741s] [34mcolcon.colcon_core.shell[0m [1;30mINFO[0m Creating environment hook 'D:\BAM\AE403-BAM\install\mat_airsim_bball_pub\share\mat_airsim_bball_pub\hook\cmake_prefix_path.ps1'
[43.741s] [34mcolcon.colcon_core.shell[0m [1;30mINFO[0m Creating environment hook 'D:\BAM\AE403-BAM\install\mat_airsim_bball_pub\share\mat_airsim_bball_pub\hook\cmake_prefix_path.bat'
[43.742s] [34mcolcon.colcon_core.shell[0m [1;30mINFO[0m Creating environment descriptor 'D:\BAM\AE403-BAM\install\mat_airsim_bball_pub\share\mat_airsim_bball_pub\hook\cmake_prefix_path.dsv'
[43.744s] [34mcolcon.colcon_core.environment[0m [1;30mLevel 1[0m checking 'D:\BAM\AE403-BAM\install\mat_airsim_bball_pub\bin'
[43.744s] [34mcolcon.colcon_core.environment[0m [1;30mLevel 1[0m checking 'D:\BAM\AE403-BAM\install\mat_airsim_bball_pub\bin'
[43.745s] [34mcolcon.colcon_core.environment[0m [1;30mLevel 1[0m checking 'D:\BAM\AE403-BAM\install\mat_airsim_bball_pub\lib\pkgconfig\mat_airsim_bball_pub.pc'
[43.745s] [34mcolcon.colcon_core.environment[0m [1;30mLevel 1[0m checking 'D:\BAM\AE403-BAM\install\mat_airsim_bball_pub\Lib\site-packages'
[43.745s] [34mcolcon.colcon_core.environment[0m [1;30mLevel 1[0m checking 'D:\BAM\AE403-BAM\install\mat_airsim_bball_pub\Scripts'
[43.745s] [34mcolcon.colcon_core.shell[0m [1;30mINFO[0m Creating package script 'D:\BAM\AE403-BAM\install\mat_airsim_bball_pub\share\mat_airsim_bball_pub\package.ps1'
[43.747s] [34mcolcon.colcon_core.shell[0m [1;30mINFO[0m Creating package script 'D:\BAM\AE403-BAM\install\mat_airsim_bball_pub\share\mat_airsim_bball_pub\package.bat'
[43.748s] [34mcolcon.colcon_core.shell[0m [1;30mINFO[0m Creating package descriptor 'D:\BAM\AE403-BAM\install\mat_airsim_bball_pub\share\mat_airsim_bball_pub\package.dsv'
[43.749s] [34mcolcon.colcon_core.environment[0m [1;30mLevel 1[0m create_file_with_runtime_dependencies(D:\BAM\AE403-BAM\install\mat_airsim_bball_pub\share\colcon-core\packages\mat_airsim_bball_pub)
[43.750s] [34mcolcon.colcon_core.environment[0m [1;30mLevel 1[0m create_environment_scripts_only(mat_airsim_pub)
[43.750s] [34mcolcon.colcon_core.environment[0m [1;30mLevel 1[0m checking 'D:\BAM\AE403-BAM\install\mat_airsim_pub' for CMake module files
[43.752s] [34mcolcon.colcon_core.event_handler.log_command[0m [1;30mDEBUG[0m [32mInvoked command in 'D:\BAM\AE403-BAM\build\mat_airsim_pub' returned '0': AMENT_PREFIX_PATH=D:\BAM\AE403-BAM\install\ros_msg_iface;%AMENT_PREFIX_PATH% CMAKE_PREFIX_PATH=D:\BAM\AE403-BAM\install\ros_msg_iface;%CMAKE_PREFIX_PATH% PIXI_PROMPT=(robostack:jazzy) C:\Users\SirSi\robostack\.pixi\envs\jazzy\Library\bin\cmake.EXE --install D:\BAM\AE403-BAM\build\mat_airsim_pub --config Release[0m
[43.754s] [34mcolcon.colcon_core.environment[0m [1;30mLevel 1[0m checking 'D:\BAM\AE403-BAM\install\mat_airsim_pub' for CMake config files
[43.755s] [34mcolcon.colcon_core.shell[0m [1;30mLevel 1[0m create_environment_hook('mat_airsim_pub', 'cmake_prefix_path')
[43.755s] [34mcolcon.colcon_core.shell[0m [1;30mINFO[0m Creating environment hook 'D:\BAM\AE403-BAM\install\mat_airsim_pub\share\mat_airsim_pub\hook\cmake_prefix_path.ps1'
[43.756s] [34mcolcon.colcon_core.shell[0m [1;30mINFO[0m Creating environment hook 'D:\BAM\AE403-BAM\install\mat_airsim_pub\share\mat_airsim_pub\hook\cmake_prefix_path.bat'
[43.757s] [34mcolcon.colcon_core.shell[0m [1;30mINFO[0m Creating environment descriptor 'D:\BAM\AE403-BAM\install\mat_airsim_pub\share\mat_airsim_pub\hook\cmake_prefix_path.dsv'
[43.758s] [34mcolcon.colcon_core.environment[0m [1;30mLevel 1[0m checking 'D:\BAM\AE403-BAM\install\mat_airsim_pub\bin'
[43.759s] [34mcolcon.colcon_core.environment[0m [1;30mLevel 1[0m checking 'D:\BAM\AE403-BAM\install\mat_airsim_pub\bin'
[43.759s] [34mcolcon.colcon_core.environment[0m [1;30mLevel 1[0m checking 'D:\BAM\AE403-BAM\install\mat_airsim_pub\lib\pkgconfig\mat_airsim_pub.pc'
[43.759s] [34mcolcon.colcon_core.environment[0m [1;30mLevel 1[0m checking 'D:\BAM\AE403-BAM\install\mat_airsim_pub\Lib\site-packages'
[43.759s] [34mcolcon.colcon_core.environment[0m [1;30mLevel 1[0m checking 'D:\BAM\AE403-BAM\install\mat_airsim_pub\Scripts'
[43.759s] [34mcolcon.colcon_core.shell[0m [1;30mINFO[0m Creating package script 'D:\BAM\AE403-BAM\install\mat_airsim_pub\share\mat_airsim_pub\package.ps1'
[43.761s] [34mcolcon.colcon_core.shell[0m [1;30mINFO[0m Creating package script 'D:\BAM\AE403-BAM\install\mat_airsim_pub\share\mat_airsim_pub\package.bat'
[43.763s] [34mcolcon.colcon_core.shell[0m [1;30mINFO[0m Creating package descriptor 'D:\BAM\AE403-BAM\install\mat_airsim_pub\share\mat_airsim_pub\package.dsv'
[43.764s] [34mcolcon.colcon_core.environment[0m [1;30mLevel 1[0m create_file_with_runtime_dependencies(D:\BAM\AE403-BAM\install\mat_airsim_pub\share\colcon-core\packages\mat_airsim_pub)
[43.765s] [34mcolcon.colcon_core.environment[0m [1;30mLevel 1[0m create_environment_scripts_only(mat_airsim_pub)
[43.765s] [34mcolcon.colcon_core.environment[0m [1;30mLevel 1[0m checking 'D:\BAM\AE403-BAM\install\mat_airsim_pub' for CMake module files
[43.765s] [34mcolcon.colcon_core.environment[0m [1;30mLevel 1[0m checking 'D:\BAM\AE403-BAM\install\mat_airsim_pub' for CMake config files
[43.767s] [34mcolcon.colcon_core.shell[0m [1;30mLevel 1[0m create_environment_hook('mat_airsim_pub', 'cmake_prefix_path')
[43.767s] [34mcolcon.colcon_core.shell[0m [1;30mINFO[0m Creating environment hook 'D:\BAM\AE403-BAM\install\mat_airsim_pub\share\mat_airsim_pub\hook\cmake_prefix_path.ps1'
[43.768s] [34mcolcon.colcon_core.shell[0m [1;30mINFO[0m Creating environment hook 'D:\BAM\AE403-BAM\install\mat_airsim_pub\share\mat_airsim_pub\hook\cmake_prefix_path.bat'
[43.768s] [34mcolcon.colcon_core.shell[0m [1;30mINFO[0m Creating environment descriptor 'D:\BAM\AE403-BAM\install\mat_airsim_pub\share\mat_airsim_pub\hook\cmake_prefix_path.dsv'
[43.769s] [34mcolcon.colcon_core.environment[0m [1;30mLevel 1[0m checking 'D:\BAM\AE403-BAM\install\mat_airsim_pub\bin'
[43.769s] [34mcolcon.colcon_core.environment[0m [1;30mLevel 1[0m checking 'D:\BAM\AE403-BAM\install\mat_airsim_pub\bin'
[43.769s] [34mcolcon.colcon_core.environment[0m [1;30mLevel 1[0m checking 'D:\BAM\AE403-BAM\install\mat_airsim_pub\lib\pkgconfig\mat_airsim_pub.pc'
[43.769s] [34mcolcon.colcon_core.environment[0m [1;30mLevel 1[0m checking 'D:\BAM\AE403-BAM\install\mat_airsim_pub\Lib\site-packages'
[43.769s] [34mcolcon.colcon_core.environment[0m [1;30mLevel 1[0m checking 'D:\BAM\AE403-BAM\install\mat_airsim_pub\Scripts'
[43.770s] [34mcolcon.colcon_core.shell[0m [1;30mINFO[0m Creating package script 'D:\BAM\AE403-BAM\install\mat_airsim_pub\share\mat_airsim_pub\package.ps1'
[43.770s] [34mcolcon.colcon_core.shell[0m [1;30mINFO[0m Creating package script 'D:\BAM\AE403-BAM\install\mat_airsim_pub\share\mat_airsim_pub\package.bat'
[43.771s] [34mcolcon.colcon_core.shell[0m [1;30mINFO[0m Creating package descriptor 'D:\BAM\AE403-BAM\install\mat_airsim_pub\share\mat_airsim_pub\package.dsv'
[43.772s] [34mcolcon.colcon_core.environment[0m [1;30mLevel 1[0m create_file_with_runtime_dependencies(D:\BAM\AE403-BAM\install\mat_airsim_pub\share\colcon-core\packages\mat_airsim_pub)
[46.012s] [34mcolcon.colcon_core.event_handler.log_command[0m [1;30mDEBUG[0m [32mInvoked command in 'D:\BAM\AE403-BAM\build\bam_2_airsim_pkg' returned '0': CL=/MP PIXI_PROMPT=(robostack:jazzy) C:\Users\SirSi\robostack\.pixi\envs\jazzy\Library\bin\cmake.EXE --build D:\BAM\AE403-BAM\build\bam_2_airsim_pkg --config Release[0m
[46.013s] [34mcolcon.colcon_core.event_handler.log_command[0m [1;30mDEBUG[0m [32mInvoking command in 'D:\BAM\AE403-BAM\build\bam_2_airsim_pkg': PIXI_PROMPT=(robostack:jazzy) C:\Users\SirSi\robostack\.pixi\envs\jazzy\Library\bin\cmake.EXE --install D:\BAM\AE403-BAM\build\bam_2_airsim_pkg --config Release[0m
[46.330s] [34mcolcon.colcon_core.environment[0m [1;30mLevel 1[0m create_environment_scripts_only(bam_2_airsim_pkg)
[46.331s] [34mcolcon.colcon_core.environment[0m [1;30mLevel 1[0m checking 'D:\BAM\AE403-BAM\install\bam_2_airsim_pkg' for CMake module files
[46.331s] [34mcolcon.colcon_core.event_handler.log_command[0m [1;30mDEBUG[0m [32mInvoked command in 'D:\BAM\AE403-BAM\build\bam_2_airsim_pkg' returned '0': PIXI_PROMPT=(robostack:jazzy) C:\Users\SirSi\robostack\.pixi\envs\jazzy\Library\bin\cmake.EXE --install D:\BAM\AE403-BAM\build\bam_2_airsim_pkg --config Release[0m
[46.332s] [34mcolcon.colcon_core.environment[0m [1;30mLevel 1[0m checking 'D:\BAM\AE403-BAM\install\bam_2_airsim_pkg' for CMake config files
[46.333s] [34mcolcon.colcon_core.shell[0m [1;30mLevel 1[0m create_environment_hook('bam_2_airsim_pkg', 'cmake_prefix_path')
[46.333s] [34mcolcon.colcon_core.shell[0m [1;30mINFO[0m Creating environment hook 'D:\BAM\AE403-BAM\install\bam_2_airsim_pkg\share\bam_2_airsim_pkg\hook\cmake_prefix_path.ps1'
[46.334s] [34mcolcon.colcon_core.shell[0m [1;30mINFO[0m Creating environment hook 'D:\BAM\AE403-BAM\install\bam_2_airsim_pkg\share\bam_2_airsim_pkg\hook\cmake_prefix_path.bat'
[46.335s] [34mcolcon.colcon_core.shell[0m [1;30mINFO[0m Creating environment descriptor 'D:\BAM\AE403-BAM\install\bam_2_airsim_pkg\share\bam_2_airsim_pkg\hook\cmake_prefix_path.dsv'
[46.335s] [34mcolcon.colcon_core.environment[0m [1;30mLevel 1[0m checking 'D:\BAM\AE403-BAM\install\bam_2_airsim_pkg\bin'
[46.335s] [34mcolcon.colcon_core.environment[0m [1;30mLevel 1[0m checking 'D:\BAM\AE403-BAM\install\bam_2_airsim_pkg\bin'
[46.336s] [34mcolcon.colcon_core.environment[0m [1;30mLevel 1[0m checking 'D:\BAM\AE403-BAM\install\bam_2_airsim_pkg\lib\pkgconfig\bam_2_airsim_pkg.pc'
[46.336s] [34mcolcon.colcon_core.environment[0m [1;30mLevel 1[0m checking 'D:\BAM\AE403-BAM\install\bam_2_airsim_pkg\Lib\site-packages'
[46.336s] [34mcolcon.colcon_core.environment[0m [1;30mLevel 1[0m checking 'D:\BAM\AE403-BAM\install\bam_2_airsim_pkg\Scripts'
[46.336s] [34mcolcon.colcon_core.shell[0m [1;30mINFO[0m Creating package script 'D:\BAM\AE403-BAM\install\bam_2_airsim_pkg\share\bam_2_airsim_pkg\package.ps1'
[46.337s] [34mcolcon.colcon_core.shell[0m [1;30mINFO[0m Creating package script 'D:\BAM\AE403-BAM\install\bam_2_airsim_pkg\share\bam_2_airsim_pkg\package.bat'
[46.337s] [34mcolcon.colcon_core.shell[0m [1;30mINFO[0m Creating package descriptor 'D:\BAM\AE403-BAM\install\bam_2_airsim_pkg\share\bam_2_airsim_pkg\package.dsv'
[46.338s] [34mcolcon.colcon_core.environment[0m [1;30mLevel 1[0m create_file_with_runtime_dependencies(D:\BAM\AE403-BAM\install\bam_2_airsim_pkg\share\colcon-core\packages\bam_2_airsim_pkg)
[46.339s] [34mcolcon.colcon_core.environment[0m [1;30mLevel 1[0m create_environment_scripts_only(bam_2_airsim_pkg)
[46.339s] [34mcolcon.colcon_core.environment[0m [1;30mLevel 1[0m checking 'D:\BAM\AE403-BAM\install\bam_2_airsim_pkg' for CMake module files
[46.340s] [34mcolcon.colcon_core.environment[0m [1;30mLevel 1[0m checking 'D:\BAM\AE403-BAM\install\bam_2_airsim_pkg' for CMake config files
[46.340s] [34mcolcon.colcon_core.shell[0m [1;30mLevel 1[0m create_environment_hook('bam_2_airsim_pkg', 'cmake_prefix_path')
[46.340s] [34mcolcon.colcon_core.shell[0m [1;30mINFO[0m Creating environment hook 'D:\BAM\AE403-BAM\install\bam_2_airsim_pkg\share\bam_2_airsim_pkg\hook\cmake_prefix_path.ps1'
[46.341s] [34mcolcon.colcon_core.shell[0m [1;30mINFO[0m Creating environment hook 'D:\BAM\AE403-BAM\install\bam_2_airsim_pkg\share\bam_2_airsim_pkg\hook\cmake_prefix_path.bat'
[46.342s] [34mcolcon.colcon_core.shell[0m [1;30mINFO[0m Creating environment descriptor 'D:\BAM\AE403-BAM\install\bam_2_airsim_pkg\share\bam_2_airsim_pkg\hook\cmake_prefix_path.dsv'
[46.342s] [34mcolcon.colcon_core.environment[0m [1;30mLevel 1[0m checking 'D:\BAM\AE403-BAM\install\bam_2_airsim_pkg\bin'
[46.342s] [34mcolcon.colcon_core.environment[0m [1;30mLevel 1[0m checking 'D:\BAM\AE403-BAM\install\bam_2_airsim_pkg\bin'
[46.342s] [34mcolcon.colcon_core.environment[0m [1;30mLevel 1[0m checking 'D:\BAM\AE403-BAM\install\bam_2_airsim_pkg\lib\pkgconfig\bam_2_airsim_pkg.pc'
[46.343s] [34mcolcon.colcon_core.environment[0m [1;30mLevel 1[0m checking 'D:\BAM\AE403-BAM\install\bam_2_airsim_pkg\Lib\site-packages'
[46.343s] [34mcolcon.colcon_core.environment[0m [1;30mLevel 1[0m checking 'D:\BAM\AE403-BAM\install\bam_2_airsim_pkg\Scripts'
[46.343s] [34mcolcon.colcon_core.shell[0m [1;30mINFO[0m Creating package script 'D:\BAM\AE403-BAM\install\bam_2_airsim_pkg\share\bam_2_airsim_pkg\package.ps1'
[46.343s] [34mcolcon.colcon_core.shell[0m [1;30mINFO[0m Creating package script 'D:\BAM\AE403-BAM\install\bam_2_airsim_pkg\share\bam_2_airsim_pkg\package.bat'
[46.344s] [34mcolcon.colcon_core.shell[0m [1;30mINFO[0m Creating package descriptor 'D:\BAM\AE403-BAM\install\bam_2_airsim_pkg\share\bam_2_airsim_pkg\package.dsv'
[46.345s] [34mcolcon.colcon_core.environment[0m [1;30mLevel 1[0m create_file_with_runtime_dependencies(D:\BAM\AE403-BAM\install\bam_2_airsim_pkg\share\colcon-core\packages\bam_2_airsim_pkg)
[46.345s] [34mcolcon.colcon_parallel_executor.executor.parallel[0m [1;30mDEBUG[0m [32mclosing loop[0m
[46.346s] [34mcolcon.colcon_parallel_executor.executor.parallel[0m [1;30mDEBUG[0m [32mloop closed[0m
[46.346s] [34mcolcon.colcon_parallel_executor.executor.parallel[0m [1;30mDEBUG[0m [32mrun_until_complete finished with '0'[0m
[46.346s] [34mcolcon.colcon_core.event_reactor[0m [1;30mDEBUG[0m [32mjoining thread[0m
[46.427s] [34mcolcon.colcon_core.plugin_system[0m [1;30mINFO[0m Skipping extension 'colcon_notification.desktop_notification.notify2': 'notify2' not found
[46.427s] [34mcolcon.colcon_core.plugin_system[0m [1;30mINFO[0m Skipping extension 'colcon_notification.desktop_notification.notify_send': Not used on non-Linux systems
[46.427s] [34mcolcon.colcon_core.plugin_system[0m [1;30mINFO[0m Skipping extension 'colcon_notification.desktop_notification.terminal_notifier': Not used on non-Darwin systems
[46.427s] [34mcolcon.colcon_notification.desktop_notification[0m [1;30mINFO[0m Sending desktop notification using 'win32'
[51.593s] [34mcolcon.colcon_core.event_reactor[0m [1;30mDEBUG[0m [32mjoined thread[0m
[51.593s] [34mcolcon.colcon_core.shell[0m [1;30mINFO[0m Creating prefix script 'D:\BAM\AE403-BAM\install\local_setup.ps1'
[51.613s] [34mcolcon.colcon_core.shell[0m [1;30mINFO[0m Creating prefix util module 'D:\BAM\AE403-BAM\install\_local_setup_util_ps1.py'
[51.634s] [34mcolcon.colcon_core.shell[0m [1;30mINFO[0m Creating prefix chain script 'D:\BAM\AE403-BAM\install\setup.ps1'
[51.660s] [34mcolcon.colcon_core.shell[0m [1;30mINFO[0m Creating prefix script 'D:\BAM\AE403-BAM\install\local_setup.bat'
[51.685s] [34mcolcon.colcon_core.shell[0m [1;30mINFO[0m Creating prefix util module 'D:\BAM\AE403-BAM\install\_local_setup_util_bat.py'
[51.686s] [34mcolcon.colcon_core.shell[0m [1;30mINFO[0m Creating prefix chain script 'D:\BAM\AE403-BAM\install\setup.bat'
